#-----------------------------------------------------------
# Vivado v2025.2 (64-bit)
# SW Build 6299465 on Fri Nov 14 12:34:56 MST 2025
# IP Build 6300035 on Fri Nov 14 10:48:45 MST 2025
# SharedData Build 6298862 on Thu Nov 13 04:50:51 MST 2025
# Start of session at: Thu Jun  4 16:41:17 2026
# Process ID         : 232314
# Current directory  : /home/victor/open_baseband/openasip/custom_units/LDPC/LDPC_decoder/new
# Command line       : vivado project_1.xpr
# Log file           : /home/victor/open_baseband/openasip/custom_units/LDPC/LDPC_decoder/new/vivado.log
# Journal file       : /home/victor/open_baseband/openasip/custom_units/LDPC/LDPC_decoder/new/vivado.jou
# Running On         : victor-IdeaPad-Slim-3-15ARP10
# Platform           : Ubuntu
# Operating System   : Ubuntu 24.04.4 LTS
# Processor Detail   : AMD Ryzen 7 7735HS with Radeon Graphics
# CPU Frequency      : 4566.425 MHz
# CPU Physical cores : 8
# CPU Logical cores  : 16
# Host memory        : 14319 MB
# Swap memory        : 7999 MB
# Total Virtual      : 22319 MB
# Available Virtual  : 16206 MB
#-----------------------------------------------------------
start_gui
WARNING: [Board 49-26] cannot add Board Part xilinx.com:kc705:part0:1.6 available at /opt/Xilinx/2025.2/data/xhub/boards/XilinxBoardStore/boards/Xilinx/kc705/1.6/board.xml as part xc7k325tffg900-2 specified in board_part file is either invalid or not available
WARNING: [Board 49-26] cannot add Board Part xilinx.com:kc705:part0:1.7 available at /opt/Xilinx/2025.2/data/xhub/boards/XilinxBoardStore/boards/Xilinx/kc705/1.7/board.xml as part xc7k325tffg900-2 specified in board_part file is either invalid or not available
WARNING: [Board 49-26] cannot add Board Part xilinx.com:kcu105:part0:1.6 available at /opt/Xilinx/2025.2/data/xhub/boards/XilinxBoardStore/boards/Xilinx/kcu105/1.6/board.xml as part xcku040-ffva1156-2-e specified in board_part file is either invalid or not available
WARNING: [Board 49-26] cannot add Board Part xilinx.com:kcu105:part0:1.7 available at /opt/Xilinx/2025.2/data/xhub/boards/XilinxBoardStore/boards/Xilinx/kcu105/1.7/board.xml as part xcku040-ffva1156-2-e specified in board_part file is either invalid or not available
WARNING: [Board 49-26] cannot add Board Part xilinx.com:vc707:part0:1.4 available at /opt/Xilinx/2025.2/data/xhub/boards/XilinxBoardStore/boards/Xilinx/vc707/1.4/board.xml as part xc7vx485tffg1761-2 specified in board_part file is either invalid or not available
WARNING: [Board 49-26] cannot add Board Part xilinx.com:vc707:part0:1.5 available at /opt/Xilinx/2025.2/data/xhub/boards/XilinxBoardStore/boards/Xilinx/vc707/1.5/board.xml as part xc7vx485tffg1761-2 specified in board_part file is either invalid or not available
WARNING: [Board 49-26] cannot add Board Part xilinx.com:vc709:part0:1.8 available at /opt/Xilinx/2025.2/data/xhub/boards/XilinxBoardStore/boards/Xilinx/vc709/1.8/board.xml as part xc7vx690tffg1761-2 specified in board_part file is either invalid or not available
WARNING: [Board 49-26] cannot add Board Part xilinx.com:vcu108:part0:1.6 available at /opt/Xilinx/2025.2/data/xhub/boards/XilinxBoardStore/boards/Xilinx/vcu108/1.6/board.xml as part xcvu095-ffva2104-2-e specified in board_part file is either invalid or not available
WARNING: [Board 49-26] cannot add Board Part xilinx.com:vcu108:part0:1.7 available at /opt/Xilinx/2025.2/data/xhub/boards/XilinxBoardStore/boards/Xilinx/vcu108/1.7/board.xml as part xcvu095-ffva2104-2-e specified in board_part file is either invalid or not available
WARNING: [Board 49-26] cannot add Board Part xilinx.com:vcu110:part0:1.4 available at /opt/Xilinx/2025.2/data/xhub/boards/XilinxBoardStore/boards/Xilinx/vcu110/1.4/board.xml as part xcvu190-flgc2104-2-e specified in board_part file is either invalid or not available
WARNING: [Board 49-26] cannot add Board Part xilinx.com:vcu129:part0:1.0 available at /opt/Xilinx/2025.2/data/xhub/boards/XilinxBoardStore/boards/Xilinx/vcu129/production/1.0/board.xml as part xcvu29p-fsga2577-2l-e specified in board_part file is either invalid or not available
WARNING: [Board 49-26] cannot add Board Part xilinx.com:vek280:part0:1.0 available at /opt/Xilinx/2025.2/data/xhub/boards/XilinxBoardStore/boards/Xilinx/vek280/production/1.0/board.xml as part xcve2802-vsvh1760-2mp-e-s specified in board_part file is either invalid or not available
WARNING: [Board 49-26] cannot add Board Part xilinx.com:vek280:part0:1.1 available at /opt/Xilinx/2025.2/data/xhub/boards/XilinxBoardStore/boards/Xilinx/vek280/production/1.1/board.xml as part xcve2802-vsvh1760-2mp-e-s specified in board_part file is either invalid or not available
WARNING: [Board 49-26] cannot add Board Part xilinx.com:vek280:part0:1.2 available at /opt/Xilinx/2025.2/data/xhub/boards/XilinxBoardStore/boards/Xilinx/vek280/production/1.2/board.xml as part xcve2802-vsvh1760-2mp-e-s specified in board_part file is either invalid or not available
WARNING: [Board 49-26] cannot add Board Part xilinx.com:vek385:part0:1.0 available at /opt/Xilinx/2025.2/data/xhub/boards/XilinxBoardStore/boards/Xilinx/vek385/1.0/board.xml as part xc2ve3858-ssva2112-2mp-e-s specified in board_part file is either invalid or not available
WARNING: [Board 49-26] cannot add Board Part xilinx.com:vek385:part0:1.1 available at /opt/Xilinx/2025.2/data/xhub/boards/XilinxBoardStore/boards/Xilinx/vek385/1.1/board.xml as part xc2ve3858-ssva2112-2mp-e-s specified in board_part file is either invalid or not available
WARNING: [Board 49-26] cannot add Board Part xilinx.com:vek385_1:part0:1.0 available at /opt/Xilinx/2025.2/data/xhub/boards/XilinxBoardStore/boards/Xilinx/vek385_2/1.0/board.xml as part xc2ve3858-ssva2112-2mp-e-s specified in board_part file is either invalid or not available
WARNING: [Board 49-26] cannot add Board Part xilinx.com:vermeo_t1_rfsoc:part0:1.0 available at /opt/Xilinx/2025.2/data/xhub/boards/XilinxBoardStore/boards/Xilinx/vermeo_t1_rfsoc/1.0/board.xml as part xczu21dr-ffvd1156-2l-e specified in board_part file is either invalid or not available
WARNING: [Board 49-26] cannot add Board Part xilinx.com:vhk158:part0:1.0 available at /opt/Xilinx/2025.2/data/xhub/boards/XilinxBoardStore/boards/Xilinx/vhk158/production/1.0/board.xml as part xcvh1582-vsva3697-2mp-e-s specified in board_part file is either invalid or not available
WARNING: [Board 49-26] cannot add Board Part xilinx.com:vhk158:part0:1.1 available at /opt/Xilinx/2025.2/data/xhub/boards/XilinxBoardStore/boards/Xilinx/vhk158/production/1.1/board.xml as part xcvh1582-vsva3697-2mp-e-s specified in board_part file is either invalid or not available
WARNING: [Board 49-26] cannot add Board Part xilinx.com:vhk158:part0:1.2 available at /opt/Xilinx/2025.2/data/xhub/boards/XilinxBoardStore/boards/Xilinx/vhk158/production/1.2/board.xml as part xcvh1582-vsva3697-2mp-e-s specified in board_part file is either invalid or not available
WARNING: [Board 49-26] cannot add Board Part xilinx.com:vpk180:part0:1.0 available at /opt/Xilinx/2025.2/data/xhub/boards/XilinxBoardStore/boards/Xilinx/vpk180/production/1.0/board.xml as part xcvp1802-lsvc4072-2mp-e-s specified in board_part file is either invalid or not available
WARNING: [Board 49-26] cannot add Board Part xilinx.com:vpk180:part0:1.1 available at /opt/Xilinx/2025.2/data/xhub/boards/XilinxBoardStore/boards/Xilinx/vpk180/production/1.1/board.xml as part xcvp1802-lsvc4072-2mp-e-s specified in board_part file is either invalid or not available
WARNING: [Board 49-26] cannot add Board Part xilinx.com:vpk180:part0:1.2 available at /opt/Xilinx/2025.2/data/xhub/boards/XilinxBoardStore/boards/Xilinx/vpk180/production/1.2/board.xml as part xcvp1802-lsvc4072-2mp-e-s specified in board_part file is either invalid or not available
WARNING: [Board 49-26] cannot add Board Part xilinx.com:vrk160:part0:1.0 available at /opt/Xilinx/2025.2/data/xhub/boards/XilinxBoardStore/boards/Xilinx/vrk160/1.0/board.xml as part xcvr1602-vsva2488-2mp-e-s-es1 specified in board_part file is either invalid or not available
WARNING: [Board 49-26] cannot add Board Part xilinx.com:vrk160:part0:1.1 available at /opt/Xilinx/2025.2/data/xhub/boards/XilinxBoardStore/boards/Xilinx/vrk160/1.1/board.xml as part xcvr1602-vsva2488-2mp-e-s-es1 specified in board_part file is either invalid or not available
WARNING: [Board 49-26] cannot add Board Part xilinx.com:zcu111:part0:1.2 available at /opt/Xilinx/2025.2/data/xhub/boards/XilinxBoardStore/boards/Xilinx/zcu111/1.2/board.xml as part xczu28dr-ffvg1517-2-e specified in board_part file is either invalid or not available
WARNING: [Board 49-26] cannot add Board Part xilinx.com:zcu111:part0:1.3 available at /opt/Xilinx/2025.2/data/xhub/boards/XilinxBoardStore/boards/Xilinx/zcu111/1.3/board.xml as part xczu28dr-ffvg1517-2-e specified in board_part file is either invalid or not available
WARNING: [Board 49-26] cannot add Board Part xilinx.com:zcu111:part0:1.4 available at /opt/Xilinx/2025.2/data/xhub/boards/XilinxBoardStore/boards/Xilinx/zcu111/1.4/board.xml as part xczu28dr-ffvg1517-2-e specified in board_part file is either invalid or not available
WARNING: [Board 49-26] cannot add Board Part xilinx.com:zcu1275:part0:1.0 available at /opt/Xilinx/2025.2/data/xhub/boards/XilinxBoardStore/boards/Xilinx/zcu1275/1.0/board.xml as part xczu29dr-ffvf1760-2-e specified in board_part file is either invalid or not available
WARNING: [Board 49-26] cannot add Board Part xilinx.com:zcu1285:part0:1.0 available at /opt/Xilinx/2025.2/data/xhub/boards/XilinxBoardStore/boards/Xilinx/zcu1285/1.0/board.xml as part xczu39dr-ffvf1760-2-i specified in board_part file is either invalid or not available
WARNING: [Board 49-26] cannot add Board Part xilinx.com:zcu208:part0:2.0 available at /opt/Xilinx/2025.2/data/xhub/boards/XilinxBoardStore/boards/Xilinx/zcu208/production/2.0/board.xml as part xczu48dr-fsvg1517-2-e specified in board_part file is either invalid or not available
WARNING: [Board 49-26] cannot add Board Part xilinx.com:zcu208ld:part0:2.0 available at /opt/Xilinx/2025.2/data/xhub/boards/XilinxBoardStore/boards/Xilinx/zcu208ld/production/2.0/board.xml as part xczu58dr-fsvg1517-2-i specified in board_part file is either invalid or not available
WARNING: [Board 49-26] cannot add Board Part xilinx.com:zcu216:part0:2.0 available at /opt/Xilinx/2025.2/data/xhub/boards/XilinxBoardStore/boards/Xilinx/zcu216/production/2.0/board.xml as part xczu49dr-ffvf1760-2-e specified in board_part file is either invalid or not available
WARNING: [Board 49-26] cannot add Board Part xilinx.com:zcu216ld:part0:2.0 available at /opt/Xilinx/2025.2/data/xhub/boards/XilinxBoardStore/boards/Xilinx/zcu216ld/production/2.0/board.xml as part xczu59dr-ffvf1760-2-i specified in board_part file is either invalid or not available
WARNING: [Board 49-26] cannot add Board Part xilinx.com:zcu670:part0:2.0 available at /opt/Xilinx/2025.2/data/xhub/boards/XilinxBoardStore/boards/Xilinx/zcu670/2.0/board.xml as part xczu67dr-fsve1156-2-i specified in board_part file is either invalid or not available
WARNING: [Board 49-26] cannot add Board Part xilinx.com:zcu670ld:part0:1.0 available at /opt/Xilinx/2025.2/data/xhub/boards/XilinxBoardStore/boards/Xilinx/zcu670ld/1.0/board.xml as part xczu57dr-fsve1156-2-i specified in board_part file is either invalid or not available
open_project project_1.xpr
INFO: [filemgmt 56-3] Default IP Output Path : Could not find the directory '/home/victor/open_baseband/openasip/custom_units/LDPC/LDPC_decoder/new/project_1.gen/sources_1'.
Scanning sources...
Finished scanning sources
WARNING: [Board 49-26] cannot add Board Part xilinx.com:kc705:part0:1.6 available at /opt/Xilinx/2025.2/data/xhub/boards/XilinxBoardStore/boards/Xilinx/kc705/1.6/board.xml as part xc7k325tffg900-2 specified in board_part file is either invalid or not available
WARNING: [Board 49-26] cannot add Board Part xilinx.com:kc705:part0:1.7 available at /opt/Xilinx/2025.2/data/xhub/boards/XilinxBoardStore/boards/Xilinx/kc705/1.7/board.xml as part xc7k325tffg900-2 specified in board_part file is either invalid or not available
WARNING: [Board 49-26] cannot add Board Part xilinx.com:kcu105:part0:1.6 available at /opt/Xilinx/2025.2/data/xhub/boards/XilinxBoardStore/boards/Xilinx/kcu105/1.6/board.xml as part xcku040-ffva1156-2-e specified in board_part file is either invalid or not available
WARNING: [Board 49-26] cannot add Board Part xilinx.com:kcu105:part0:1.7 available at /opt/Xilinx/2025.2/data/xhub/boards/XilinxBoardStore/boards/Xilinx/kcu105/1.7/board.xml as part xcku040-ffva1156-2-e specified in board_part file is either invalid or not available
WARNING: [Board 49-26] cannot add Board Part xilinx.com:vc707:part0:1.4 available at /opt/Xilinx/2025.2/data/xhub/boards/XilinxBoardStore/boards/Xilinx/vc707/1.4/board.xml as part xc7vx485tffg1761-2 specified in board_part file is either invalid or not available
WARNING: [Board 49-26] cannot add Board Part xilinx.com:vc707:part0:1.5 available at /opt/Xilinx/2025.2/data/xhub/boards/XilinxBoardStore/boards/Xilinx/vc707/1.5/board.xml as part xc7vx485tffg1761-2 specified in board_part file is either invalid or not available
WARNING: [Board 49-26] cannot add Board Part xilinx.com:vc709:part0:1.8 available at /opt/Xilinx/2025.2/data/xhub/boards/XilinxBoardStore/boards/Xilinx/vc709/1.8/board.xml as part xc7vx690tffg1761-2 specified in board_part file is either invalid or not available
WARNING: [Board 49-26] cannot add Board Part xilinx.com:vcu108:part0:1.6 available at /opt/Xilinx/2025.2/data/xhub/boards/XilinxBoardStore/boards/Xilinx/vcu108/1.6/board.xml as part xcvu095-ffva2104-2-e specified in board_part file is either invalid or not available
WARNING: [Board 49-26] cannot add Board Part xilinx.com:vcu108:part0:1.7 available at /opt/Xilinx/2025.2/data/xhub/boards/XilinxBoardStore/boards/Xilinx/vcu108/1.7/board.xml as part xcvu095-ffva2104-2-e specified in board_part file is either invalid or not available
WARNING: [Board 49-26] cannot add Board Part xilinx.com:vcu110:part0:1.4 available at /opt/Xilinx/2025.2/data/xhub/boards/XilinxBoardStore/boards/Xilinx/vcu110/1.4/board.xml as part xcvu190-flgc2104-2-e specified in board_part file is either invalid or not available
WARNING: [Board 49-26] cannot add Board Part xilinx.com:vcu129:part0:1.0 available at /opt/Xilinx/2025.2/data/xhub/boards/XilinxBoardStore/boards/Xilinx/vcu129/production/1.0/board.xml as part xcvu29p-fsga2577-2l-e specified in board_part file is either invalid or not available
WARNING: [Board 49-26] cannot add Board Part xilinx.com:vek280:part0:1.0 available at /opt/Xilinx/2025.2/data/xhub/boards/XilinxBoardStore/boards/Xilinx/vek280/production/1.0/board.xml as part xcve2802-vsvh1760-2mp-e-s specified in board_part file is either invalid or not available
WARNING: [Board 49-26] cannot add Board Part xilinx.com:vek280:part0:1.1 available at /opt/Xilinx/2025.2/data/xhub/boards/XilinxBoardStore/boards/Xilinx/vek280/production/1.1/board.xml as part xcve2802-vsvh1760-2mp-e-s specified in board_part file is either invalid or not available
WARNING: [Board 49-26] cannot add Board Part xilinx.com:vek280:part0:1.2 available at /opt/Xilinx/2025.2/data/xhub/boards/XilinxBoardStore/boards/Xilinx/vek280/production/1.2/board.xml as part xcve2802-vsvh1760-2mp-e-s specified in board_part file is either invalid or not available
WARNING: [Board 49-26] cannot add Board Part xilinx.com:vek385:part0:1.0 available at /opt/Xilinx/2025.2/data/xhub/boards/XilinxBoardStore/boards/Xilinx/vek385/1.0/board.xml as part xc2ve3858-ssva2112-2mp-e-s specified in board_part file is either invalid or not available
WARNING: [Board 49-26] cannot add Board Part xilinx.com:vek385:part0:1.1 available at /opt/Xilinx/2025.2/data/xhub/boards/XilinxBoardStore/boards/Xilinx/vek385/1.1/board.xml as part xc2ve3858-ssva2112-2mp-e-s specified in board_part file is either invalid or not available
WARNING: [Board 49-26] cannot add Board Part xilinx.com:vek385_1:part0:1.0 available at /opt/Xilinx/2025.2/data/xhub/boards/XilinxBoardStore/boards/Xilinx/vek385_2/1.0/board.xml as part xc2ve3858-ssva2112-2mp-e-s specified in board_part file is either invalid or not available
WARNING: [Board 49-26] cannot add Board Part xilinx.com:vermeo_t1_rfsoc:part0:1.0 available at /opt/Xilinx/2025.2/data/xhub/boards/XilinxBoardStore/boards/Xilinx/vermeo_t1_rfsoc/1.0/board.xml as part xczu21dr-ffvd1156-2l-e specified in board_part file is either invalid or not available
WARNING: [Board 49-26] cannot add Board Part xilinx.com:vhk158:part0:1.0 available at /opt/Xilinx/2025.2/data/xhub/boards/XilinxBoardStore/boards/Xilinx/vhk158/production/1.0/board.xml as part xcvh1582-vsva3697-2mp-e-s specified in board_part file is either invalid or not available
WARNING: [Board 49-26] cannot add Board Part xilinx.com:vhk158:part0:1.1 available at /opt/Xilinx/2025.2/data/xhub/boards/XilinxBoardStore/boards/Xilinx/vhk158/production/1.1/board.xml as part xcvh1582-vsva3697-2mp-e-s specified in board_part file is either invalid or not available
WARNING: [Board 49-26] cannot add Board Part xilinx.com:vhk158:part0:1.2 available at /opt/Xilinx/2025.2/data/xhub/boards/XilinxBoardStore/boards/Xilinx/vhk158/production/1.2/board.xml as part xcvh1582-vsva3697-2mp-e-s specified in board_part file is either invalid or not available
WARNING: [Board 49-26] cannot add Board Part xilinx.com:vpk180:part0:1.0 available at /opt/Xilinx/2025.2/data/xhub/boards/XilinxBoardStore/boards/Xilinx/vpk180/production/1.0/board.xml as part xcvp1802-lsvc4072-2mp-e-s specified in board_part file is either invalid or not available
WARNING: [Board 49-26] cannot add Board Part xilinx.com:vpk180:part0:1.1 available at /opt/Xilinx/2025.2/data/xhub/boards/XilinxBoardStore/boards/Xilinx/vpk180/production/1.1/board.xml as part xcvp1802-lsvc4072-2mp-e-s specified in board_part file is either invalid or not available
WARNING: [Board 49-26] cannot add Board Part xilinx.com:vpk180:part0:1.2 available at /opt/Xilinx/2025.2/data/xhub/boards/XilinxBoardStore/boards/Xilinx/vpk180/production/1.2/board.xml as part xcvp1802-lsvc4072-2mp-e-s specified in board_part file is either invalid or not available
WARNING: [Board 49-26] cannot add Board Part xilinx.com:vrk160:part0:1.0 available at /opt/Xilinx/2025.2/data/xhub/boards/XilinxBoardStore/boards/Xilinx/vrk160/1.0/board.xml as part xcvr1602-vsva2488-2mp-e-s-es1 specified in board_part file is either invalid or not available
WARNING: [Board 49-26] cannot add Board Part xilinx.com:vrk160:part0:1.1 available at /opt/Xilinx/2025.2/data/xhub/boards/XilinxBoardStore/boards/Xilinx/vrk160/1.1/board.xml as part xcvr1602-vsva2488-2mp-e-s-es1 specified in board_part file is either invalid or not available
WARNING: [Board 49-26] cannot add Board Part xilinx.com:zcu111:part0:1.2 available at /opt/Xilinx/2025.2/data/xhub/boards/XilinxBoardStore/boards/Xilinx/zcu111/1.2/board.xml as part xczu28dr-ffvg1517-2-e specified in board_part file is either invalid or not available
WARNING: [Board 49-26] cannot add Board Part xilinx.com:zcu111:part0:1.3 available at /opt/Xilinx/2025.2/data/xhub/boards/XilinxBoardStore/boards/Xilinx/zcu111/1.3/board.xml as part xczu28dr-ffvg1517-2-e specified in board_part file is either invalid or not available
WARNING: [Board 49-26] cannot add Board Part xilinx.com:zcu111:part0:1.4 available at /opt/Xilinx/2025.2/data/xhub/boards/XilinxBoardStore/boards/Xilinx/zcu111/1.4/board.xml as part xczu28dr-ffvg1517-2-e specified in board_part file is either invalid or not available
WARNING: [Board 49-26] cannot add Board Part xilinx.com:zcu1275:part0:1.0 available at /opt/Xilinx/2025.2/data/xhub/boards/XilinxBoardStore/boards/Xilinx/zcu1275/1.0/board.xml as part xczu29dr-ffvf1760-2-e specified in board_part file is either invalid or not available
WARNING: [Board 49-26] cannot add Board Part xilinx.com:zcu1285:part0:1.0 available at /opt/Xilinx/2025.2/data/xhub/boards/XilinxBoardStore/boards/Xilinx/zcu1285/1.0/board.xml as part xczu39dr-ffvf1760-2-i specified in board_part file is either invalid or not available
WARNING: [Board 49-26] cannot add Board Part xilinx.com:zcu208:part0:2.0 available at /opt/Xilinx/2025.2/data/xhub/boards/XilinxBoardStore/boards/Xilinx/zcu208/production/2.0/board.xml as part xczu48dr-fsvg1517-2-e specified in board_part file is either invalid or not available
WARNING: [Board 49-26] cannot add Board Part xilinx.com:zcu208ld:part0:2.0 available at /opt/Xilinx/2025.2/data/xhub/boards/XilinxBoardStore/boards/Xilinx/zcu208ld/production/2.0/board.xml as part xczu58dr-fsvg1517-2-i specified in board_part file is either invalid or not available
WARNING: [Board 49-26] cannot add Board Part xilinx.com:zcu216:part0:2.0 available at /opt/Xilinx/2025.2/data/xhub/boards/XilinxBoardStore/boards/Xilinx/zcu216/production/2.0/board.xml as part xczu49dr-ffvf1760-2-e specified in board_part file is either invalid or not available
WARNING: [Board 49-26] cannot add Board Part xilinx.com:zcu216ld:part0:2.0 available at /opt/Xilinx/2025.2/data/xhub/boards/XilinxBoardStore/boards/Xilinx/zcu216ld/production/2.0/board.xml as part xczu59dr-ffvf1760-2-i specified in board_part file is either invalid or not available
WARNING: [Board 49-26] cannot add Board Part xilinx.com:zcu670:part0:2.0 available at /opt/Xilinx/2025.2/data/xhub/boards/XilinxBoardStore/boards/Xilinx/zcu670/2.0/board.xml as part xczu67dr-fsve1156-2-i specified in board_part file is either invalid or not available
WARNING: [Board 49-26] cannot add Board Part xilinx.com:zcu670ld:part0:1.0 available at /opt/Xilinx/2025.2/data/xhub/boards/XilinxBoardStore/boards/Xilinx/zcu670ld/1.0/board.xml as part xczu57dr-fsve1156-2-i specified in board_part file is either invalid or not available
INFO: [IP_Flow 19-234] Refreshing IP repositories
INFO: [IP_Flow 19-1704] No user IP repositories specified
INFO: [IP_Flow 19-2313] Loaded Vivado IP repository '/opt/Xilinx/2025.2/data/ip'.
synth_design -top ldpc -part xczu7ev-ffvc1156-2-e -lint 
Command: synth_design -top ldpc -part xczu7ev-ffvc1156-2-e -lint
Starting synth_design
Attempting to get a license for feature 'Synthesis' and/or device 'xczu7ev'
INFO: [Common 17-349] Got license for feature 'Synthesis' and/or device 'xczu7ev'
INFO: [Synth 8-7079] Multithreading enabled for synth_design using a maximum of 7 processes.
INFO: [Synth 8-7078] Launching helper process for spawning children vivado processes
INFO: [Synth 8-7075] Helper process launched with PID 232891
---------------------------------------------------------------------------------
Starting Synthesize : Time (s): cpu = 00:00:04 ; elapsed = 00:00:03 . Memory (MB): peak = 10613.070 ; gain = 448.969 ; free physical = 3453 ; free virtual = 13757
---------------------------------------------------------------------------------
Clean up Linter database...
INFO: [Synth 8-6157] synthesizing module 'ldpc' [/home/victor/open_baseband/openasip/custom_units/LDPC/LDPC_decoder/new/project_1.srcs/sources_1/imports/new/ldpc.v:3]
INFO: [Synth 8-6157] synthesizing module 'cn_core' [/home/victor/open_baseband/openasip/custom_units/LDPC/LDPC_decoder/new/cn_core.v:41]
	Parameter DEGREE bound to: 19 - type: integer 
	Parameter WIDTH bound to: 8 - type: integer 
	Parameter sel_mux_cn_proc_3 bound to: 2'b11 
	Parameter sel_mux_cn_proc_4 bound to: 2'b11 
	Parameter sel_mux_cn_proc_5 bound to: 2'b11 
	Parameter sel_mux_cn_proc_6 bound to: 2'b11 
	Parameter sel_mux_cn_proc_7 bound to: 2'b11 
	Parameter sel_mux_cn_proc_8 bound to: 2'b11 
	Parameter sel_mux_cn_proc_9 bound to: 2'b11 
	Parameter sel_mux_cn_proc_10 bound to: 2'b11 
	Parameter sel_mux_cn_proc_19 bound to: 2'b00 
	Parameter sel_demux_min_0 bound to: 5'b01000 
	Parameter sel_demux_min_1 bound to: 5'b01111 
	Parameter sel_demux_min_2 bound to: 5'b01111 
	Parameter sel_demux_mul_0 bound to: 5'b01000 
	Parameter sel_demux_mul_1 bound to: 5'b01111 
	Parameter sel_demux_mul_2 bound to: 5'b01111 
	Parameter sel_demux_min_30 bound to: 1'b0 
	Parameter sel_demux_min_31 bound to: 1'b0 
	Parameter sel_demux_mul_30 bound to: 1'b0 
	Parameter sel_demux_mul_31 bound to: 1'b0 
INFO: [Synth 8-6157] synthesizing module 'cn_proc' [/home/victor/open_baseband/openasip/custom_units/LDPC/LDPC_decoder/new/cn_proc.v:1]
	Parameter GROUP bound to: 3 - type: integer 
	Parameter WIDTH bound to: 8 - type: integer 
INFO: [Synth 8-6155] done synthesizing module 'cn_proc' (1#1) [/home/victor/open_baseband/openasip/custom_units/LDPC/LDPC_decoder/new/cn_proc.v:1]
INFO: [Synth 8-6157] synthesizing module 'cn_proc__parameterized0' [/home/victor/open_baseband/openasip/custom_units/LDPC/LDPC_decoder/new/cn_proc.v:1]
	Parameter GROUP bound to: 4 - type: integer 
	Parameter WIDTH bound to: 8 - type: integer 
INFO: [Synth 8-6155] done synthesizing module 'cn_proc__parameterized0' (1#1) [/home/victor/open_baseband/openasip/custom_units/LDPC/LDPC_decoder/new/cn_proc.v:1]
INFO: [Synth 8-6157] synthesizing module 'cn_proc__parameterized1' [/home/victor/open_baseband/openasip/custom_units/LDPC/LDPC_decoder/new/cn_proc.v:1]
	Parameter GROUP bound to: 5 - type: integer 
	Parameter WIDTH bound to: 8 - type: integer 
INFO: [Synth 8-6155] done synthesizing module 'cn_proc__parameterized1' (1#1) [/home/victor/open_baseband/openasip/custom_units/LDPC/LDPC_decoder/new/cn_proc.v:1]
INFO: [Synth 8-6157] synthesizing module 'cn_proc__parameterized2' [/home/victor/open_baseband/openasip/custom_units/LDPC/LDPC_decoder/new/cn_proc.v:1]
	Parameter GROUP bound to: 6 - type: integer 
	Parameter WIDTH bound to: 8 - type: integer 
INFO: [Synth 8-6155] done synthesizing module 'cn_proc__parameterized2' (1#1) [/home/victor/open_baseband/openasip/custom_units/LDPC/LDPC_decoder/new/cn_proc.v:1]
INFO: [Synth 8-6157] synthesizing module 'cn_proc__parameterized3' [/home/victor/open_baseband/openasip/custom_units/LDPC/LDPC_decoder/new/cn_proc.v:1]
	Parameter GROUP bound to: 7 - type: integer 
	Parameter WIDTH bound to: 8 - type: integer 
INFO: [Synth 8-6155] done synthesizing module 'cn_proc__parameterized3' (1#1) [/home/victor/open_baseband/openasip/custom_units/LDPC/LDPC_decoder/new/cn_proc.v:1]
INFO: [Synth 8-6157] synthesizing module 'cn_proc__parameterized4' [/home/victor/open_baseband/openasip/custom_units/LDPC/LDPC_decoder/new/cn_proc.v:1]
	Parameter GROUP bound to: 8 - type: integer 
	Parameter WIDTH bound to: 8 - type: integer 
INFO: [Synth 8-6155] done synthesizing module 'cn_proc__parameterized4' (1#1) [/home/victor/open_baseband/openasip/custom_units/LDPC/LDPC_decoder/new/cn_proc.v:1]
INFO: [Synth 8-6157] synthesizing module 'cn_proc__parameterized5' [/home/victor/open_baseband/openasip/custom_units/LDPC/LDPC_decoder/new/cn_proc.v:1]
	Parameter GROUP bound to: 9 - type: integer 
	Parameter WIDTH bound to: 8 - type: integer 
INFO: [Synth 8-6155] done synthesizing module 'cn_proc__parameterized5' (1#1) [/home/victor/open_baseband/openasip/custom_units/LDPC/LDPC_decoder/new/cn_proc.v:1]
INFO: [Synth 8-6157] synthesizing module 'cn_proc__parameterized6' [/home/victor/open_baseband/openasip/custom_units/LDPC/LDPC_decoder/new/cn_proc.v:1]
	Parameter GROUP bound to: 10 - type: integer 
	Parameter WIDTH bound to: 8 - type: integer 
INFO: [Synth 8-6155] done synthesizing module 'cn_proc__parameterized6' (1#1) [/home/victor/open_baseband/openasip/custom_units/LDPC/LDPC_decoder/new/cn_proc.v:1]
INFO: [Synth 8-6157] synthesizing module 'cn_proc__parameterized7' [/home/victor/open_baseband/openasip/custom_units/LDPC/LDPC_decoder/new/cn_proc.v:1]
	Parameter GROUP bound to: 19 - type: integer 
	Parameter WIDTH bound to: 8 - type: integer 
INFO: [Synth 8-6155] done synthesizing module 'cn_proc__parameterized7' (1#1) [/home/victor/open_baseband/openasip/custom_units/LDPC/LDPC_decoder/new/cn_proc.v:1]
INFO: [Synth 8-6155] done synthesizing module 'cn_core' (2#1) [/home/victor/open_baseband/openasip/custom_units/LDPC/LDPC_decoder/new/cn_core.v:41]
INFO: [Synth 8-6155] done synthesizing module 'ldpc' (3#1) [/home/victor/open_baseband/openasip/custom_units/LDPC/LDPC_decoder/new/project_1.srcs/sources_1/imports/new/ldpc.v:3]
---------------------------------------------------------------------------------
Finished Synthesize : Time (s): cpu = 00:00:05 ; elapsed = 00:00:04 . Memory (MB): peak = 10703.039 ; gain = 538.938 ; free physical = 3356 ; free virtual = 13661
---------------------------------------------------------------------------------
Copyright 1986-2022 Xilinx, Inc. All Rights Reserved. Copyright 2022-2025 Advanced Micro Devices, Inc. All Rights Reserved.
---------------------------------------------------------------------------------------------------------------------------------------------
| Tool Version : Vivado v.2025.2 (lin64) Build 6299465 Fri Nov 14 12:34:56 MST 2025
| Date         : Thu Jun  4 16:42:25 2026
| Host         : victor-IdeaPad-Slim-3-15ARP10 running 64-bit Ubuntu 24.04.4 LTS
---------------------------------------------------------------------------------------------------------------------------------------------

RTL Linter Report

Table of Contents
-----------------
1. Summary

1. Summary
----------

+----------+----------+--------------+----------+
| Rule ID  | Severity | # Violations | # Waived |
+----------+----------+--------------+----------+
| ASSIGN-5 | WARNING  | 13           | 0        |
| ASSIGN-6 | WARNING  | 31           | 0        |
| ASSIGN-9 | WARNING  | 2            | 0        |
+----------+----------+--------------+----------+


WARNING: [Synth 37-124] [ASSIGN-5]Some bits in 'gen_cn_buses_19.in_cn_proc_10' are not set. First unset bit index is 0. 
RTL Name 'gen_cn_buses_19.in_cn_proc_10', Hierarchy 'cn_core', File 'cn_core.v', Line 278.
WARNING: [Synth 37-124] [ASSIGN-5]Some bits in 'gen_cn_buses_19.in_cn_proc_3' are not set. First unset bit index is 0. 
RTL Name 'gen_cn_buses_19.in_cn_proc_3', Hierarchy 'cn_core', File 'cn_core.v', Line 243.
WARNING: [Synth 37-124] [ASSIGN-5]Some bits in 'gen_cn_buses_19.in_cn_proc_4' are not set. First unset bit index is 0. 
RTL Name 'gen_cn_buses_19.in_cn_proc_4', Hierarchy 'cn_core', File 'cn_core.v', Line 248.
WARNING: [Synth 37-124] [ASSIGN-5]Some bits in 'gen_cn_buses_19.in_cn_proc_5' are not set. First unset bit index is 0. 
RTL Name 'gen_cn_buses_19.in_cn_proc_5', Hierarchy 'cn_core', File 'cn_core.v', Line 253.
WARNING: [Synth 37-124] [ASSIGN-5]Some bits in 'gen_cn_buses_19.in_cn_proc_6' are not set. First unset bit index is 0. 
RTL Name 'gen_cn_buses_19.in_cn_proc_6', Hierarchy 'cn_core', File 'cn_core.v', Line 258.
WARNING: [Synth 37-124] [ASSIGN-5]Some bits in 'gen_cn_buses_19.in_cn_proc_7' are not set. First unset bit index is 0. 
RTL Name 'gen_cn_buses_19.in_cn_proc_7', Hierarchy 'cn_core', File 'cn_core.v', Line 263.
WARNING: [Synth 37-124] [ASSIGN-5]Some bits in 'gen_cn_buses_19.in_cn_proc_8' are not set. First unset bit index is 0. 
RTL Name 'gen_cn_buses_19.in_cn_proc_8', Hierarchy 'cn_core', File 'cn_core.v', Line 268.
WARNING: [Synth 37-124] [ASSIGN-5]Some bits in 'gen_cn_buses_19.in_cn_proc_9' are not set. First unset bit index is 0. 
RTL Name 'gen_cn_buses_19.in_cn_proc_9', Hierarchy 'cn_core', File 'cn_core.v', Line 273.
WARNING: [Synth 37-124] [ASSIGN-5]Some bits in 'gen_min_mul_buses_19.out_demux_min_1' are not set. First unset bit index is 0. 
RTL Name 'gen_min_mul_buses_19.out_demux_min_1', Hierarchy 'cn_core', File 'cn_core.v', Line 894.
WARNING: [Synth 37-124] [ASSIGN-5]Some bits in 'gen_min_mul_buses_19.out_demux_min_2' are not set. First unset bit index is 0. 
RTL Name 'gen_min_mul_buses_19.out_demux_min_2', Hierarchy 'cn_core', File 'cn_core.v', Line 895.
WARNING: [Synth 37-124] [ASSIGN-5]Some bits in 'gen_min_mul_buses_19.out_demux_mul_1' are not set. First unset bit index is 0. 
RTL Name 'gen_min_mul_buses_19.out_demux_mul_1', Hierarchy 'cn_core', File 'cn_core.v', Line 897.
WARNING: [Synth 37-124] [ASSIGN-5]Some bits in 'gen_min_mul_buses_19.out_demux_mul_2' are not set. First unset bit index is 0. 
RTL Name 'gen_min_mul_buses_19.out_demux_mul_2', Hierarchy 'cn_core', File 'cn_core.v', Line 898.
WARNING: [Synth 37-117] [ASSIGN-6] 3 signals within array 'in_cn_proc_10' are not read, switch to verbose mode to see all details. 
RTL Name 'in_cn_proc_10', Hierarchy 'cn_core', File '/home/victor/open_baseband/openasip/custom_units/LDPC/LDPC_decoder/new/cn_core.v', Line 144.
WARNING: [Synth 37-117] [ASSIGN-6] 3 signals within array 'in_cn_proc_3' are not read, switch to verbose mode to see all details. 
RTL Name 'in_cn_proc_3', Hierarchy 'cn_core', File '/home/victor/open_baseband/openasip/custom_units/LDPC/LDPC_decoder/new/cn_core.v', Line 137.
WARNING: [Synth 37-117] [ASSIGN-6] 3 signals within array 'in_cn_proc_4' are not read, switch to verbose mode to see all details. 
RTL Name 'in_cn_proc_4', Hierarchy 'cn_core', File '/home/victor/open_baseband/openasip/custom_units/LDPC/LDPC_decoder/new/cn_core.v', Line 138.
WARNING: [Synth 37-117] [ASSIGN-6] 3 signals within array 'in_cn_proc_5' are not read, switch to verbose mode to see all details. 
RTL Name 'in_cn_proc_5', Hierarchy 'cn_core', File '/home/victor/open_baseband/openasip/custom_units/LDPC/LDPC_decoder/new/cn_core.v', Line 139.
WARNING: [Synth 37-117] [ASSIGN-6] 3 signals within array 'in_cn_proc_6' are not read, switch to verbose mode to see all details. 
RTL Name 'in_cn_proc_6', Hierarchy 'cn_core', File '/home/victor/open_baseband/openasip/custom_units/LDPC/LDPC_decoder/new/cn_core.v', Line 140.
WARNING: [Synth 37-117] [ASSIGN-6] 3 signals within array 'in_cn_proc_7' are not read, switch to verbose mode to see all details. 
RTL Name 'in_cn_proc_7', Hierarchy 'cn_core', File '/home/victor/open_baseband/openasip/custom_units/LDPC/LDPC_decoder/new/cn_core.v', Line 141.
WARNING: [Synth 37-117] [ASSIGN-6] 3 signals within array 'in_cn_proc_8' are not read, switch to verbose mode to see all details. 
RTL Name 'in_cn_proc_8', Hierarchy 'cn_core', File '/home/victor/open_baseband/openasip/custom_units/LDPC/LDPC_decoder/new/cn_core.v', Line 142.
WARNING: [Synth 37-117] [ASSIGN-6] 3 signals within array 'in_cn_proc_9' are not read, switch to verbose mode to see all details. 
RTL Name 'in_cn_proc_9', Hierarchy 'cn_core', File '/home/victor/open_baseband/openasip/custom_units/LDPC/LDPC_decoder/new/cn_core.v', Line 143.
WARNING: [Synth 37-117] [ASSIGN-6] 2 signals within array 'in_cn_proc_19' are not read, switch to verbose mode to see all details. 
RTL Name 'in_cn_proc_19', Hierarchy 'cn_core', File '/home/victor/open_baseband/openasip/custom_units/LDPC/LDPC_decoder/new/cn_core.v', Line 145.
WARNING: [Synth 37-93] [ASSIGN-6]Signal 'gen_cn_buses_19.min_cn_proc_10' was assigned but not read. 
RTL Name 'gen_cn_buses_19.min_cn_proc_10', Hierarchy 'cn_core', File '/home/victor/open_baseband/openasip/custom_units/LDPC/LDPC_decoder/new/cn_core.v', Line 280.
WARNING: [Synth 37-93] [ASSIGN-6]Signal 'gen_cn_buses_19.min_cn_proc_3' was assigned but not read. 
RTL Name 'gen_cn_buses_19.min_cn_proc_3', Hierarchy 'cn_core', File '/home/victor/open_baseband/openasip/custom_units/LDPC/LDPC_decoder/new/cn_core.v', Line 245.
WARNING: [Synth 37-93] [ASSIGN-6]Signal 'gen_cn_buses_19.min_cn_proc_4' was assigned but not read. 
RTL Name 'gen_cn_buses_19.min_cn_proc_4', Hierarchy 'cn_core', File '/home/victor/open_baseband/openasip/custom_units/LDPC/LDPC_decoder/new/cn_core.v', Line 250.
WARNING: [Synth 37-93] [ASSIGN-6]Signal 'gen_cn_buses_19.min_cn_proc_5' was assigned but not read. 
RTL Name 'gen_cn_buses_19.min_cn_proc_5', Hierarchy 'cn_core', File '/home/victor/open_baseband/openasip/custom_units/LDPC/LDPC_decoder/new/cn_core.v', Line 255.
WARNING: [Synth 37-93] [ASSIGN-6]Signal 'gen_cn_buses_19.min_cn_proc_6' was assigned but not read. 
RTL Name 'gen_cn_buses_19.min_cn_proc_6', Hierarchy 'cn_core', File '/home/victor/open_baseband/openasip/custom_units/LDPC/LDPC_decoder/new/cn_core.v', Line 260.
WARNING: [Synth 37-93] [ASSIGN-6]Signal 'gen_cn_buses_19.min_cn_proc_7' was assigned but not read. 
RTL Name 'gen_cn_buses_19.min_cn_proc_7', Hierarchy 'cn_core', File '/home/victor/open_baseband/openasip/custom_units/LDPC/LDPC_decoder/new/cn_core.v', Line 265.
WARNING: [Synth 37-93] [ASSIGN-6]Signal 'gen_cn_buses_19.min_cn_proc_8' was assigned but not read. 
RTL Name 'gen_cn_buses_19.min_cn_proc_8', Hierarchy 'cn_core', File '/home/victor/open_baseband/openasip/custom_units/LDPC/LDPC_decoder/new/cn_core.v', Line 270.
WARNING: [Synth 37-93] [ASSIGN-6]Signal 'gen_cn_buses_19.min_cn_proc_9' was assigned but not read. 
RTL Name 'gen_cn_buses_19.min_cn_proc_9', Hierarchy 'cn_core', File '/home/victor/open_baseband/openasip/custom_units/LDPC/LDPC_decoder/new/cn_core.v', Line 275.
WARNING: [Synth 37-93] [ASSIGN-6]Signal 'gen_cn_buses_19.sgn_mul_cn_proc_10' was assigned but not read. 
RTL Name 'gen_cn_buses_19.sgn_mul_cn_proc_10', Hierarchy 'cn_core', File '/home/victor/open_baseband/openasip/custom_units/LDPC/LDPC_decoder/new/cn_core.v', Line 281.
WARNING: [Synth 37-93] [ASSIGN-6]Signal 'gen_cn_buses_19.sgn_mul_cn_proc_3' was assigned but not read. 
RTL Name 'gen_cn_buses_19.sgn_mul_cn_proc_3', Hierarchy 'cn_core', File '/home/victor/open_baseband/openasip/custom_units/LDPC/LDPC_decoder/new/cn_core.v', Line 246.
WARNING: [Synth 37-93] [ASSIGN-6]Signal 'gen_cn_buses_19.sgn_mul_cn_proc_4' was assigned but not read. 
RTL Name 'gen_cn_buses_19.sgn_mul_cn_proc_4', Hierarchy 'cn_core', File '/home/victor/open_baseband/openasip/custom_units/LDPC/LDPC_decoder/new/cn_core.v', Line 251.
WARNING: [Synth 37-93] [ASSIGN-6]Signal 'gen_cn_buses_19.sgn_mul_cn_proc_5' was assigned but not read. 
RTL Name 'gen_cn_buses_19.sgn_mul_cn_proc_5', Hierarchy 'cn_core', File '/home/victor/open_baseband/openasip/custom_units/LDPC/LDPC_decoder/new/cn_core.v', Line 256.
WARNING: [Synth 37-93] [ASSIGN-6]Signal 'gen_cn_buses_19.sgn_mul_cn_proc_6' was assigned but not read. 
RTL Name 'gen_cn_buses_19.sgn_mul_cn_proc_6', Hierarchy 'cn_core', File '/home/victor/open_baseband/openasip/custom_units/LDPC/LDPC_decoder/new/cn_core.v', Line 261.
WARNING: [Synth 37-93] [ASSIGN-6]Signal 'gen_cn_buses_19.sgn_mul_cn_proc_7' was assigned but not read. 
RTL Name 'gen_cn_buses_19.sgn_mul_cn_proc_7', Hierarchy 'cn_core', File '/home/victor/open_baseband/openasip/custom_units/LDPC/LDPC_decoder/new/cn_core.v', Line 266.
WARNING: [Synth 37-93] [ASSIGN-6]Signal 'gen_cn_buses_19.sgn_mul_cn_proc_8' was assigned but not read. 
RTL Name 'gen_cn_buses_19.sgn_mul_cn_proc_8', Hierarchy 'cn_core', File '/home/victor/open_baseband/openasip/custom_units/LDPC/LDPC_decoder/new/cn_core.v', Line 271.
WARNING: [Synth 37-93] [ASSIGN-6]Signal 'gen_cn_buses_19.sgn_mul_cn_proc_9' was assigned but not read. 
RTL Name 'gen_cn_buses_19.sgn_mul_cn_proc_9', Hierarchy 'cn_core', File '/home/victor/open_baseband/openasip/custom_units/LDPC/LDPC_decoder/new/cn_core.v', Line 276.
WARNING: [Synth 37-93] [ASSIGN-6]Signal 'gen_min_mul_buses_19.out_demux_min_0' was assigned but not read. 
RTL Name 'gen_min_mul_buses_19.out_demux_min_0', Hierarchy 'cn_core', File '/home/victor/open_baseband/openasip/custom_units/LDPC/LDPC_decoder/new/cn_core.v', Line 893.
WARNING: [Synth 37-93] [ASSIGN-6]Signal 'gen_min_mul_buses_19.out_demux_min_1' was assigned but not read. 
RTL Name 'gen_min_mul_buses_19.out_demux_min_1', Hierarchy 'cn_core', File '/home/victor/open_baseband/openasip/custom_units/LDPC/LDPC_decoder/new/cn_core.v', Line 894.
WARNING: [Synth 37-93] [ASSIGN-6]Signal 'gen_min_mul_buses_19.out_demux_min_2' was assigned but not read. 
RTL Name 'gen_min_mul_buses_19.out_demux_min_2', Hierarchy 'cn_core', File '/home/victor/open_baseband/openasip/custom_units/LDPC/LDPC_decoder/new/cn_core.v', Line 895.
WARNING: [Synth 37-93] [ASSIGN-6]Signal 'gen_min_mul_buses_19.out_demux_mul_0' was assigned but not read. 
RTL Name 'gen_min_mul_buses_19.out_demux_mul_0', Hierarchy 'cn_core', File '/home/victor/open_baseband/openasip/custom_units/LDPC/LDPC_decoder/new/cn_core.v', Line 896.
WARNING: [Synth 37-93] [ASSIGN-6]Signal 'gen_min_mul_buses_19.out_demux_mul_1' was assigned but not read. 
RTL Name 'gen_min_mul_buses_19.out_demux_mul_1', Hierarchy 'cn_core', File '/home/victor/open_baseband/openasip/custom_units/LDPC/LDPC_decoder/new/cn_core.v', Line 897.
WARNING: [Synth 37-93] [ASSIGN-6]Signal 'gen_min_mul_buses_19.out_demux_mul_2' was assigned but not read. 
RTL Name 'gen_min_mul_buses_19.out_demux_mul_2', Hierarchy 'cn_core', File '/home/victor/open_baseband/openasip/custom_units/LDPC/LDPC_decoder/new/cn_core.v', Line 898.
WARNING: [Synth 37-126] [ASSIGN-9]Some bits in IO 'out_llr' are not set. First unset bit index is 0. 
RTL Name 'out_llr', Hierarchy 'cn_core', File 'cn_core.v', Line 74.
WARNING: [Synth 37-124] [ASSIGN-5]Some bits in 'out_llr_w' are not set. First unset bit index is 0. 
RTL Name 'out_llr_w', Hierarchy 'ldpc', File 'ldpc.v', Line 17.
WARNING: [Synth 37-126] [ASSIGN-9]Some bits in IO 'out_llr' are not set. First unset bit index is 0. 
RTL Name 'out_llr', Hierarchy 'ldpc', File 'ldpc.v', Line 11.
INFO: [Synth 37-85] Total of 46 linter message(s) generated.
INFO: [Synth 37-45] Linter Run Finished!
Synthesis Optimization Runtime : Time (s): cpu = 00:00:05 ; elapsed = 00:00:04 . Memory (MB): peak = 10720.852 ; gain = 556.750 ; free physical = 3354 ; free virtual = 13658
INFO: [Common 17-83] Releasing license: Synthesis
29 Infos, 46 Warnings, 0 Critical Warnings and 0 Errors encountered.
synth_design completed successfully
reset_run synth_1
launch_runs synth_1 -jobs 15
[Thu Jun  4 16:42:56 2026] Launched synth_1...
Run output will be captured here: /home/victor/open_baseband/openasip/custom_units/LDPC/LDPC_decoder/new/project_1.runs/synth_1/runme.log
open_run synth_1 -name synth_1
Design is defaulting to impl run constrset: constrs_1
Design is defaulting to synth run part: xczu7ev-ffvc1156-2-e
INFO: [Device 21-403] Loading part xczu7ev-ffvc1156-2-e
INFO: [Project 1-5699] Read binary netlist with skipMacroContent - 1
Netlist sorting complete. Time (s): cpu = 00:00:00 ; elapsed = 00:00:00 . Memory (MB): peak = 11641.531 ; gain = 0.000 ; free physical = 2697 ; free virtual = 13003
INFO: [Project 1-479] Netlist was created with Vivado 2025.2
INFO: [Project 1-570] Preparing netlist for logic optimization
INFO: [Opt 31-138] Pushed 0 inverter(s) to 0 load pin(s).
Netlist sorting complete. Time (s): cpu = 00:00:00 ; elapsed = 00:00:00 . Memory (MB): peak = 11824.148 ; gain = 0.000 ; free physical = 2497 ; free virtual = 12802
INFO: [Project 1-111] Unisim Transformation Summary:
No Unisim elements were transformed.

open_run: Time (s): cpu = 00:00:26 ; elapsed = 00:00:16 . Memory (MB): peak = 12476.285 ; gain = 1751.398 ; free physical = 1755 ; free virtual = 12065
reset_run synth_1
INFO: [Project 1-1161] Replacing file /home/victor/open_baseband/openasip/custom_units/LDPC/LDPC_decoder/new/project_1.srcs/utils_1/imports/synth_1/cn_core.dcp with file /home/victor/open_baseband/openasip/custom_units/LDPC/LDPC_decoder/new/project_1.runs/synth_1/ldpc.dcp
launch_runs synth_1 -jobs 15
[Thu Jun  4 16:44:29 2026] Launched synth_1...
Run output will be captured here: /home/victor/open_baseband/openasip/custom_units/LDPC/LDPC_decoder/new/project_1.runs/synth_1/runme.log
synth_design -top ldpc -part xczu7ev-ffvc1156-2-e -lint 
Command: synth_design -top ldpc -part xczu7ev-ffvc1156-2-e -lint
Starting synth_design
Attempting to get a license for feature 'Synthesis' and/or device 'xczu7ev'
INFO: [Common 17-349] Got license for feature 'Synthesis' and/or device 'xczu7ev'
INFO: [Synth 8-7079] Multithreading enabled for synth_design using a maximum of 7 processes.
---------------------------------------------------------------------------------
Starting Synthesize : Time (s): cpu = 00:00:04 ; elapsed = 00:00:03 . Memory (MB): peak = 12831.324 ; gain = 112.250 ; free physical = 2109 ; free virtual = 11486
---------------------------------------------------------------------------------
Clean up Linter database...
INFO: [Synth 8-6157] synthesizing module 'ldpc' [/home/victor/open_baseband/openasip/custom_units/LDPC/LDPC_decoder/new/project_1.srcs/sources_1/imports/new/ldpc.v:3]
INFO: [Synth 8-6157] synthesizing module 'cn_core' [/home/victor/open_baseband/openasip/custom_units/LDPC/LDPC_decoder/new/cn_core.v:41]
	Parameter DEGREE bound to: 19 - type: integer 
	Parameter WIDTH bound to: 8 - type: integer 
	Parameter sel_mux_cn_proc_3 bound to: 2'b11 
	Parameter sel_mux_cn_proc_4 bound to: 2'b11 
	Parameter sel_mux_cn_proc_5 bound to: 2'b11 
	Parameter sel_mux_cn_proc_6 bound to: 2'b11 
	Parameter sel_mux_cn_proc_7 bound to: 2'b11 
	Parameter sel_mux_cn_proc_8 bound to: 2'b11 
	Parameter sel_mux_cn_proc_9 bound to: 2'b11 
	Parameter sel_mux_cn_proc_10 bound to: 2'b11 
	Parameter sel_mux_cn_proc_19 bound to: 2'b00 
	Parameter sel_demux_min_0 bound to: 5'b01000 
	Parameter sel_demux_min_1 bound to: 5'b01111 
	Parameter sel_demux_min_2 bound to: 5'b01111 
	Parameter sel_demux_mul_0 bound to: 5'b01000 
	Parameter sel_demux_mul_1 bound to: 5'b01111 
	Parameter sel_demux_mul_2 bound to: 5'b01111 
	Parameter sel_demux_min_30 bound to: 1'b0 
	Parameter sel_demux_min_31 bound to: 1'b0 
	Parameter sel_demux_mul_30 bound to: 1'b0 
	Parameter sel_demux_mul_31 bound to: 1'b0 
INFO: [Synth 8-6157] synthesizing module 'cn_proc' [/home/victor/open_baseband/openasip/custom_units/LDPC/LDPC_decoder/new/cn_proc.v:1]
	Parameter GROUP bound to: 3 - type: integer 
	Parameter WIDTH bound to: 8 - type: integer 
INFO: [Synth 8-6155] done synthesizing module 'cn_proc' (1#1) [/home/victor/open_baseband/openasip/custom_units/LDPC/LDPC_decoder/new/cn_proc.v:1]
INFO: [Synth 8-6157] synthesizing module 'cn_proc__parameterized0' [/home/victor/open_baseband/openasip/custom_units/LDPC/LDPC_decoder/new/cn_proc.v:1]
	Parameter GROUP bound to: 4 - type: integer 
	Parameter WIDTH bound to: 8 - type: integer 
INFO: [Synth 8-6155] done synthesizing module 'cn_proc__parameterized0' (1#1) [/home/victor/open_baseband/openasip/custom_units/LDPC/LDPC_decoder/new/cn_proc.v:1]
INFO: [Synth 8-6157] synthesizing module 'cn_proc__parameterized1' [/home/victor/open_baseband/openasip/custom_units/LDPC/LDPC_decoder/new/cn_proc.v:1]
	Parameter GROUP bound to: 5 - type: integer 
	Parameter WIDTH bound to: 8 - type: integer 
INFO: [Synth 8-6155] done synthesizing module 'cn_proc__parameterized1' (1#1) [/home/victor/open_baseband/openasip/custom_units/LDPC/LDPC_decoder/new/cn_proc.v:1]
INFO: [Synth 8-6157] synthesizing module 'cn_proc__parameterized2' [/home/victor/open_baseband/openasip/custom_units/LDPC/LDPC_decoder/new/cn_proc.v:1]
	Parameter GROUP bound to: 6 - type: integer 
	Parameter WIDTH bound to: 8 - type: integer 
INFO: [Synth 8-6155] done synthesizing module 'cn_proc__parameterized2' (1#1) [/home/victor/open_baseband/openasip/custom_units/LDPC/LDPC_decoder/new/cn_proc.v:1]
INFO: [Synth 8-6157] synthesizing module 'cn_proc__parameterized3' [/home/victor/open_baseband/openasip/custom_units/LDPC/LDPC_decoder/new/cn_proc.v:1]
	Parameter GROUP bound to: 7 - type: integer 
	Parameter WIDTH bound to: 8 - type: integer 
INFO: [Synth 8-6155] done synthesizing module 'cn_proc__parameterized3' (1#1) [/home/victor/open_baseband/openasip/custom_units/LDPC/LDPC_decoder/new/cn_proc.v:1]
INFO: [Synth 8-6157] synthesizing module 'cn_proc__parameterized4' [/home/victor/open_baseband/openasip/custom_units/LDPC/LDPC_decoder/new/cn_proc.v:1]
	Parameter GROUP bound to: 8 - type: integer 
	Parameter WIDTH bound to: 8 - type: integer 
INFO: [Synth 8-6155] done synthesizing module 'cn_proc__parameterized4' (1#1) [/home/victor/open_baseband/openasip/custom_units/LDPC/LDPC_decoder/new/cn_proc.v:1]
INFO: [Synth 8-6157] synthesizing module 'cn_proc__parameterized5' [/home/victor/open_baseband/openasip/custom_units/LDPC/LDPC_decoder/new/cn_proc.v:1]
	Parameter GROUP bound to: 9 - type: integer 
	Parameter WIDTH bound to: 8 - type: integer 
INFO: [Synth 8-6155] done synthesizing module 'cn_proc__parameterized5' (1#1) [/home/victor/open_baseband/openasip/custom_units/LDPC/LDPC_decoder/new/cn_proc.v:1]
INFO: [Synth 8-6157] synthesizing module 'cn_proc__parameterized6' [/home/victor/open_baseband/openasip/custom_units/LDPC/LDPC_decoder/new/cn_proc.v:1]
	Parameter GROUP bound to: 10 - type: integer 
	Parameter WIDTH bound to: 8 - type: integer 
INFO: [Synth 8-6155] done synthesizing module 'cn_proc__parameterized6' (1#1) [/home/victor/open_baseband/openasip/custom_units/LDPC/LDPC_decoder/new/cn_proc.v:1]
INFO: [Synth 8-6157] synthesizing module 'cn_proc__parameterized7' [/home/victor/open_baseband/openasip/custom_units/LDPC/LDPC_decoder/new/cn_proc.v:1]
	Parameter GROUP bound to: 19 - type: integer 
	Parameter WIDTH bound to: 8 - type: integer 
INFO: [Synth 8-6155] done synthesizing module 'cn_proc__parameterized7' (1#1) [/home/victor/open_baseband/openasip/custom_units/LDPC/LDPC_decoder/new/cn_proc.v:1]
INFO: [Synth 8-6155] done synthesizing module 'cn_core' (2#1) [/home/victor/open_baseband/openasip/custom_units/LDPC/LDPC_decoder/new/cn_core.v:41]
INFO: [Synth 8-6155] done synthesizing module 'ldpc' (3#1) [/home/victor/open_baseband/openasip/custom_units/LDPC/LDPC_decoder/new/project_1.srcs/sources_1/imports/new/ldpc.v:3]
---------------------------------------------------------------------------------
Finished Synthesize : Time (s): cpu = 00:00:05 ; elapsed = 00:00:04 . Memory (MB): peak = 12923.293 ; gain = 204.219 ; free physical = 2000 ; free virtual = 11377
---------------------------------------------------------------------------------
Copyright 1986-2022 Xilinx, Inc. All Rights Reserved. Copyright 2022-2025 Advanced Micro Devices, Inc. All Rights Reserved.
---------------------------------------------------------------------------------------------------------------------------------------------
| Tool Version : Vivado v.2025.2 (lin64) Build 6299465 Fri Nov 14 12:34:56 MST 2025
| Date         : Thu Jun  4 16:47:29 2026
| Host         : victor-IdeaPad-Slim-3-15ARP10 running 64-bit Ubuntu 24.04.4 LTS
---------------------------------------------------------------------------------------------------------------------------------------------

RTL Linter Report

Table of Contents
-----------------
1. Summary

1. Summary
----------

+----------+----------+--------------+----------+
| Rule ID  | Severity | # Violations | # Waived |
+----------+----------+--------------+----------+
| ASSIGN-5 | WARNING  | 13           | 0        |
| ASSIGN-6 | WARNING  | 31           | 0        |
| ASSIGN-9 | WARNING  | 2            | 0        |
+----------+----------+--------------+----------+


WARNING: [Synth 37-124] [ASSIGN-5]Some bits in 'gen_cn_buses_19.in_cn_proc_10' are not set. First unset bit index is 0. 
RTL Name 'gen_cn_buses_19.in_cn_proc_10', Hierarchy 'cn_core', File 'cn_core.v', Line 278.
WARNING: [Synth 37-124] [ASSIGN-5]Some bits in 'gen_cn_buses_19.in_cn_proc_3' are not set. First unset bit index is 0. 
RTL Name 'gen_cn_buses_19.in_cn_proc_3', Hierarchy 'cn_core', File 'cn_core.v', Line 243.
WARNING: [Synth 37-124] [ASSIGN-5]Some bits in 'gen_cn_buses_19.in_cn_proc_4' are not set. First unset bit index is 0. 
RTL Name 'gen_cn_buses_19.in_cn_proc_4', Hierarchy 'cn_core', File 'cn_core.v', Line 248.
WARNING: [Synth 37-124] [ASSIGN-5]Some bits in 'gen_cn_buses_19.in_cn_proc_5' are not set. First unset bit index is 0. 
RTL Name 'gen_cn_buses_19.in_cn_proc_5', Hierarchy 'cn_core', File 'cn_core.v', Line 253.
WARNING: [Synth 37-124] [ASSIGN-5]Some bits in 'gen_cn_buses_19.in_cn_proc_6' are not set. First unset bit index is 0. 
RTL Name 'gen_cn_buses_19.in_cn_proc_6', Hierarchy 'cn_core', File 'cn_core.v', Line 258.
WARNING: [Synth 37-124] [ASSIGN-5]Some bits in 'gen_cn_buses_19.in_cn_proc_7' are not set. First unset bit index is 0. 
RTL Name 'gen_cn_buses_19.in_cn_proc_7', Hierarchy 'cn_core', File 'cn_core.v', Line 263.
WARNING: [Synth 37-124] [ASSIGN-5]Some bits in 'gen_cn_buses_19.in_cn_proc_8' are not set. First unset bit index is 0. 
RTL Name 'gen_cn_buses_19.in_cn_proc_8', Hierarchy 'cn_core', File 'cn_core.v', Line 268.
WARNING: [Synth 37-124] [ASSIGN-5]Some bits in 'gen_cn_buses_19.in_cn_proc_9' are not set. First unset bit index is 0. 
RTL Name 'gen_cn_buses_19.in_cn_proc_9', Hierarchy 'cn_core', File 'cn_core.v', Line 273.
WARNING: [Synth 37-124] [ASSIGN-5]Some bits in 'gen_min_mul_buses_19.out_demux_min_1' are not set. First unset bit index is 0. 
RTL Name 'gen_min_mul_buses_19.out_demux_min_1', Hierarchy 'cn_core', File 'cn_core.v', Line 894.
WARNING: [Synth 37-124] [ASSIGN-5]Some bits in 'gen_min_mul_buses_19.out_demux_min_2' are not set. First unset bit index is 0. 
RTL Name 'gen_min_mul_buses_19.out_demux_min_2', Hierarchy 'cn_core', File 'cn_core.v', Line 895.
WARNING: [Synth 37-124] [ASSIGN-5]Some bits in 'gen_min_mul_buses_19.out_demux_mul_1' are not set. First unset bit index is 0. 
RTL Name 'gen_min_mul_buses_19.out_demux_mul_1', Hierarchy 'cn_core', File 'cn_core.v', Line 897.
WARNING: [Synth 37-124] [ASSIGN-5]Some bits in 'gen_min_mul_buses_19.out_demux_mul_2' are not set. First unset bit index is 0. 
RTL Name 'gen_min_mul_buses_19.out_demux_mul_2', Hierarchy 'cn_core', File 'cn_core.v', Line 898.
WARNING: [Synth 37-117] [ASSIGN-6] 3 signals within array 'in_cn_proc_10' are not read, switch to verbose mode to see all details. 
RTL Name 'in_cn_proc_10', Hierarchy 'cn_core', File '/home/victor/open_baseband/openasip/custom_units/LDPC/LDPC_decoder/new/cn_core.v', Line 144.
WARNING: [Synth 37-117] [ASSIGN-6] 3 signals within array 'in_cn_proc_3' are not read, switch to verbose mode to see all details. 
RTL Name 'in_cn_proc_3', Hierarchy 'cn_core', File '/home/victor/open_baseband/openasip/custom_units/LDPC/LDPC_decoder/new/cn_core.v', Line 137.
WARNING: [Synth 37-117] [ASSIGN-6] 3 signals within array 'in_cn_proc_4' are not read, switch to verbose mode to see all details. 
RTL Name 'in_cn_proc_4', Hierarchy 'cn_core', File '/home/victor/open_baseband/openasip/custom_units/LDPC/LDPC_decoder/new/cn_core.v', Line 138.
WARNING: [Synth 37-117] [ASSIGN-6] 3 signals within array 'in_cn_proc_5' are not read, switch to verbose mode to see all details. 
RTL Name 'in_cn_proc_5', Hierarchy 'cn_core', File '/home/victor/open_baseband/openasip/custom_units/LDPC/LDPC_decoder/new/cn_core.v', Line 139.
WARNING: [Synth 37-117] [ASSIGN-6] 3 signals within array 'in_cn_proc_6' are not read, switch to verbose mode to see all details. 
RTL Name 'in_cn_proc_6', Hierarchy 'cn_core', File '/home/victor/open_baseband/openasip/custom_units/LDPC/LDPC_decoder/new/cn_core.v', Line 140.
WARNING: [Synth 37-117] [ASSIGN-6] 3 signals within array 'in_cn_proc_7' are not read, switch to verbose mode to see all details. 
RTL Name 'in_cn_proc_7', Hierarchy 'cn_core', File '/home/victor/open_baseband/openasip/custom_units/LDPC/LDPC_decoder/new/cn_core.v', Line 141.
WARNING: [Synth 37-117] [ASSIGN-6] 3 signals within array 'in_cn_proc_8' are not read, switch to verbose mode to see all details. 
RTL Name 'in_cn_proc_8', Hierarchy 'cn_core', File '/home/victor/open_baseband/openasip/custom_units/LDPC/LDPC_decoder/new/cn_core.v', Line 142.
WARNING: [Synth 37-117] [ASSIGN-6] 3 signals within array 'in_cn_proc_9' are not read, switch to verbose mode to see all details. 
RTL Name 'in_cn_proc_9', Hierarchy 'cn_core', File '/home/victor/open_baseband/openasip/custom_units/LDPC/LDPC_decoder/new/cn_core.v', Line 143.
WARNING: [Synth 37-117] [ASSIGN-6] 2 signals within array 'in_cn_proc_19' are not read, switch to verbose mode to see all details. 
RTL Name 'in_cn_proc_19', Hierarchy 'cn_core', File '/home/victor/open_baseband/openasip/custom_units/LDPC/LDPC_decoder/new/cn_core.v', Line 145.
WARNING: [Synth 37-93] [ASSIGN-6]Signal 'gen_cn_buses_19.min_cn_proc_10' was assigned but not read. 
RTL Name 'gen_cn_buses_19.min_cn_proc_10', Hierarchy 'cn_core', File '/home/victor/open_baseband/openasip/custom_units/LDPC/LDPC_decoder/new/cn_core.v', Line 280.
WARNING: [Synth 37-93] [ASSIGN-6]Signal 'gen_cn_buses_19.min_cn_proc_3' was assigned but not read. 
RTL Name 'gen_cn_buses_19.min_cn_proc_3', Hierarchy 'cn_core', File '/home/victor/open_baseband/openasip/custom_units/LDPC/LDPC_decoder/new/cn_core.v', Line 245.
WARNING: [Synth 37-93] [ASSIGN-6]Signal 'gen_cn_buses_19.min_cn_proc_4' was assigned but not read. 
RTL Name 'gen_cn_buses_19.min_cn_proc_4', Hierarchy 'cn_core', File '/home/victor/open_baseband/openasip/custom_units/LDPC/LDPC_decoder/new/cn_core.v', Line 250.
WARNING: [Synth 37-93] [ASSIGN-6]Signal 'gen_cn_buses_19.min_cn_proc_5' was assigned but not read. 
RTL Name 'gen_cn_buses_19.min_cn_proc_5', Hierarchy 'cn_core', File '/home/victor/open_baseband/openasip/custom_units/LDPC/LDPC_decoder/new/cn_core.v', Line 255.
WARNING: [Synth 37-93] [ASSIGN-6]Signal 'gen_cn_buses_19.min_cn_proc_6' was assigned but not read. 
RTL Name 'gen_cn_buses_19.min_cn_proc_6', Hierarchy 'cn_core', File '/home/victor/open_baseband/openasip/custom_units/LDPC/LDPC_decoder/new/cn_core.v', Line 260.
WARNING: [Synth 37-93] [ASSIGN-6]Signal 'gen_cn_buses_19.min_cn_proc_7' was assigned but not read. 
RTL Name 'gen_cn_buses_19.min_cn_proc_7', Hierarchy 'cn_core', File '/home/victor/open_baseband/openasip/custom_units/LDPC/LDPC_decoder/new/cn_core.v', Line 265.
WARNING: [Synth 37-93] [ASSIGN-6]Signal 'gen_cn_buses_19.min_cn_proc_8' was assigned but not read. 
RTL Name 'gen_cn_buses_19.min_cn_proc_8', Hierarchy 'cn_core', File '/home/victor/open_baseband/openasip/custom_units/LDPC/LDPC_decoder/new/cn_core.v', Line 270.
WARNING: [Synth 37-93] [ASSIGN-6]Signal 'gen_cn_buses_19.min_cn_proc_9' was assigned but not read. 
RTL Name 'gen_cn_buses_19.min_cn_proc_9', Hierarchy 'cn_core', File '/home/victor/open_baseband/openasip/custom_units/LDPC/LDPC_decoder/new/cn_core.v', Line 275.
WARNING: [Synth 37-93] [ASSIGN-6]Signal 'gen_cn_buses_19.sgn_mul_cn_proc_10' was assigned but not read. 
RTL Name 'gen_cn_buses_19.sgn_mul_cn_proc_10', Hierarchy 'cn_core', File '/home/victor/open_baseband/openasip/custom_units/LDPC/LDPC_decoder/new/cn_core.v', Line 281.
WARNING: [Synth 37-93] [ASSIGN-6]Signal 'gen_cn_buses_19.sgn_mul_cn_proc_3' was assigned but not read. 
RTL Name 'gen_cn_buses_19.sgn_mul_cn_proc_3', Hierarchy 'cn_core', File '/home/victor/open_baseband/openasip/custom_units/LDPC/LDPC_decoder/new/cn_core.v', Line 246.
WARNING: [Synth 37-93] [ASSIGN-6]Signal 'gen_cn_buses_19.sgn_mul_cn_proc_4' was assigned but not read. 
RTL Name 'gen_cn_buses_19.sgn_mul_cn_proc_4', Hierarchy 'cn_core', File '/home/victor/open_baseband/openasip/custom_units/LDPC/LDPC_decoder/new/cn_core.v', Line 251.
WARNING: [Synth 37-93] [ASSIGN-6]Signal 'gen_cn_buses_19.sgn_mul_cn_proc_5' was assigned but not read. 
RTL Name 'gen_cn_buses_19.sgn_mul_cn_proc_5', Hierarchy 'cn_core', File '/home/victor/open_baseband/openasip/custom_units/LDPC/LDPC_decoder/new/cn_core.v', Line 256.
WARNING: [Synth 37-93] [ASSIGN-6]Signal 'gen_cn_buses_19.sgn_mul_cn_proc_6' was assigned but not read. 
RTL Name 'gen_cn_buses_19.sgn_mul_cn_proc_6', Hierarchy 'cn_core', File '/home/victor/open_baseband/openasip/custom_units/LDPC/LDPC_decoder/new/cn_core.v', Line 261.
WARNING: [Synth 37-93] [ASSIGN-6]Signal 'gen_cn_buses_19.sgn_mul_cn_proc_7' was assigned but not read. 
RTL Name 'gen_cn_buses_19.sgn_mul_cn_proc_7', Hierarchy 'cn_core', File '/home/victor/open_baseband/openasip/custom_units/LDPC/LDPC_decoder/new/cn_core.v', Line 266.
WARNING: [Synth 37-93] [ASSIGN-6]Signal 'gen_cn_buses_19.sgn_mul_cn_proc_8' was assigned but not read. 
RTL Name 'gen_cn_buses_19.sgn_mul_cn_proc_8', Hierarchy 'cn_core', File '/home/victor/open_baseband/openasip/custom_units/LDPC/LDPC_decoder/new/cn_core.v', Line 271.
WARNING: [Synth 37-93] [ASSIGN-6]Signal 'gen_cn_buses_19.sgn_mul_cn_proc_9' was assigned but not read. 
RTL Name 'gen_cn_buses_19.sgn_mul_cn_proc_9', Hierarchy 'cn_core', File '/home/victor/open_baseband/openasip/custom_units/LDPC/LDPC_decoder/new/cn_core.v', Line 276.
WARNING: [Synth 37-93] [ASSIGN-6]Signal 'gen_min_mul_buses_19.out_demux_min_0' was assigned but not read. 
RTL Name 'gen_min_mul_buses_19.out_demux_min_0', Hierarchy 'cn_core', File '/home/victor/open_baseband/openasip/custom_units/LDPC/LDPC_decoder/new/cn_core.v', Line 893.
WARNING: [Synth 37-93] [ASSIGN-6]Signal 'gen_min_mul_buses_19.out_demux_min_1' was assigned but not read. 
RTL Name 'gen_min_mul_buses_19.out_demux_min_1', Hierarchy 'cn_core', File '/home/victor/open_baseband/openasip/custom_units/LDPC/LDPC_decoder/new/cn_core.v', Line 894.
WARNING: [Synth 37-93] [ASSIGN-6]Signal 'gen_min_mul_buses_19.out_demux_min_2' was assigned but not read. 
RTL Name 'gen_min_mul_buses_19.out_demux_min_2', Hierarchy 'cn_core', File '/home/victor/open_baseband/openasip/custom_units/LDPC/LDPC_decoder/new/cn_core.v', Line 895.
WARNING: [Synth 37-93] [ASSIGN-6]Signal 'gen_min_mul_buses_19.out_demux_mul_0' was assigned but not read. 
RTL Name 'gen_min_mul_buses_19.out_demux_mul_0', Hierarchy 'cn_core', File '/home/victor/open_baseband/openasip/custom_units/LDPC/LDPC_decoder/new/cn_core.v', Line 896.
WARNING: [Synth 37-93] [ASSIGN-6]Signal 'gen_min_mul_buses_19.out_demux_mul_1' was assigned but not read. 
RTL Name 'gen_min_mul_buses_19.out_demux_mul_1', Hierarchy 'cn_core', File '/home/victor/open_baseband/openasip/custom_units/LDPC/LDPC_decoder/new/cn_core.v', Line 897.
WARNING: [Synth 37-93] [ASSIGN-6]Signal 'gen_min_mul_buses_19.out_demux_mul_2' was assigned but not read. 
RTL Name 'gen_min_mul_buses_19.out_demux_mul_2', Hierarchy 'cn_core', File '/home/victor/open_baseband/openasip/custom_units/LDPC/LDPC_decoder/new/cn_core.v', Line 898.
WARNING: [Synth 37-126] [ASSIGN-9]Some bits in IO 'out_llr' are not set. First unset bit index is 0. 
RTL Name 'out_llr', Hierarchy 'cn_core', File 'cn_core.v', Line 74.
WARNING: [Synth 37-124] [ASSIGN-5]Some bits in 'out_llr_w' are not set. First unset bit index is 0. 
RTL Name 'out_llr_w', Hierarchy 'ldpc', File 'ldpc.v', Line 17.
WARNING: [Synth 37-126] [ASSIGN-9]Some bits in IO 'out_llr' are not set. First unset bit index is 0. 
RTL Name 'out_llr', Hierarchy 'ldpc', File 'ldpc.v', Line 11.
INFO: [Synth 37-85] Total of 46 linter message(s) generated.
INFO: [Synth 37-45] Linter Run Finished!
Synthesis Optimization Runtime : Time (s): cpu = 00:00:05 ; elapsed = 00:00:04 . Memory (MB): peak = 12923.293 ; gain = 204.219 ; free physical = 1992 ; free virtual = 11369
INFO: [Common 17-83] Releasing license: Synthesis
27 Infos, 46 Warnings, 0 Critical Warnings and 0 Errors encountered.
synth_design completed successfully
refresh_design
INFO: [Project 1-5699] Read binary netlist with skipMacroContent - 1
Netlist sorting complete. Time (s): cpu = 00:00:00 ; elapsed = 00:00:00 . Memory (MB): peak = 12925.293 ; gain = 0.000 ; free physical = 2261 ; free virtual = 11637
INFO: [Project 1-479] Netlist was created with Vivado 2025.2
INFO: [Project 1-570] Preparing netlist for logic optimization
INFO: [Opt 31-138] Pushed 0 inverter(s) to 0 load pin(s).
refresh_design: Time (s): cpu = 00:00:22 ; elapsed = 00:00:10 . Memory (MB): peak = 12925.293 ; gain = 1.992 ; free physical = 2199 ; free virtual = 11576
synth_design -top ldpc -part xczu7ev-ffvc1156-2-e -lint 
Command: synth_design -top ldpc -part xczu7ev-ffvc1156-2-e -lint
Starting synth_design
Attempting to get a license for feature 'Synthesis' and/or device 'xczu7ev'
INFO: [Common 17-349] Got license for feature 'Synthesis' and/or device 'xczu7ev'
INFO: [Synth 8-7079] Multithreading enabled for synth_design using a maximum of 7 processes.
---------------------------------------------------------------------------------
Starting Synthesize : Time (s): cpu = 00:00:03 ; elapsed = 00:00:03 . Memory (MB): peak = 12940.297 ; gain = 0.000 ; free physical = 2010 ; free virtual = 11390
---------------------------------------------------------------------------------
Clean up Linter database...
INFO: [Synth 8-6157] synthesizing module 'ldpc' [/home/victor/open_baseband/openasip/custom_units/LDPC/LDPC_decoder/new/project_1.srcs/sources_1/imports/new/ldpc.v:3]
INFO: [Synth 8-6157] synthesizing module 'cn_core' [/home/victor/open_baseband/openasip/custom_units/LDPC/LDPC_decoder/new/cn_core.v:41]
	Parameter DEGREE bound to: 19 - type: integer 
	Parameter WIDTH bound to: 8 - type: integer 
	Parameter sel_mux_cn_proc_3 bound to: 2'b11 
	Parameter sel_mux_cn_proc_4 bound to: 2'b11 
	Parameter sel_mux_cn_proc_5 bound to: 2'b11 
	Parameter sel_mux_cn_proc_6 bound to: 2'b11 
	Parameter sel_mux_cn_proc_7 bound to: 2'b11 
	Parameter sel_mux_cn_proc_8 bound to: 2'b11 
	Parameter sel_mux_cn_proc_9 bound to: 2'b11 
	Parameter sel_mux_cn_proc_10 bound to: 2'b11 
	Parameter sel_mux_cn_proc_19 bound to: 2'b00 
	Parameter sel_demux_min_0 bound to: 4'b1000 
	Parameter sel_demux_min_1 bound to: 4'b1111 
	Parameter sel_demux_min_2 bound to: 4'b1111 
	Parameter sel_demux_mul_0 bound to: 4'b1000 
	Parameter sel_demux_mul_1 bound to: 4'b1111 
	Parameter sel_demux_mul_2 bound to: 4'b1111 
	Parameter sel_demux_min_30 bound to: 1'b0 
	Parameter sel_demux_min_31 bound to: 1'b0 
	Parameter sel_demux_mul_30 bound to: 1'b0 
	Parameter sel_demux_mul_31 bound to: 1'b0 
INFO: [Synth 8-6157] synthesizing module 'cn_proc' [/home/victor/open_baseband/openasip/custom_units/LDPC/LDPC_decoder/new/cn_proc.v:1]
	Parameter GROUP bound to: 3 - type: integer 
	Parameter WIDTH bound to: 8 - type: integer 
INFO: [Synth 8-6155] done synthesizing module 'cn_proc' (1#1) [/home/victor/open_baseband/openasip/custom_units/LDPC/LDPC_decoder/new/cn_proc.v:1]
INFO: [Synth 8-6157] synthesizing module 'cn_proc__parameterized0' [/home/victor/open_baseband/openasip/custom_units/LDPC/LDPC_decoder/new/cn_proc.v:1]
	Parameter GROUP bound to: 4 - type: integer 
	Parameter WIDTH bound to: 8 - type: integer 
INFO: [Synth 8-6155] done synthesizing module 'cn_proc__parameterized0' (1#1) [/home/victor/open_baseband/openasip/custom_units/LDPC/LDPC_decoder/new/cn_proc.v:1]
INFO: [Synth 8-6157] synthesizing module 'cn_proc__parameterized1' [/home/victor/open_baseband/openasip/custom_units/LDPC/LDPC_decoder/new/cn_proc.v:1]
	Parameter GROUP bound to: 5 - type: integer 
	Parameter WIDTH bound to: 8 - type: integer 
INFO: [Synth 8-6155] done synthesizing module 'cn_proc__parameterized1' (1#1) [/home/victor/open_baseband/openasip/custom_units/LDPC/LDPC_decoder/new/cn_proc.v:1]
INFO: [Synth 8-6157] synthesizing module 'cn_proc__parameterized2' [/home/victor/open_baseband/openasip/custom_units/LDPC/LDPC_decoder/new/cn_proc.v:1]
	Parameter GROUP bound to: 6 - type: integer 
	Parameter WIDTH bound to: 8 - type: integer 
INFO: [Synth 8-6155] done synthesizing module 'cn_proc__parameterized2' (1#1) [/home/victor/open_baseband/openasip/custom_units/LDPC/LDPC_decoder/new/cn_proc.v:1]
INFO: [Synth 8-6157] synthesizing module 'cn_proc__parameterized3' [/home/victor/open_baseband/openasip/custom_units/LDPC/LDPC_decoder/new/cn_proc.v:1]
	Parameter GROUP bound to: 7 - type: integer 
	Parameter WIDTH bound to: 8 - type: integer 
INFO: [Synth 8-6155] done synthesizing module 'cn_proc__parameterized3' (1#1) [/home/victor/open_baseband/openasip/custom_units/LDPC/LDPC_decoder/new/cn_proc.v:1]
INFO: [Synth 8-6157] synthesizing module 'cn_proc__parameterized4' [/home/victor/open_baseband/openasip/custom_units/LDPC/LDPC_decoder/new/cn_proc.v:1]
	Parameter GROUP bound to: 8 - type: integer 
	Parameter WIDTH bound to: 8 - type: integer 
INFO: [Synth 8-6155] done synthesizing module 'cn_proc__parameterized4' (1#1) [/home/victor/open_baseband/openasip/custom_units/LDPC/LDPC_decoder/new/cn_proc.v:1]
INFO: [Synth 8-6157] synthesizing module 'cn_proc__parameterized5' [/home/victor/open_baseband/openasip/custom_units/LDPC/LDPC_decoder/new/cn_proc.v:1]
	Parameter GROUP bound to: 9 - type: integer 
	Parameter WIDTH bound to: 8 - type: integer 
INFO: [Synth 8-6155] done synthesizing module 'cn_proc__parameterized5' (1#1) [/home/victor/open_baseband/openasip/custom_units/LDPC/LDPC_decoder/new/cn_proc.v:1]
INFO: [Synth 8-6157] synthesizing module 'cn_proc__parameterized6' [/home/victor/open_baseband/openasip/custom_units/LDPC/LDPC_decoder/new/cn_proc.v:1]
	Parameter GROUP bound to: 10 - type: integer 
	Parameter WIDTH bound to: 8 - type: integer 
INFO: [Synth 8-6155] done synthesizing module 'cn_proc__parameterized6' (1#1) [/home/victor/open_baseband/openasip/custom_units/LDPC/LDPC_decoder/new/cn_proc.v:1]
INFO: [Synth 8-6157] synthesizing module 'cn_proc__parameterized7' [/home/victor/open_baseband/openasip/custom_units/LDPC/LDPC_decoder/new/cn_proc.v:1]
	Parameter GROUP bound to: 19 - type: integer 
	Parameter WIDTH bound to: 8 - type: integer 
INFO: [Synth 8-6155] done synthesizing module 'cn_proc__parameterized7' (1#1) [/home/victor/open_baseband/openasip/custom_units/LDPC/LDPC_decoder/new/cn_proc.v:1]
INFO: [Synth 8-6155] done synthesizing module 'cn_core' (2#1) [/home/victor/open_baseband/openasip/custom_units/LDPC/LDPC_decoder/new/cn_core.v:41]
INFO: [Synth 8-6155] done synthesizing module 'ldpc' (3#1) [/home/victor/open_baseband/openasip/custom_units/LDPC/LDPC_decoder/new/project_1.srcs/sources_1/imports/new/ldpc.v:3]
---------------------------------------------------------------------------------
Finished Synthesize : Time (s): cpu = 00:00:05 ; elapsed = 00:00:04 . Memory (MB): peak = 12940.297 ; gain = 0.000 ; free physical = 1987 ; free virtual = 11367
---------------------------------------------------------------------------------
Copyright 1986-2022 Xilinx, Inc. All Rights Reserved. Copyright 2022-2025 Advanced Micro Devices, Inc. All Rights Reserved.
---------------------------------------------------------------------------------------------------------------------------------------------
| Tool Version : Vivado v.2025.2 (lin64) Build 6299465 Fri Nov 14 12:34:56 MST 2025
| Date         : Thu Jun  4 16:59:21 2026
| Host         : victor-IdeaPad-Slim-3-15ARP10 running 64-bit Ubuntu 24.04.4 LTS
---------------------------------------------------------------------------------------------------------------------------------------------

RTL Linter Report

Table of Contents
-----------------
1. Summary

1. Summary
----------

+----------+----------+--------------+----------+
| Rule ID  | Severity | # Violations | # Waived |
+----------+----------+--------------+----------+
| ASSIGN-5 | WARNING  | 13           | 0        |
| ASSIGN-6 | WARNING  | 31           | 0        |
| ASSIGN-9 | WARNING  | 2            | 0        |
+----------+----------+--------------+----------+


WARNING: [Synth 37-124] [ASSIGN-5]Some bits in 'gen_cn_buses_19.in_cn_proc_10' are not set. First unset bit index is 0. 
RTL Name 'gen_cn_buses_19.in_cn_proc_10', Hierarchy 'cn_core', File 'cn_core.v', Line 278.
WARNING: [Synth 37-124] [ASSIGN-5]Some bits in 'gen_cn_buses_19.in_cn_proc_3' are not set. First unset bit index is 0. 
RTL Name 'gen_cn_buses_19.in_cn_proc_3', Hierarchy 'cn_core', File 'cn_core.v', Line 243.
WARNING: [Synth 37-124] [ASSIGN-5]Some bits in 'gen_cn_buses_19.in_cn_proc_4' are not set. First unset bit index is 0. 
RTL Name 'gen_cn_buses_19.in_cn_proc_4', Hierarchy 'cn_core', File 'cn_core.v', Line 248.
WARNING: [Synth 37-124] [ASSIGN-5]Some bits in 'gen_cn_buses_19.in_cn_proc_5' are not set. First unset bit index is 0. 
RTL Name 'gen_cn_buses_19.in_cn_proc_5', Hierarchy 'cn_core', File 'cn_core.v', Line 253.
WARNING: [Synth 37-124] [ASSIGN-5]Some bits in 'gen_cn_buses_19.in_cn_proc_6' are not set. First unset bit index is 0. 
RTL Name 'gen_cn_buses_19.in_cn_proc_6', Hierarchy 'cn_core', File 'cn_core.v', Line 258.
WARNING: [Synth 37-124] [ASSIGN-5]Some bits in 'gen_cn_buses_19.in_cn_proc_7' are not set. First unset bit index is 0. 
RTL Name 'gen_cn_buses_19.in_cn_proc_7', Hierarchy 'cn_core', File 'cn_core.v', Line 263.
WARNING: [Synth 37-124] [ASSIGN-5]Some bits in 'gen_cn_buses_19.in_cn_proc_8' are not set. First unset bit index is 0. 
RTL Name 'gen_cn_buses_19.in_cn_proc_8', Hierarchy 'cn_core', File 'cn_core.v', Line 268.
WARNING: [Synth 37-124] [ASSIGN-5]Some bits in 'gen_cn_buses_19.in_cn_proc_9' are not set. First unset bit index is 0. 
RTL Name 'gen_cn_buses_19.in_cn_proc_9', Hierarchy 'cn_core', File 'cn_core.v', Line 273.
WARNING: [Synth 37-124] [ASSIGN-5]Some bits in 'gen_min_mul_buses_19.out_demux_min_1' are not set. First unset bit index is 0. 
RTL Name 'gen_min_mul_buses_19.out_demux_min_1', Hierarchy 'cn_core', File 'cn_core.v', Line 894.
WARNING: [Synth 37-124] [ASSIGN-5]Some bits in 'gen_min_mul_buses_19.out_demux_min_2' are not set. First unset bit index is 0. 
RTL Name 'gen_min_mul_buses_19.out_demux_min_2', Hierarchy 'cn_core', File 'cn_core.v', Line 895.
WARNING: [Synth 37-124] [ASSIGN-5]Some bits in 'gen_min_mul_buses_19.out_demux_mul_1' are not set. First unset bit index is 0. 
RTL Name 'gen_min_mul_buses_19.out_demux_mul_1', Hierarchy 'cn_core', File 'cn_core.v', Line 897.
WARNING: [Synth 37-124] [ASSIGN-5]Some bits in 'gen_min_mul_buses_19.out_demux_mul_2' are not set. First unset bit index is 0. 
RTL Name 'gen_min_mul_buses_19.out_demux_mul_2', Hierarchy 'cn_core', File 'cn_core.v', Line 898.
WARNING: [Synth 37-117] [ASSIGN-6] 3 signals within array 'in_cn_proc_10' are not read, switch to verbose mode to see all details. 
RTL Name 'in_cn_proc_10', Hierarchy 'cn_core', File '/home/victor/open_baseband/openasip/custom_units/LDPC/LDPC_decoder/new/cn_core.v', Line 144.
WARNING: [Synth 37-117] [ASSIGN-6] 3 signals within array 'in_cn_proc_3' are not read, switch to verbose mode to see all details. 
RTL Name 'in_cn_proc_3', Hierarchy 'cn_core', File '/home/victor/open_baseband/openasip/custom_units/LDPC/LDPC_decoder/new/cn_core.v', Line 137.
WARNING: [Synth 37-117] [ASSIGN-6] 3 signals within array 'in_cn_proc_4' are not read, switch to verbose mode to see all details. 
RTL Name 'in_cn_proc_4', Hierarchy 'cn_core', File '/home/victor/open_baseband/openasip/custom_units/LDPC/LDPC_decoder/new/cn_core.v', Line 138.
WARNING: [Synth 37-117] [ASSIGN-6] 3 signals within array 'in_cn_proc_5' are not read, switch to verbose mode to see all details. 
RTL Name 'in_cn_proc_5', Hierarchy 'cn_core', File '/home/victor/open_baseband/openasip/custom_units/LDPC/LDPC_decoder/new/cn_core.v', Line 139.
WARNING: [Synth 37-117] [ASSIGN-6] 3 signals within array 'in_cn_proc_6' are not read, switch to verbose mode to see all details. 
RTL Name 'in_cn_proc_6', Hierarchy 'cn_core', File '/home/victor/open_baseband/openasip/custom_units/LDPC/LDPC_decoder/new/cn_core.v', Line 140.
WARNING: [Synth 37-117] [ASSIGN-6] 3 signals within array 'in_cn_proc_7' are not read, switch to verbose mode to see all details. 
RTL Name 'in_cn_proc_7', Hierarchy 'cn_core', File '/home/victor/open_baseband/openasip/custom_units/LDPC/LDPC_decoder/new/cn_core.v', Line 141.
WARNING: [Synth 37-117] [ASSIGN-6] 3 signals within array 'in_cn_proc_8' are not read, switch to verbose mode to see all details. 
RTL Name 'in_cn_proc_8', Hierarchy 'cn_core', File '/home/victor/open_baseband/openasip/custom_units/LDPC/LDPC_decoder/new/cn_core.v', Line 142.
WARNING: [Synth 37-117] [ASSIGN-6] 3 signals within array 'in_cn_proc_9' are not read, switch to verbose mode to see all details. 
RTL Name 'in_cn_proc_9', Hierarchy 'cn_core', File '/home/victor/open_baseband/openasip/custom_units/LDPC/LDPC_decoder/new/cn_core.v', Line 143.
WARNING: [Synth 37-117] [ASSIGN-6] 2 signals within array 'in_cn_proc_19' are not read, switch to verbose mode to see all details. 
RTL Name 'in_cn_proc_19', Hierarchy 'cn_core', File '/home/victor/open_baseband/openasip/custom_units/LDPC/LDPC_decoder/new/cn_core.v', Line 145.
WARNING: [Synth 37-93] [ASSIGN-6]Signal 'gen_cn_buses_19.min_cn_proc_10' was assigned but not read. 
RTL Name 'gen_cn_buses_19.min_cn_proc_10', Hierarchy 'cn_core', File '/home/victor/open_baseband/openasip/custom_units/LDPC/LDPC_decoder/new/cn_core.v', Line 280.
WARNING: [Synth 37-93] [ASSIGN-6]Signal 'gen_cn_buses_19.min_cn_proc_3' was assigned but not read. 
RTL Name 'gen_cn_buses_19.min_cn_proc_3', Hierarchy 'cn_core', File '/home/victor/open_baseband/openasip/custom_units/LDPC/LDPC_decoder/new/cn_core.v', Line 245.
WARNING: [Synth 37-93] [ASSIGN-6]Signal 'gen_cn_buses_19.min_cn_proc_4' was assigned but not read. 
RTL Name 'gen_cn_buses_19.min_cn_proc_4', Hierarchy 'cn_core', File '/home/victor/open_baseband/openasip/custom_units/LDPC/LDPC_decoder/new/cn_core.v', Line 250.
WARNING: [Synth 37-93] [ASSIGN-6]Signal 'gen_cn_buses_19.min_cn_proc_5' was assigned but not read. 
RTL Name 'gen_cn_buses_19.min_cn_proc_5', Hierarchy 'cn_core', File '/home/victor/open_baseband/openasip/custom_units/LDPC/LDPC_decoder/new/cn_core.v', Line 255.
WARNING: [Synth 37-93] [ASSIGN-6]Signal 'gen_cn_buses_19.min_cn_proc_6' was assigned but not read. 
RTL Name 'gen_cn_buses_19.min_cn_proc_6', Hierarchy 'cn_core', File '/home/victor/open_baseband/openasip/custom_units/LDPC/LDPC_decoder/new/cn_core.v', Line 260.
WARNING: [Synth 37-93] [ASSIGN-6]Signal 'gen_cn_buses_19.min_cn_proc_7' was assigned but not read. 
RTL Name 'gen_cn_buses_19.min_cn_proc_7', Hierarchy 'cn_core', File '/home/victor/open_baseband/openasip/custom_units/LDPC/LDPC_decoder/new/cn_core.v', Line 265.
WARNING: [Synth 37-93] [ASSIGN-6]Signal 'gen_cn_buses_19.min_cn_proc_8' was assigned but not read. 
RTL Name 'gen_cn_buses_19.min_cn_proc_8', Hierarchy 'cn_core', File '/home/victor/open_baseband/openasip/custom_units/LDPC/LDPC_decoder/new/cn_core.v', Line 270.
WARNING: [Synth 37-93] [ASSIGN-6]Signal 'gen_cn_buses_19.min_cn_proc_9' was assigned but not read. 
RTL Name 'gen_cn_buses_19.min_cn_proc_9', Hierarchy 'cn_core', File '/home/victor/open_baseband/openasip/custom_units/LDPC/LDPC_decoder/new/cn_core.v', Line 275.
WARNING: [Synth 37-93] [ASSIGN-6]Signal 'gen_cn_buses_19.sgn_mul_cn_proc_10' was assigned but not read. 
RTL Name 'gen_cn_buses_19.sgn_mul_cn_proc_10', Hierarchy 'cn_core', File '/home/victor/open_baseband/openasip/custom_units/LDPC/LDPC_decoder/new/cn_core.v', Line 281.
WARNING: [Synth 37-93] [ASSIGN-6]Signal 'gen_cn_buses_19.sgn_mul_cn_proc_3' was assigned but not read. 
RTL Name 'gen_cn_buses_19.sgn_mul_cn_proc_3', Hierarchy 'cn_core', File '/home/victor/open_baseband/openasip/custom_units/LDPC/LDPC_decoder/new/cn_core.v', Line 246.
WARNING: [Synth 37-93] [ASSIGN-6]Signal 'gen_cn_buses_19.sgn_mul_cn_proc_4' was assigned but not read. 
RTL Name 'gen_cn_buses_19.sgn_mul_cn_proc_4', Hierarchy 'cn_core', File '/home/victor/open_baseband/openasip/custom_units/LDPC/LDPC_decoder/new/cn_core.v', Line 251.
WARNING: [Synth 37-93] [ASSIGN-6]Signal 'gen_cn_buses_19.sgn_mul_cn_proc_5' was assigned but not read. 
RTL Name 'gen_cn_buses_19.sgn_mul_cn_proc_5', Hierarchy 'cn_core', File '/home/victor/open_baseband/openasip/custom_units/LDPC/LDPC_decoder/new/cn_core.v', Line 256.
WARNING: [Synth 37-93] [ASSIGN-6]Signal 'gen_cn_buses_19.sgn_mul_cn_proc_6' was assigned but not read. 
RTL Name 'gen_cn_buses_19.sgn_mul_cn_proc_6', Hierarchy 'cn_core', File '/home/victor/open_baseband/openasip/custom_units/LDPC/LDPC_decoder/new/cn_core.v', Line 261.
WARNING: [Synth 37-93] [ASSIGN-6]Signal 'gen_cn_buses_19.sgn_mul_cn_proc_7' was assigned but not read. 
RTL Name 'gen_cn_buses_19.sgn_mul_cn_proc_7', Hierarchy 'cn_core', File '/home/victor/open_baseband/openasip/custom_units/LDPC/LDPC_decoder/new/cn_core.v', Line 266.
WARNING: [Synth 37-93] [ASSIGN-6]Signal 'gen_cn_buses_19.sgn_mul_cn_proc_8' was assigned but not read. 
RTL Name 'gen_cn_buses_19.sgn_mul_cn_proc_8', Hierarchy 'cn_core', File '/home/victor/open_baseband/openasip/custom_units/LDPC/LDPC_decoder/new/cn_core.v', Line 271.
WARNING: [Synth 37-93] [ASSIGN-6]Signal 'gen_cn_buses_19.sgn_mul_cn_proc_9' was assigned but not read. 
RTL Name 'gen_cn_buses_19.sgn_mul_cn_proc_9', Hierarchy 'cn_core', File '/home/victor/open_baseband/openasip/custom_units/LDPC/LDPC_decoder/new/cn_core.v', Line 276.
WARNING: [Synth 37-93] [ASSIGN-6]Signal 'gen_min_mul_buses_19.out_demux_min_0' was assigned but not read. 
RTL Name 'gen_min_mul_buses_19.out_demux_min_0', Hierarchy 'cn_core', File '/home/victor/open_baseband/openasip/custom_units/LDPC/LDPC_decoder/new/cn_core.v', Line 893.
WARNING: [Synth 37-93] [ASSIGN-6]Signal 'gen_min_mul_buses_19.out_demux_min_1' was assigned but not read. 
RTL Name 'gen_min_mul_buses_19.out_demux_min_1', Hierarchy 'cn_core', File '/home/victor/open_baseband/openasip/custom_units/LDPC/LDPC_decoder/new/cn_core.v', Line 894.
WARNING: [Synth 37-93] [ASSIGN-6]Signal 'gen_min_mul_buses_19.out_demux_min_2' was assigned but not read. 
RTL Name 'gen_min_mul_buses_19.out_demux_min_2', Hierarchy 'cn_core', File '/home/victor/open_baseband/openasip/custom_units/LDPC/LDPC_decoder/new/cn_core.v', Line 895.
WARNING: [Synth 37-93] [ASSIGN-6]Signal 'gen_min_mul_buses_19.out_demux_mul_0' was assigned but not read. 
RTL Name 'gen_min_mul_buses_19.out_demux_mul_0', Hierarchy 'cn_core', File '/home/victor/open_baseband/openasip/custom_units/LDPC/LDPC_decoder/new/cn_core.v', Line 896.
WARNING: [Synth 37-93] [ASSIGN-6]Signal 'gen_min_mul_buses_19.out_demux_mul_1' was assigned but not read. 
RTL Name 'gen_min_mul_buses_19.out_demux_mul_1', Hierarchy 'cn_core', File '/home/victor/open_baseband/openasip/custom_units/LDPC/LDPC_decoder/new/cn_core.v', Line 897.
WARNING: [Synth 37-93] [ASSIGN-6]Signal 'gen_min_mul_buses_19.out_demux_mul_2' was assigned but not read. 
RTL Name 'gen_min_mul_buses_19.out_demux_mul_2', Hierarchy 'cn_core', File '/home/victor/open_baseband/openasip/custom_units/LDPC/LDPC_decoder/new/cn_core.v', Line 898.
WARNING: [Synth 37-126] [ASSIGN-9]Some bits in IO 'out_llr' are not set. First unset bit index is 0. 
RTL Name 'out_llr', Hierarchy 'cn_core', File 'cn_core.v', Line 74.
WARNING: [Synth 37-124] [ASSIGN-5]Some bits in 'out_llr_w' are not set. First unset bit index is 0. 
RTL Name 'out_llr_w', Hierarchy 'ldpc', File 'ldpc.v', Line 17.
WARNING: [Synth 37-126] [ASSIGN-9]Some bits in IO 'out_llr' are not set. First unset bit index is 0. 
RTL Name 'out_llr', Hierarchy 'ldpc', File 'ldpc.v', Line 11.
INFO: [Synth 37-85] Total of 46 linter message(s) generated.
INFO: [Synth 37-45] Linter Run Finished!
Synthesis Optimization Runtime : Time (s): cpu = 00:00:05 ; elapsed = 00:00:04 . Memory (MB): peak = 12940.297 ; gain = 0.000 ; free physical = 1972 ; free virtual = 11352
INFO: [Common 17-83] Releasing license: Synthesis
27 Infos, 46 Warnings, 0 Critical Warnings and 0 Errors encountered.
synth_design completed successfully
reset_run synth_1
INFO: [Project 1-1161] Replacing file /home/victor/open_baseband/openasip/custom_units/LDPC/LDPC_decoder/new/project_1.srcs/utils_1/imports/synth_1/cn_core.dcp with file /home/victor/open_baseband/openasip/custom_units/LDPC/LDPC_decoder/new/project_1.runs/synth_1/ldpc.dcp
launch_runs synth_1 -jobs 15
[Thu Jun  4 16:59:32 2026] Launched synth_1...
Run output will be captured here: /home/victor/open_baseband/openasip/custom_units/LDPC/LDPC_decoder/new/project_1.runs/synth_1/runme.log
refresh_design
INFO: [Project 1-5699] Read binary netlist with skipMacroContent - 1
Netlist sorting complete. Time (s): cpu = 00:00:00 ; elapsed = 00:00:00 . Memory (MB): peak = 12951.367 ; gain = 0.000 ; free physical = 2470 ; free virtual = 11567
INFO: [Project 1-479] Netlist was created with Vivado 2025.2
INFO: [Project 1-570] Preparing netlist for logic optimization
INFO: [Opt 31-138] Pushed 0 inverter(s) to 0 load pin(s).
refresh_design: Time (s): cpu = 00:00:20 ; elapsed = 00:00:10 . Memory (MB): peak = 12951.367 ; gain = 0.000 ; free physical = 2361 ; free virtual = 11458
synth_design -top ldpc -part xczu7ev-ffvc1156-2-e -lint 
Command: synth_design -top ldpc -part xczu7ev-ffvc1156-2-e -lint
Starting synth_design
Attempting to get a license for feature 'Synthesis' and/or device 'xczu7ev'
INFO: [Common 17-349] Got license for feature 'Synthesis' and/or device 'xczu7ev'
INFO: [Synth 8-7079] Multithreading enabled for synth_design using a maximum of 7 processes.
---------------------------------------------------------------------------------
Starting Synthesize : Time (s): cpu = 00:00:03 ; elapsed = 00:00:03 . Memory (MB): peak = 12981.188 ; gain = 0.000 ; free physical = 2026 ; free virtual = 11136
---------------------------------------------------------------------------------
Clean up Linter database...
INFO: [Synth 8-6157] synthesizing module 'ldpc' [/home/victor/open_baseband/openasip/custom_units/LDPC/LDPC_decoder/new/project_1.srcs/sources_1/imports/new/ldpc.v:3]
INFO: [Synth 8-6157] synthesizing module 'cn_core' [/home/victor/open_baseband/openasip/custom_units/LDPC/LDPC_decoder/new/cn_core.v:41]
	Parameter DEGREE bound to: 19 - type: integer 
	Parameter WIDTH bound to: 8 - type: integer 
	Parameter sel_mux_cn_proc_3 bound to: 2'b11 
	Parameter sel_mux_cn_proc_4 bound to: 2'b11 
	Parameter sel_mux_cn_proc_5 bound to: 2'b11 
	Parameter sel_mux_cn_proc_6 bound to: 2'b11 
	Parameter sel_mux_cn_proc_7 bound to: 2'b11 
	Parameter sel_mux_cn_proc_8 bound to: 2'b11 
	Parameter sel_mux_cn_proc_9 bound to: 2'b11 
	Parameter sel_mux_cn_proc_10 bound to: 2'b11 
	Parameter sel_mux_cn_proc_19 bound to: 2'b00 
	Parameter sel_demux_min_0 bound to: 4'b1000 
	Parameter sel_demux_min_1 bound to: 4'b1111 
	Parameter sel_demux_min_2 bound to: 4'b1111 
	Parameter sel_demux_mul_0 bound to: 4'b1000 
	Parameter sel_demux_mul_1 bound to: 4'b1111 
	Parameter sel_demux_mul_2 bound to: 4'b1111 
	Parameter sel_demux_min_30 bound to: 1'b0 
	Parameter sel_demux_min_31 bound to: 1'b0 
	Parameter sel_demux_mul_30 bound to: 1'b0 
	Parameter sel_demux_mul_31 bound to: 1'b0 
INFO: [Synth 8-6157] synthesizing module 'cn_proc' [/home/victor/open_baseband/openasip/custom_units/LDPC/LDPC_decoder/new/cn_proc.v:1]
	Parameter GROUP bound to: 3 - type: integer 
	Parameter WIDTH bound to: 8 - type: integer 
INFO: [Synth 8-6155] done synthesizing module 'cn_proc' (1#1) [/home/victor/open_baseband/openasip/custom_units/LDPC/LDPC_decoder/new/cn_proc.v:1]
INFO: [Synth 8-6157] synthesizing module 'cn_proc__parameterized0' [/home/victor/open_baseband/openasip/custom_units/LDPC/LDPC_decoder/new/cn_proc.v:1]
	Parameter GROUP bound to: 4 - type: integer 
	Parameter WIDTH bound to: 8 - type: integer 
INFO: [Synth 8-6155] done synthesizing module 'cn_proc__parameterized0' (1#1) [/home/victor/open_baseband/openasip/custom_units/LDPC/LDPC_decoder/new/cn_proc.v:1]
INFO: [Synth 8-6157] synthesizing module 'cn_proc__parameterized1' [/home/victor/open_baseband/openasip/custom_units/LDPC/LDPC_decoder/new/cn_proc.v:1]
	Parameter GROUP bound to: 5 - type: integer 
	Parameter WIDTH bound to: 8 - type: integer 
INFO: [Synth 8-6155] done synthesizing module 'cn_proc__parameterized1' (1#1) [/home/victor/open_baseband/openasip/custom_units/LDPC/LDPC_decoder/new/cn_proc.v:1]
INFO: [Synth 8-6157] synthesizing module 'cn_proc__parameterized2' [/home/victor/open_baseband/openasip/custom_units/LDPC/LDPC_decoder/new/cn_proc.v:1]
	Parameter GROUP bound to: 6 - type: integer 
	Parameter WIDTH bound to: 8 - type: integer 
INFO: [Synth 8-6155] done synthesizing module 'cn_proc__parameterized2' (1#1) [/home/victor/open_baseband/openasip/custom_units/LDPC/LDPC_decoder/new/cn_proc.v:1]
INFO: [Synth 8-6157] synthesizing module 'cn_proc__parameterized3' [/home/victor/open_baseband/openasip/custom_units/LDPC/LDPC_decoder/new/cn_proc.v:1]
	Parameter GROUP bound to: 7 - type: integer 
	Parameter WIDTH bound to: 8 - type: integer 
INFO: [Synth 8-6155] done synthesizing module 'cn_proc__parameterized3' (1#1) [/home/victor/open_baseband/openasip/custom_units/LDPC/LDPC_decoder/new/cn_proc.v:1]
INFO: [Synth 8-6157] synthesizing module 'cn_proc__parameterized4' [/home/victor/open_baseband/openasip/custom_units/LDPC/LDPC_decoder/new/cn_proc.v:1]
	Parameter GROUP bound to: 8 - type: integer 
	Parameter WIDTH bound to: 8 - type: integer 
INFO: [Synth 8-6155] done synthesizing module 'cn_proc__parameterized4' (1#1) [/home/victor/open_baseband/openasip/custom_units/LDPC/LDPC_decoder/new/cn_proc.v:1]
INFO: [Synth 8-6157] synthesizing module 'cn_proc__parameterized5' [/home/victor/open_baseband/openasip/custom_units/LDPC/LDPC_decoder/new/cn_proc.v:1]
	Parameter GROUP bound to: 9 - type: integer 
	Parameter WIDTH bound to: 8 - type: integer 
INFO: [Synth 8-6155] done synthesizing module 'cn_proc__parameterized5' (1#1) [/home/victor/open_baseband/openasip/custom_units/LDPC/LDPC_decoder/new/cn_proc.v:1]
INFO: [Synth 8-6157] synthesizing module 'cn_proc__parameterized6' [/home/victor/open_baseband/openasip/custom_units/LDPC/LDPC_decoder/new/cn_proc.v:1]
	Parameter GROUP bound to: 10 - type: integer 
	Parameter WIDTH bound to: 8 - type: integer 
INFO: [Synth 8-6155] done synthesizing module 'cn_proc__parameterized6' (1#1) [/home/victor/open_baseband/openasip/custom_units/LDPC/LDPC_decoder/new/cn_proc.v:1]
INFO: [Synth 8-6157] synthesizing module 'cn_proc__parameterized7' [/home/victor/open_baseband/openasip/custom_units/LDPC/LDPC_decoder/new/cn_proc.v:1]
	Parameter GROUP bound to: 19 - type: integer 
	Parameter WIDTH bound to: 8 - type: integer 
INFO: [Synth 8-6155] done synthesizing module 'cn_proc__parameterized7' (1#1) [/home/victor/open_baseband/openasip/custom_units/LDPC/LDPC_decoder/new/cn_proc.v:1]
INFO: [Synth 8-6155] done synthesizing module 'cn_core' (2#1) [/home/victor/open_baseband/openasip/custom_units/LDPC/LDPC_decoder/new/cn_core.v:41]
INFO: [Synth 8-6155] done synthesizing module 'ldpc' (3#1) [/home/victor/open_baseband/openasip/custom_units/LDPC/LDPC_decoder/new/project_1.srcs/sources_1/imports/new/ldpc.v:3]
---------------------------------------------------------------------------------
Finished Synthesize : Time (s): cpu = 00:00:04 ; elapsed = 00:00:04 . Memory (MB): peak = 12981.188 ; gain = 0.000 ; free physical = 2037 ; free virtual = 11146
---------------------------------------------------------------------------------
Copyright 1986-2022 Xilinx, Inc. All Rights Reserved. Copyright 2022-2025 Advanced Micro Devices, Inc. All Rights Reserved.
---------------------------------------------------------------------------------------------------------------------------------------------
| Tool Version : Vivado v.2025.2 (lin64) Build 6299465 Fri Nov 14 12:34:56 MST 2025
| Date         : Thu Jun  4 17:10:35 2026
| Host         : victor-IdeaPad-Slim-3-15ARP10 running 64-bit Ubuntu 24.04.4 LTS
---------------------------------------------------------------------------------------------------------------------------------------------

RTL Linter Report

Table of Contents
-----------------
1. Summary

1. Summary
----------

+----------+----------+--------------+----------+
| Rule ID  | Severity | # Violations | # Waived |
+----------+----------+--------------+----------+
| ASSIGN-5 | WARNING  | 13           | 0        |
| ASSIGN-6 | WARNING  | 31           | 0        |
| ASSIGN-9 | WARNING  | 2            | 0        |
+----------+----------+--------------+----------+


WARNING: [Synth 37-124] [ASSIGN-5]Some bits in 'gen_cn_buses_19.in_cn_proc_10' are not set. First unset bit index is 0. 
RTL Name 'gen_cn_buses_19.in_cn_proc_10', Hierarchy 'cn_core', File 'cn_core.v', Line 278.
WARNING: [Synth 37-124] [ASSIGN-5]Some bits in 'gen_cn_buses_19.in_cn_proc_3' are not set. First unset bit index is 0. 
RTL Name 'gen_cn_buses_19.in_cn_proc_3', Hierarchy 'cn_core', File 'cn_core.v', Line 243.
WARNING: [Synth 37-124] [ASSIGN-5]Some bits in 'gen_cn_buses_19.in_cn_proc_4' are not set. First unset bit index is 0. 
RTL Name 'gen_cn_buses_19.in_cn_proc_4', Hierarchy 'cn_core', File 'cn_core.v', Line 248.
WARNING: [Synth 37-124] [ASSIGN-5]Some bits in 'gen_cn_buses_19.in_cn_proc_5' are not set. First unset bit index is 0. 
RTL Name 'gen_cn_buses_19.in_cn_proc_5', Hierarchy 'cn_core', File 'cn_core.v', Line 253.
WARNING: [Synth 37-124] [ASSIGN-5]Some bits in 'gen_cn_buses_19.in_cn_proc_6' are not set. First unset bit index is 0. 
RTL Name 'gen_cn_buses_19.in_cn_proc_6', Hierarchy 'cn_core', File 'cn_core.v', Line 258.
WARNING: [Synth 37-124] [ASSIGN-5]Some bits in 'gen_cn_buses_19.in_cn_proc_7' are not set. First unset bit index is 0. 
RTL Name 'gen_cn_buses_19.in_cn_proc_7', Hierarchy 'cn_core', File 'cn_core.v', Line 263.
WARNING: [Synth 37-124] [ASSIGN-5]Some bits in 'gen_cn_buses_19.in_cn_proc_8' are not set. First unset bit index is 0. 
RTL Name 'gen_cn_buses_19.in_cn_proc_8', Hierarchy 'cn_core', File 'cn_core.v', Line 268.
WARNING: [Synth 37-124] [ASSIGN-5]Some bits in 'gen_cn_buses_19.in_cn_proc_9' are not set. First unset bit index is 0. 
RTL Name 'gen_cn_buses_19.in_cn_proc_9', Hierarchy 'cn_core', File 'cn_core.v', Line 273.
WARNING: [Synth 37-124] [ASSIGN-5]Some bits in 'gen_min_mul_buses_19.out_demux_min_1' are not set. First unset bit index is 0. 
RTL Name 'gen_min_mul_buses_19.out_demux_min_1', Hierarchy 'cn_core', File 'cn_core.v', Line 894.
WARNING: [Synth 37-124] [ASSIGN-5]Some bits in 'gen_min_mul_buses_19.out_demux_min_2' are not set. First unset bit index is 0. 
RTL Name 'gen_min_mul_buses_19.out_demux_min_2', Hierarchy 'cn_core', File 'cn_core.v', Line 895.
WARNING: [Synth 37-124] [ASSIGN-5]Some bits in 'gen_min_mul_buses_19.out_demux_mul_1' are not set. First unset bit index is 0. 
RTL Name 'gen_min_mul_buses_19.out_demux_mul_1', Hierarchy 'cn_core', File 'cn_core.v', Line 897.
WARNING: [Synth 37-124] [ASSIGN-5]Some bits in 'gen_min_mul_buses_19.out_demux_mul_2' are not set. First unset bit index is 0. 
RTL Name 'gen_min_mul_buses_19.out_demux_mul_2', Hierarchy 'cn_core', File 'cn_core.v', Line 898.
WARNING: [Synth 37-117] [ASSIGN-6] 3 signals within array 'in_cn_proc_10' are not read, switch to verbose mode to see all details. 
RTL Name 'in_cn_proc_10', Hierarchy 'cn_core', File '/home/victor/open_baseband/openasip/custom_units/LDPC/LDPC_decoder/new/cn_core.v', Line 144.
WARNING: [Synth 37-117] [ASSIGN-6] 3 signals within array 'in_cn_proc_3' are not read, switch to verbose mode to see all details. 
RTL Name 'in_cn_proc_3', Hierarchy 'cn_core', File '/home/victor/open_baseband/openasip/custom_units/LDPC/LDPC_decoder/new/cn_core.v', Line 137.
WARNING: [Synth 37-117] [ASSIGN-6] 3 signals within array 'in_cn_proc_4' are not read, switch to verbose mode to see all details. 
RTL Name 'in_cn_proc_4', Hierarchy 'cn_core', File '/home/victor/open_baseband/openasip/custom_units/LDPC/LDPC_decoder/new/cn_core.v', Line 138.
WARNING: [Synth 37-117] [ASSIGN-6] 3 signals within array 'in_cn_proc_5' are not read, switch to verbose mode to see all details. 
RTL Name 'in_cn_proc_5', Hierarchy 'cn_core', File '/home/victor/open_baseband/openasip/custom_units/LDPC/LDPC_decoder/new/cn_core.v', Line 139.
WARNING: [Synth 37-117] [ASSIGN-6] 3 signals within array 'in_cn_proc_6' are not read, switch to verbose mode to see all details. 
RTL Name 'in_cn_proc_6', Hierarchy 'cn_core', File '/home/victor/open_baseband/openasip/custom_units/LDPC/LDPC_decoder/new/cn_core.v', Line 140.
WARNING: [Synth 37-117] [ASSIGN-6] 3 signals within array 'in_cn_proc_7' are not read, switch to verbose mode to see all details. 
RTL Name 'in_cn_proc_7', Hierarchy 'cn_core', File '/home/victor/open_baseband/openasip/custom_units/LDPC/LDPC_decoder/new/cn_core.v', Line 141.
WARNING: [Synth 37-117] [ASSIGN-6] 3 signals within array 'in_cn_proc_8' are not read, switch to verbose mode to see all details. 
RTL Name 'in_cn_proc_8', Hierarchy 'cn_core', File '/home/victor/open_baseband/openasip/custom_units/LDPC/LDPC_decoder/new/cn_core.v', Line 142.
WARNING: [Synth 37-117] [ASSIGN-6] 3 signals within array 'in_cn_proc_9' are not read, switch to verbose mode to see all details. 
RTL Name 'in_cn_proc_9', Hierarchy 'cn_core', File '/home/victor/open_baseband/openasip/custom_units/LDPC/LDPC_decoder/new/cn_core.v', Line 143.
WARNING: [Synth 37-117] [ASSIGN-6] 2 signals within array 'in_cn_proc_19' are not read, switch to verbose mode to see all details. 
RTL Name 'in_cn_proc_19', Hierarchy 'cn_core', File '/home/victor/open_baseband/openasip/custom_units/LDPC/LDPC_decoder/new/cn_core.v', Line 145.
WARNING: [Synth 37-93] [ASSIGN-6]Signal 'gen_cn_buses_19.min_cn_proc_10' was assigned but not read. 
RTL Name 'gen_cn_buses_19.min_cn_proc_10', Hierarchy 'cn_core', File '/home/victor/open_baseband/openasip/custom_units/LDPC/LDPC_decoder/new/cn_core.v', Line 280.
WARNING: [Synth 37-93] [ASSIGN-6]Signal 'gen_cn_buses_19.min_cn_proc_3' was assigned but not read. 
RTL Name 'gen_cn_buses_19.min_cn_proc_3', Hierarchy 'cn_core', File '/home/victor/open_baseband/openasip/custom_units/LDPC/LDPC_decoder/new/cn_core.v', Line 245.
WARNING: [Synth 37-93] [ASSIGN-6]Signal 'gen_cn_buses_19.min_cn_proc_4' was assigned but not read. 
RTL Name 'gen_cn_buses_19.min_cn_proc_4', Hierarchy 'cn_core', File '/home/victor/open_baseband/openasip/custom_units/LDPC/LDPC_decoder/new/cn_core.v', Line 250.
WARNING: [Synth 37-93] [ASSIGN-6]Signal 'gen_cn_buses_19.min_cn_proc_5' was assigned but not read. 
RTL Name 'gen_cn_buses_19.min_cn_proc_5', Hierarchy 'cn_core', File '/home/victor/open_baseband/openasip/custom_units/LDPC/LDPC_decoder/new/cn_core.v', Line 255.
WARNING: [Synth 37-93] [ASSIGN-6]Signal 'gen_cn_buses_19.min_cn_proc_6' was assigned but not read. 
RTL Name 'gen_cn_buses_19.min_cn_proc_6', Hierarchy 'cn_core', File '/home/victor/open_baseband/openasip/custom_units/LDPC/LDPC_decoder/new/cn_core.v', Line 260.
WARNING: [Synth 37-93] [ASSIGN-6]Signal 'gen_cn_buses_19.min_cn_proc_7' was assigned but not read. 
RTL Name 'gen_cn_buses_19.min_cn_proc_7', Hierarchy 'cn_core', File '/home/victor/open_baseband/openasip/custom_units/LDPC/LDPC_decoder/new/cn_core.v', Line 265.
WARNING: [Synth 37-93] [ASSIGN-6]Signal 'gen_cn_buses_19.min_cn_proc_8' was assigned but not read. 
RTL Name 'gen_cn_buses_19.min_cn_proc_8', Hierarchy 'cn_core', File '/home/victor/open_baseband/openasip/custom_units/LDPC/LDPC_decoder/new/cn_core.v', Line 270.
WARNING: [Synth 37-93] [ASSIGN-6]Signal 'gen_cn_buses_19.min_cn_proc_9' was assigned but not read. 
RTL Name 'gen_cn_buses_19.min_cn_proc_9', Hierarchy 'cn_core', File '/home/victor/open_baseband/openasip/custom_units/LDPC/LDPC_decoder/new/cn_core.v', Line 275.
WARNING: [Synth 37-93] [ASSIGN-6]Signal 'gen_cn_buses_19.sgn_mul_cn_proc_10' was assigned but not read. 
RTL Name 'gen_cn_buses_19.sgn_mul_cn_proc_10', Hierarchy 'cn_core', File '/home/victor/open_baseband/openasip/custom_units/LDPC/LDPC_decoder/new/cn_core.v', Line 281.
WARNING: [Synth 37-93] [ASSIGN-6]Signal 'gen_cn_buses_19.sgn_mul_cn_proc_3' was assigned but not read. 
RTL Name 'gen_cn_buses_19.sgn_mul_cn_proc_3', Hierarchy 'cn_core', File '/home/victor/open_baseband/openasip/custom_units/LDPC/LDPC_decoder/new/cn_core.v', Line 246.
WARNING: [Synth 37-93] [ASSIGN-6]Signal 'gen_cn_buses_19.sgn_mul_cn_proc_4' was assigned but not read. 
RTL Name 'gen_cn_buses_19.sgn_mul_cn_proc_4', Hierarchy 'cn_core', File '/home/victor/open_baseband/openasip/custom_units/LDPC/LDPC_decoder/new/cn_core.v', Line 251.
WARNING: [Synth 37-93] [ASSIGN-6]Signal 'gen_cn_buses_19.sgn_mul_cn_proc_5' was assigned but not read. 
RTL Name 'gen_cn_buses_19.sgn_mul_cn_proc_5', Hierarchy 'cn_core', File '/home/victor/open_baseband/openasip/custom_units/LDPC/LDPC_decoder/new/cn_core.v', Line 256.
WARNING: [Synth 37-93] [ASSIGN-6]Signal 'gen_cn_buses_19.sgn_mul_cn_proc_6' was assigned but not read. 
RTL Name 'gen_cn_buses_19.sgn_mul_cn_proc_6', Hierarchy 'cn_core', File '/home/victor/open_baseband/openasip/custom_units/LDPC/LDPC_decoder/new/cn_core.v', Line 261.
WARNING: [Synth 37-93] [ASSIGN-6]Signal 'gen_cn_buses_19.sgn_mul_cn_proc_7' was assigned but not read. 
RTL Name 'gen_cn_buses_19.sgn_mul_cn_proc_7', Hierarchy 'cn_core', File '/home/victor/open_baseband/openasip/custom_units/LDPC/LDPC_decoder/new/cn_core.v', Line 266.
WARNING: [Synth 37-93] [ASSIGN-6]Signal 'gen_cn_buses_19.sgn_mul_cn_proc_8' was assigned but not read. 
RTL Name 'gen_cn_buses_19.sgn_mul_cn_proc_8', Hierarchy 'cn_core', File '/home/victor/open_baseband/openasip/custom_units/LDPC/LDPC_decoder/new/cn_core.v', Line 271.
WARNING: [Synth 37-93] [ASSIGN-6]Signal 'gen_cn_buses_19.sgn_mul_cn_proc_9' was assigned but not read. 
RTL Name 'gen_cn_buses_19.sgn_mul_cn_proc_9', Hierarchy 'cn_core', File '/home/victor/open_baseband/openasip/custom_units/LDPC/LDPC_decoder/new/cn_core.v', Line 276.
WARNING: [Synth 37-93] [ASSIGN-6]Signal 'gen_min_mul_buses_19.out_demux_min_0' was assigned but not read. 
RTL Name 'gen_min_mul_buses_19.out_demux_min_0', Hierarchy 'cn_core', File '/home/victor/open_baseband/openasip/custom_units/LDPC/LDPC_decoder/new/cn_core.v', Line 893.
WARNING: [Synth 37-93] [ASSIGN-6]Signal 'gen_min_mul_buses_19.out_demux_min_1' was assigned but not read. 
RTL Name 'gen_min_mul_buses_19.out_demux_min_1', Hierarchy 'cn_core', File '/home/victor/open_baseband/openasip/custom_units/LDPC/LDPC_decoder/new/cn_core.v', Line 894.
WARNING: [Synth 37-93] [ASSIGN-6]Signal 'gen_min_mul_buses_19.out_demux_min_2' was assigned but not read. 
RTL Name 'gen_min_mul_buses_19.out_demux_min_2', Hierarchy 'cn_core', File '/home/victor/open_baseband/openasip/custom_units/LDPC/LDPC_decoder/new/cn_core.v', Line 895.
WARNING: [Synth 37-93] [ASSIGN-6]Signal 'gen_min_mul_buses_19.out_demux_mul_0' was assigned but not read. 
RTL Name 'gen_min_mul_buses_19.out_demux_mul_0', Hierarchy 'cn_core', File '/home/victor/open_baseband/openasip/custom_units/LDPC/LDPC_decoder/new/cn_core.v', Line 896.
WARNING: [Synth 37-93] [ASSIGN-6]Signal 'gen_min_mul_buses_19.out_demux_mul_1' was assigned but not read. 
RTL Name 'gen_min_mul_buses_19.out_demux_mul_1', Hierarchy 'cn_core', File '/home/victor/open_baseband/openasip/custom_units/LDPC/LDPC_decoder/new/cn_core.v', Line 897.
WARNING: [Synth 37-93] [ASSIGN-6]Signal 'gen_min_mul_buses_19.out_demux_mul_2' was assigned but not read. 
RTL Name 'gen_min_mul_buses_19.out_demux_mul_2', Hierarchy 'cn_core', File '/home/victor/open_baseband/openasip/custom_units/LDPC/LDPC_decoder/new/cn_core.v', Line 898.
WARNING: [Synth 37-126] [ASSIGN-9]Some bits in IO 'out_llr' are not set. First unset bit index is 0. 
RTL Name 'out_llr', Hierarchy 'cn_core', File 'cn_core.v', Line 74.
WARNING: [Synth 37-124] [ASSIGN-5]Some bits in 'out_llr_w' are not set. First unset bit index is 0. 
RTL Name 'out_llr_w', Hierarchy 'ldpc', File 'ldpc.v', Line 17.
WARNING: [Synth 37-126] [ASSIGN-9]Some bits in IO 'out_llr' are not set. First unset bit index is 0. 
RTL Name 'out_llr', Hierarchy 'ldpc', File 'ldpc.v', Line 11.
INFO: [Synth 37-85] Total of 46 linter message(s) generated.
INFO: [Synth 37-45] Linter Run Finished!
Synthesis Optimization Runtime : Time (s): cpu = 00:00:04 ; elapsed = 00:00:04 . Memory (MB): peak = 12981.188 ; gain = 0.000 ; free physical = 2034 ; free virtual = 11144
INFO: [Common 17-83] Releasing license: Synthesis
27 Infos, 46 Warnings, 0 Critical Warnings and 0 Errors encountered.
synth_design completed successfully
reset_run synth_1
INFO: [Project 1-1161] Replacing file /home/victor/open_baseband/openasip/custom_units/LDPC/LDPC_decoder/new/project_1.srcs/utils_1/imports/synth_1/cn_core.dcp with file /home/victor/open_baseband/openasip/custom_units/LDPC/LDPC_decoder/new/project_1.runs/synth_1/ldpc.dcp
launch_runs synth_1 -jobs 15
[Thu Jun  4 17:11:05 2026] Launched synth_1...
Run output will be captured here: /home/victor/open_baseband/openasip/custom_units/LDPC/LDPC_decoder/new/project_1.runs/synth_1/runme.log
close_design
synth_design -top ldpc -part xczu7ev-ffvc1156-2-e -lint 
Command: synth_design -top ldpc -part xczu7ev-ffvc1156-2-e -lint
Starting synth_design
Attempting to get a license for feature 'Synthesis' and/or device 'xczu7ev'
INFO: [Common 17-349] Got license for feature 'Synthesis' and/or device 'xczu7ev'
INFO: [Synth 8-7079] Multithreading enabled for synth_design using a maximum of 7 processes.
---------------------------------------------------------------------------------
Starting Synthesize : Time (s): cpu = 00:00:04 ; elapsed = 00:00:03 . Memory (MB): peak = 12981.188 ; gain = 0.000 ; free physical = 2287 ; free virtual = 11296
---------------------------------------------------------------------------------
Clean up Linter database...
INFO: [Synth 8-6157] synthesizing module 'ldpc' [/home/victor/open_baseband/openasip/custom_units/LDPC/LDPC_decoder/new/project_1.srcs/sources_1/imports/new/ldpc.v:3]
INFO: [Synth 8-6157] synthesizing module 'cn_core' [/home/victor/open_baseband/openasip/custom_units/LDPC/LDPC_decoder/new/cn_core.v:41]
	Parameter DEGREE bound to: 19 - type: integer 
	Parameter WIDTH bound to: 8 - type: integer 
	Parameter sel_mux_cn_proc_3 bound to: 2'b11 
	Parameter sel_mux_cn_proc_4 bound to: 2'b11 
	Parameter sel_mux_cn_proc_5 bound to: 2'b11 
	Parameter sel_mux_cn_proc_6 bound to: 2'b11 
	Parameter sel_mux_cn_proc_7 bound to: 2'b11 
	Parameter sel_mux_cn_proc_8 bound to: 2'b11 
	Parameter sel_mux_cn_proc_9 bound to: 2'b11 
	Parameter sel_mux_cn_proc_10 bound to: 2'b11 
	Parameter sel_mux_cn_proc_19 bound to: 2'b00 
	Parameter sel_demux_min_0 bound to: 4'b1000 
	Parameter sel_demux_min_1 bound to: 4'b1111 
	Parameter sel_demux_min_2 bound to: 4'b1111 
	Parameter sel_demux_mul_0 bound to: 4'b1000 
	Parameter sel_demux_mul_1 bound to: 4'b1111 
	Parameter sel_demux_mul_2 bound to: 4'b1111 
	Parameter sel_demux_min_30 bound to: 1'b0 
	Parameter sel_demux_min_31 bound to: 1'b0 
	Parameter sel_demux_mul_30 bound to: 1'b0 
	Parameter sel_demux_mul_31 bound to: 1'b0 
INFO: [Synth 8-6157] synthesizing module 'cn_proc' [/home/victor/open_baseband/openasip/custom_units/LDPC/LDPC_decoder/new/cn_proc.v:1]
	Parameter GROUP bound to: 3 - type: integer 
	Parameter WIDTH bound to: 8 - type: integer 
INFO: [Synth 8-6155] done synthesizing module 'cn_proc' (1#1) [/home/victor/open_baseband/openasip/custom_units/LDPC/LDPC_decoder/new/cn_proc.v:1]
INFO: [Synth 8-6157] synthesizing module 'cn_proc__parameterized0' [/home/victor/open_baseband/openasip/custom_units/LDPC/LDPC_decoder/new/cn_proc.v:1]
	Parameter GROUP bound to: 4 - type: integer 
	Parameter WIDTH bound to: 8 - type: integer 
INFO: [Synth 8-6155] done synthesizing module 'cn_proc__parameterized0' (1#1) [/home/victor/open_baseband/openasip/custom_units/LDPC/LDPC_decoder/new/cn_proc.v:1]
INFO: [Synth 8-6157] synthesizing module 'cn_proc__parameterized1' [/home/victor/open_baseband/openasip/custom_units/LDPC/LDPC_decoder/new/cn_proc.v:1]
	Parameter GROUP bound to: 5 - type: integer 
	Parameter WIDTH bound to: 8 - type: integer 
INFO: [Synth 8-6155] done synthesizing module 'cn_proc__parameterized1' (1#1) [/home/victor/open_baseband/openasip/custom_units/LDPC/LDPC_decoder/new/cn_proc.v:1]
INFO: [Synth 8-6157] synthesizing module 'cn_proc__parameterized2' [/home/victor/open_baseband/openasip/custom_units/LDPC/LDPC_decoder/new/cn_proc.v:1]
	Parameter GROUP bound to: 6 - type: integer 
	Parameter WIDTH bound to: 8 - type: integer 
INFO: [Synth 8-6155] done synthesizing module 'cn_proc__parameterized2' (1#1) [/home/victor/open_baseband/openasip/custom_units/LDPC/LDPC_decoder/new/cn_proc.v:1]
INFO: [Synth 8-6157] synthesizing module 'cn_proc__parameterized3' [/home/victor/open_baseband/openasip/custom_units/LDPC/LDPC_decoder/new/cn_proc.v:1]
	Parameter GROUP bound to: 7 - type: integer 
	Parameter WIDTH bound to: 8 - type: integer 
INFO: [Synth 8-6155] done synthesizing module 'cn_proc__parameterized3' (1#1) [/home/victor/open_baseband/openasip/custom_units/LDPC/LDPC_decoder/new/cn_proc.v:1]
INFO: [Synth 8-6157] synthesizing module 'cn_proc__parameterized4' [/home/victor/open_baseband/openasip/custom_units/LDPC/LDPC_decoder/new/cn_proc.v:1]
	Parameter GROUP bound to: 8 - type: integer 
	Parameter WIDTH bound to: 8 - type: integer 
INFO: [Synth 8-6155] done synthesizing module 'cn_proc__parameterized4' (1#1) [/home/victor/open_baseband/openasip/custom_units/LDPC/LDPC_decoder/new/cn_proc.v:1]
INFO: [Synth 8-6157] synthesizing module 'cn_proc__parameterized5' [/home/victor/open_baseband/openasip/custom_units/LDPC/LDPC_decoder/new/cn_proc.v:1]
	Parameter GROUP bound to: 9 - type: integer 
	Parameter WIDTH bound to: 8 - type: integer 
INFO: [Synth 8-6155] done synthesizing module 'cn_proc__parameterized5' (1#1) [/home/victor/open_baseband/openasip/custom_units/LDPC/LDPC_decoder/new/cn_proc.v:1]
INFO: [Synth 8-6157] synthesizing module 'cn_proc__parameterized6' [/home/victor/open_baseband/openasip/custom_units/LDPC/LDPC_decoder/new/cn_proc.v:1]
	Parameter GROUP bound to: 10 - type: integer 
	Parameter WIDTH bound to: 8 - type: integer 
INFO: [Synth 8-6155] done synthesizing module 'cn_proc__parameterized6' (1#1) [/home/victor/open_baseband/openasip/custom_units/LDPC/LDPC_decoder/new/cn_proc.v:1]
INFO: [Synth 8-6157] synthesizing module 'cn_proc__parameterized7' [/home/victor/open_baseband/openasip/custom_units/LDPC/LDPC_decoder/new/cn_proc.v:1]
	Parameter GROUP bound to: 19 - type: integer 
	Parameter WIDTH bound to: 8 - type: integer 
INFO: [Synth 8-6155] done synthesizing module 'cn_proc__parameterized7' (1#1) [/home/victor/open_baseband/openasip/custom_units/LDPC/LDPC_decoder/new/cn_proc.v:1]
INFO: [Synth 8-6155] done synthesizing module 'cn_core' (2#1) [/home/victor/open_baseband/openasip/custom_units/LDPC/LDPC_decoder/new/cn_core.v:41]
INFO: [Synth 8-6155] done synthesizing module 'ldpc' (3#1) [/home/victor/open_baseband/openasip/custom_units/LDPC/LDPC_decoder/new/project_1.srcs/sources_1/imports/new/ldpc.v:3]
---------------------------------------------------------------------------------
Finished Synthesize : Time (s): cpu = 00:00:05 ; elapsed = 00:00:04 . Memory (MB): peak = 12981.188 ; gain = 0.000 ; free physical = 2300 ; free virtual = 11310
---------------------------------------------------------------------------------
Copyright 1986-2022 Xilinx, Inc. All Rights Reserved. Copyright 2022-2025 Advanced Micro Devices, Inc. All Rights Reserved.
---------------------------------------------------------------------------------------------------------------------------------------------
| Tool Version : Vivado v.2025.2 (lin64) Build 6299465 Fri Nov 14 12:34:56 MST 2025
| Date         : Thu Jun  4 17:12:19 2026
| Host         : victor-IdeaPad-Slim-3-15ARP10 running 64-bit Ubuntu 24.04.4 LTS
---------------------------------------------------------------------------------------------------------------------------------------------

RTL Linter Report

Table of Contents
-----------------
1. Summary

1. Summary
----------

+----------+----------+--------------+----------+
| Rule ID  | Severity | # Violations | # Waived |
+----------+----------+--------------+----------+
| ASSIGN-5 | WARNING  | 13           | 0        |
| ASSIGN-6 | WARNING  | 31           | 0        |
| ASSIGN-9 | WARNING  | 2            | 0        |
+----------+----------+--------------+----------+


WARNING: [Synth 37-124] [ASSIGN-5]Some bits in 'gen_cn_buses_19.in_cn_proc_10' are not set. First unset bit index is 0. 
RTL Name 'gen_cn_buses_19.in_cn_proc_10', Hierarchy 'cn_core', File 'cn_core.v', Line 278.
WARNING: [Synth 37-124] [ASSIGN-5]Some bits in 'gen_cn_buses_19.in_cn_proc_3' are not set. First unset bit index is 0. 
RTL Name 'gen_cn_buses_19.in_cn_proc_3', Hierarchy 'cn_core', File 'cn_core.v', Line 243.
WARNING: [Synth 37-124] [ASSIGN-5]Some bits in 'gen_cn_buses_19.in_cn_proc_4' are not set. First unset bit index is 0. 
RTL Name 'gen_cn_buses_19.in_cn_proc_4', Hierarchy 'cn_core', File 'cn_core.v', Line 248.
WARNING: [Synth 37-124] [ASSIGN-5]Some bits in 'gen_cn_buses_19.in_cn_proc_5' are not set. First unset bit index is 0. 
RTL Name 'gen_cn_buses_19.in_cn_proc_5', Hierarchy 'cn_core', File 'cn_core.v', Line 253.
WARNING: [Synth 37-124] [ASSIGN-5]Some bits in 'gen_cn_buses_19.in_cn_proc_6' are not set. First unset bit index is 0. 
RTL Name 'gen_cn_buses_19.in_cn_proc_6', Hierarchy 'cn_core', File 'cn_core.v', Line 258.
WARNING: [Synth 37-124] [ASSIGN-5]Some bits in 'gen_cn_buses_19.in_cn_proc_7' are not set. First unset bit index is 0. 
RTL Name 'gen_cn_buses_19.in_cn_proc_7', Hierarchy 'cn_core', File 'cn_core.v', Line 263.
WARNING: [Synth 37-124] [ASSIGN-5]Some bits in 'gen_cn_buses_19.in_cn_proc_8' are not set. First unset bit index is 0. 
RTL Name 'gen_cn_buses_19.in_cn_proc_8', Hierarchy 'cn_core', File 'cn_core.v', Line 268.
WARNING: [Synth 37-124] [ASSIGN-5]Some bits in 'gen_cn_buses_19.in_cn_proc_9' are not set. First unset bit index is 0. 
RTL Name 'gen_cn_buses_19.in_cn_proc_9', Hierarchy 'cn_core', File 'cn_core.v', Line 273.
WARNING: [Synth 37-124] [ASSIGN-5]Some bits in 'gen_min_mul_buses_19.out_demux_min_1' are not set. First unset bit index is 0. 
RTL Name 'gen_min_mul_buses_19.out_demux_min_1', Hierarchy 'cn_core', File 'cn_core.v', Line 894.
WARNING: [Synth 37-124] [ASSIGN-5]Some bits in 'gen_min_mul_buses_19.out_demux_min_2' are not set. First unset bit index is 0. 
RTL Name 'gen_min_mul_buses_19.out_demux_min_2', Hierarchy 'cn_core', File 'cn_core.v', Line 895.
WARNING: [Synth 37-124] [ASSIGN-5]Some bits in 'gen_min_mul_buses_19.out_demux_mul_1' are not set. First unset bit index is 0. 
RTL Name 'gen_min_mul_buses_19.out_demux_mul_1', Hierarchy 'cn_core', File 'cn_core.v', Line 897.
WARNING: [Synth 37-124] [ASSIGN-5]Some bits in 'gen_min_mul_buses_19.out_demux_mul_2' are not set. First unset bit index is 0. 
RTL Name 'gen_min_mul_buses_19.out_demux_mul_2', Hierarchy 'cn_core', File 'cn_core.v', Line 898.
WARNING: [Synth 37-117] [ASSIGN-6] 3 signals within array 'in_cn_proc_10' are not read, switch to verbose mode to see all details. 
RTL Name 'in_cn_proc_10', Hierarchy 'cn_core', File '/home/victor/open_baseband/openasip/custom_units/LDPC/LDPC_decoder/new/cn_core.v', Line 144.
WARNING: [Synth 37-117] [ASSIGN-6] 3 signals within array 'in_cn_proc_3' are not read, switch to verbose mode to see all details. 
RTL Name 'in_cn_proc_3', Hierarchy 'cn_core', File '/home/victor/open_baseband/openasip/custom_units/LDPC/LDPC_decoder/new/cn_core.v', Line 137.
WARNING: [Synth 37-117] [ASSIGN-6] 3 signals within array 'in_cn_proc_4' are not read, switch to verbose mode to see all details. 
RTL Name 'in_cn_proc_4', Hierarchy 'cn_core', File '/home/victor/open_baseband/openasip/custom_units/LDPC/LDPC_decoder/new/cn_core.v', Line 138.
WARNING: [Synth 37-117] [ASSIGN-6] 3 signals within array 'in_cn_proc_5' are not read, switch to verbose mode to see all details. 
RTL Name 'in_cn_proc_5', Hierarchy 'cn_core', File '/home/victor/open_baseband/openasip/custom_units/LDPC/LDPC_decoder/new/cn_core.v', Line 139.
WARNING: [Synth 37-117] [ASSIGN-6] 3 signals within array 'in_cn_proc_6' are not read, switch to verbose mode to see all details. 
RTL Name 'in_cn_proc_6', Hierarchy 'cn_core', File '/home/victor/open_baseband/openasip/custom_units/LDPC/LDPC_decoder/new/cn_core.v', Line 140.
WARNING: [Synth 37-117] [ASSIGN-6] 3 signals within array 'in_cn_proc_7' are not read, switch to verbose mode to see all details. 
RTL Name 'in_cn_proc_7', Hierarchy 'cn_core', File '/home/victor/open_baseband/openasip/custom_units/LDPC/LDPC_decoder/new/cn_core.v', Line 141.
WARNING: [Synth 37-117] [ASSIGN-6] 3 signals within array 'in_cn_proc_8' are not read, switch to verbose mode to see all details. 
RTL Name 'in_cn_proc_8', Hierarchy 'cn_core', File '/home/victor/open_baseband/openasip/custom_units/LDPC/LDPC_decoder/new/cn_core.v', Line 142.
WARNING: [Synth 37-117] [ASSIGN-6] 3 signals within array 'in_cn_proc_9' are not read, switch to verbose mode to see all details. 
RTL Name 'in_cn_proc_9', Hierarchy 'cn_core', File '/home/victor/open_baseband/openasip/custom_units/LDPC/LDPC_decoder/new/cn_core.v', Line 143.
WARNING: [Synth 37-117] [ASSIGN-6] 2 signals within array 'in_cn_proc_19' are not read, switch to verbose mode to see all details. 
RTL Name 'in_cn_proc_19', Hierarchy 'cn_core', File '/home/victor/open_baseband/openasip/custom_units/LDPC/LDPC_decoder/new/cn_core.v', Line 145.
WARNING: [Synth 37-93] [ASSIGN-6]Signal 'gen_cn_buses_19.min_cn_proc_10' was assigned but not read. 
RTL Name 'gen_cn_buses_19.min_cn_proc_10', Hierarchy 'cn_core', File '/home/victor/open_baseband/openasip/custom_units/LDPC/LDPC_decoder/new/cn_core.v', Line 280.
WARNING: [Synth 37-93] [ASSIGN-6]Signal 'gen_cn_buses_19.min_cn_proc_3' was assigned but not read. 
RTL Name 'gen_cn_buses_19.min_cn_proc_3', Hierarchy 'cn_core', File '/home/victor/open_baseband/openasip/custom_units/LDPC/LDPC_decoder/new/cn_core.v', Line 245.
WARNING: [Synth 37-93] [ASSIGN-6]Signal 'gen_cn_buses_19.min_cn_proc_4' was assigned but not read. 
RTL Name 'gen_cn_buses_19.min_cn_proc_4', Hierarchy 'cn_core', File '/home/victor/open_baseband/openasip/custom_units/LDPC/LDPC_decoder/new/cn_core.v', Line 250.
WARNING: [Synth 37-93] [ASSIGN-6]Signal 'gen_cn_buses_19.min_cn_proc_5' was assigned but not read. 
RTL Name 'gen_cn_buses_19.min_cn_proc_5', Hierarchy 'cn_core', File '/home/victor/open_baseband/openasip/custom_units/LDPC/LDPC_decoder/new/cn_core.v', Line 255.
WARNING: [Synth 37-93] [ASSIGN-6]Signal 'gen_cn_buses_19.min_cn_proc_6' was assigned but not read. 
RTL Name 'gen_cn_buses_19.min_cn_proc_6', Hierarchy 'cn_core', File '/home/victor/open_baseband/openasip/custom_units/LDPC/LDPC_decoder/new/cn_core.v', Line 260.
WARNING: [Synth 37-93] [ASSIGN-6]Signal 'gen_cn_buses_19.min_cn_proc_7' was assigned but not read. 
RTL Name 'gen_cn_buses_19.min_cn_proc_7', Hierarchy 'cn_core', File '/home/victor/open_baseband/openasip/custom_units/LDPC/LDPC_decoder/new/cn_core.v', Line 265.
WARNING: [Synth 37-93] [ASSIGN-6]Signal 'gen_cn_buses_19.min_cn_proc_8' was assigned but not read. 
RTL Name 'gen_cn_buses_19.min_cn_proc_8', Hierarchy 'cn_core', File '/home/victor/open_baseband/openasip/custom_units/LDPC/LDPC_decoder/new/cn_core.v', Line 270.
WARNING: [Synth 37-93] [ASSIGN-6]Signal 'gen_cn_buses_19.min_cn_proc_9' was assigned but not read. 
RTL Name 'gen_cn_buses_19.min_cn_proc_9', Hierarchy 'cn_core', File '/home/victor/open_baseband/openasip/custom_units/LDPC/LDPC_decoder/new/cn_core.v', Line 275.
WARNING: [Synth 37-93] [ASSIGN-6]Signal 'gen_cn_buses_19.sgn_mul_cn_proc_10' was assigned but not read. 
RTL Name 'gen_cn_buses_19.sgn_mul_cn_proc_10', Hierarchy 'cn_core', File '/home/victor/open_baseband/openasip/custom_units/LDPC/LDPC_decoder/new/cn_core.v', Line 281.
WARNING: [Synth 37-93] [ASSIGN-6]Signal 'gen_cn_buses_19.sgn_mul_cn_proc_3' was assigned but not read. 
RTL Name 'gen_cn_buses_19.sgn_mul_cn_proc_3', Hierarchy 'cn_core', File '/home/victor/open_baseband/openasip/custom_units/LDPC/LDPC_decoder/new/cn_core.v', Line 246.
WARNING: [Synth 37-93] [ASSIGN-6]Signal 'gen_cn_buses_19.sgn_mul_cn_proc_4' was assigned but not read. 
RTL Name 'gen_cn_buses_19.sgn_mul_cn_proc_4', Hierarchy 'cn_core', File '/home/victor/open_baseband/openasip/custom_units/LDPC/LDPC_decoder/new/cn_core.v', Line 251.
WARNING: [Synth 37-93] [ASSIGN-6]Signal 'gen_cn_buses_19.sgn_mul_cn_proc_5' was assigned but not read. 
RTL Name 'gen_cn_buses_19.sgn_mul_cn_proc_5', Hierarchy 'cn_core', File '/home/victor/open_baseband/openasip/custom_units/LDPC/LDPC_decoder/new/cn_core.v', Line 256.
WARNING: [Synth 37-93] [ASSIGN-6]Signal 'gen_cn_buses_19.sgn_mul_cn_proc_6' was assigned but not read. 
RTL Name 'gen_cn_buses_19.sgn_mul_cn_proc_6', Hierarchy 'cn_core', File '/home/victor/open_baseband/openasip/custom_units/LDPC/LDPC_decoder/new/cn_core.v', Line 261.
WARNING: [Synth 37-93] [ASSIGN-6]Signal 'gen_cn_buses_19.sgn_mul_cn_proc_7' was assigned but not read. 
RTL Name 'gen_cn_buses_19.sgn_mul_cn_proc_7', Hierarchy 'cn_core', File '/home/victor/open_baseband/openasip/custom_units/LDPC/LDPC_decoder/new/cn_core.v', Line 266.
WARNING: [Synth 37-93] [ASSIGN-6]Signal 'gen_cn_buses_19.sgn_mul_cn_proc_8' was assigned but not read. 
RTL Name 'gen_cn_buses_19.sgn_mul_cn_proc_8', Hierarchy 'cn_core', File '/home/victor/open_baseband/openasip/custom_units/LDPC/LDPC_decoder/new/cn_core.v', Line 271.
WARNING: [Synth 37-93] [ASSIGN-6]Signal 'gen_cn_buses_19.sgn_mul_cn_proc_9' was assigned but not read. 
RTL Name 'gen_cn_buses_19.sgn_mul_cn_proc_9', Hierarchy 'cn_core', File '/home/victor/open_baseband/openasip/custom_units/LDPC/LDPC_decoder/new/cn_core.v', Line 276.
WARNING: [Synth 37-93] [ASSIGN-6]Signal 'gen_min_mul_buses_19.out_demux_min_0' was assigned but not read. 
RTL Name 'gen_min_mul_buses_19.out_demux_min_0', Hierarchy 'cn_core', File '/home/victor/open_baseband/openasip/custom_units/LDPC/LDPC_decoder/new/cn_core.v', Line 893.
WARNING: [Synth 37-93] [ASSIGN-6]Signal 'gen_min_mul_buses_19.out_demux_min_1' was assigned but not read. 
RTL Name 'gen_min_mul_buses_19.out_demux_min_1', Hierarchy 'cn_core', File '/home/victor/open_baseband/openasip/custom_units/LDPC/LDPC_decoder/new/cn_core.v', Line 894.
WARNING: [Synth 37-93] [ASSIGN-6]Signal 'gen_min_mul_buses_19.out_demux_min_2' was assigned but not read. 
RTL Name 'gen_min_mul_buses_19.out_demux_min_2', Hierarchy 'cn_core', File '/home/victor/open_baseband/openasip/custom_units/LDPC/LDPC_decoder/new/cn_core.v', Line 895.
WARNING: [Synth 37-93] [ASSIGN-6]Signal 'gen_min_mul_buses_19.out_demux_mul_0' was assigned but not read. 
RTL Name 'gen_min_mul_buses_19.out_demux_mul_0', Hierarchy 'cn_core', File '/home/victor/open_baseband/openasip/custom_units/LDPC/LDPC_decoder/new/cn_core.v', Line 896.
WARNING: [Synth 37-93] [ASSIGN-6]Signal 'gen_min_mul_buses_19.out_demux_mul_1' was assigned but not read. 
RTL Name 'gen_min_mul_buses_19.out_demux_mul_1', Hierarchy 'cn_core', File '/home/victor/open_baseband/openasip/custom_units/LDPC/LDPC_decoder/new/cn_core.v', Line 897.
WARNING: [Synth 37-93] [ASSIGN-6]Signal 'gen_min_mul_buses_19.out_demux_mul_2' was assigned but not read. 
RTL Name 'gen_min_mul_buses_19.out_demux_mul_2', Hierarchy 'cn_core', File '/home/victor/open_baseband/openasip/custom_units/LDPC/LDPC_decoder/new/cn_core.v', Line 898.
WARNING: [Synth 37-126] [ASSIGN-9]Some bits in IO 'out_llr' are not set. First unset bit index is 0. 
RTL Name 'out_llr', Hierarchy 'cn_core', File 'cn_core.v', Line 74.
WARNING: [Synth 37-124] [ASSIGN-5]Some bits in 'out_llr_w' are not set. First unset bit index is 0. 
RTL Name 'out_llr_w', Hierarchy 'ldpc', File 'ldpc.v', Line 17.
WARNING: [Synth 37-126] [ASSIGN-9]Some bits in IO 'out_llr' are not set. First unset bit index is 0. 
RTL Name 'out_llr', Hierarchy 'ldpc', File 'ldpc.v', Line 11.
INFO: [Synth 37-85] Total of 46 linter message(s) generated.
INFO: [Synth 37-45] Linter Run Finished!
Synthesis Optimization Runtime : Time (s): cpu = 00:00:05 ; elapsed = 00:00:05 . Memory (MB): peak = 12981.188 ; gain = 0.000 ; free physical = 2285 ; free virtual = 11294
INFO: [Common 17-83] Releasing license: Synthesis
27 Infos, 46 Warnings, 0 Critical Warnings and 0 Errors encountered.
synth_design completed successfully
synth_design -top ldpc -part xczu7ev-ffvc1156-2-e -lint 
Command: synth_design -top ldpc -part xczu7ev-ffvc1156-2-e -lint
Starting synth_design
Attempting to get a license for feature 'Synthesis' and/or device 'xczu7ev'
INFO: [Common 17-349] Got license for feature 'Synthesis' and/or device 'xczu7ev'
INFO: [Synth 8-7079] Multithreading enabled for synth_design using a maximum of 7 processes.
---------------------------------------------------------------------------------
Starting Synthesize : Time (s): cpu = 00:00:04 ; elapsed = 00:00:03 . Memory (MB): peak = 12981.188 ; gain = 0.000 ; free physical = 2150 ; free virtual = 11174
---------------------------------------------------------------------------------
Clean up Linter database...
INFO: [Synth 8-6157] synthesizing module 'ldpc' [/home/victor/open_baseband/openasip/custom_units/LDPC/LDPC_decoder/new/project_1.srcs/sources_1/imports/new/ldpc.v:3]
INFO: [Synth 8-6157] synthesizing module 'cn_core' [/home/victor/open_baseband/openasip/custom_units/LDPC/LDPC_decoder/new/cn_core.v:41]
	Parameter DEGREE bound to: 19 - type: integer 
	Parameter WIDTH bound to: 8 - type: integer 
	Parameter sel_mux_cn_proc_3 bound to: 2'b11 
	Parameter sel_mux_cn_proc_4 bound to: 2'b11 
	Parameter sel_mux_cn_proc_5 bound to: 2'b11 
	Parameter sel_mux_cn_proc_6 bound to: 2'b11 
	Parameter sel_mux_cn_proc_7 bound to: 2'b11 
	Parameter sel_mux_cn_proc_8 bound to: 2'b11 
	Parameter sel_mux_cn_proc_9 bound to: 2'b11 
	Parameter sel_mux_cn_proc_10 bound to: 2'b11 
	Parameter sel_mux_cn_proc_19 bound to: 2'b00 
	Parameter sel_demux_min_0 bound to: 4'b1000 
	Parameter sel_demux_min_1 bound to: 4'b1111 
	Parameter sel_demux_min_2 bound to: 4'b1111 
	Parameter sel_demux_mul_0 bound to: 4'b1000 
	Parameter sel_demux_mul_1 bound to: 4'b1111 
	Parameter sel_demux_mul_2 bound to: 4'b1111 
	Parameter sel_demux_min_30 bound to: 1'b0 
	Parameter sel_demux_min_31 bound to: 1'b0 
	Parameter sel_demux_mul_30 bound to: 1'b0 
	Parameter sel_demux_mul_31 bound to: 1'b0 
INFO: [Synth 8-6157] synthesizing module 'cn_proc' [/home/victor/open_baseband/openasip/custom_units/LDPC/LDPC_decoder/new/cn_proc.v:1]
	Parameter GROUP bound to: 3 - type: integer 
	Parameter WIDTH bound to: 8 - type: integer 
INFO: [Synth 8-6155] done synthesizing module 'cn_proc' (1#1) [/home/victor/open_baseband/openasip/custom_units/LDPC/LDPC_decoder/new/cn_proc.v:1]
INFO: [Synth 8-6157] synthesizing module 'cn_proc__parameterized0' [/home/victor/open_baseband/openasip/custom_units/LDPC/LDPC_decoder/new/cn_proc.v:1]
	Parameter GROUP bound to: 4 - type: integer 
	Parameter WIDTH bound to: 8 - type: integer 
INFO: [Synth 8-6155] done synthesizing module 'cn_proc__parameterized0' (1#1) [/home/victor/open_baseband/openasip/custom_units/LDPC/LDPC_decoder/new/cn_proc.v:1]
INFO: [Synth 8-6157] synthesizing module 'cn_proc__parameterized1' [/home/victor/open_baseband/openasip/custom_units/LDPC/LDPC_decoder/new/cn_proc.v:1]
	Parameter GROUP bound to: 5 - type: integer 
	Parameter WIDTH bound to: 8 - type: integer 
INFO: [Synth 8-6155] done synthesizing module 'cn_proc__parameterized1' (1#1) [/home/victor/open_baseband/openasip/custom_units/LDPC/LDPC_decoder/new/cn_proc.v:1]
INFO: [Synth 8-6157] synthesizing module 'cn_proc__parameterized2' [/home/victor/open_baseband/openasip/custom_units/LDPC/LDPC_decoder/new/cn_proc.v:1]
	Parameter GROUP bound to: 6 - type: integer 
	Parameter WIDTH bound to: 8 - type: integer 
INFO: [Synth 8-6155] done synthesizing module 'cn_proc__parameterized2' (1#1) [/home/victor/open_baseband/openasip/custom_units/LDPC/LDPC_decoder/new/cn_proc.v:1]
INFO: [Synth 8-6157] synthesizing module 'cn_proc__parameterized3' [/home/victor/open_baseband/openasip/custom_units/LDPC/LDPC_decoder/new/cn_proc.v:1]
	Parameter GROUP bound to: 7 - type: integer 
	Parameter WIDTH bound to: 8 - type: integer 
INFO: [Synth 8-6155] done synthesizing module 'cn_proc__parameterized3' (1#1) [/home/victor/open_baseband/openasip/custom_units/LDPC/LDPC_decoder/new/cn_proc.v:1]
INFO: [Synth 8-6157] synthesizing module 'cn_proc__parameterized4' [/home/victor/open_baseband/openasip/custom_units/LDPC/LDPC_decoder/new/cn_proc.v:1]
	Parameter GROUP bound to: 8 - type: integer 
	Parameter WIDTH bound to: 8 - type: integer 
INFO: [Synth 8-6155] done synthesizing module 'cn_proc__parameterized4' (1#1) [/home/victor/open_baseband/openasip/custom_units/LDPC/LDPC_decoder/new/cn_proc.v:1]
INFO: [Synth 8-6157] synthesizing module 'cn_proc__parameterized5' [/home/victor/open_baseband/openasip/custom_units/LDPC/LDPC_decoder/new/cn_proc.v:1]
	Parameter GROUP bound to: 9 - type: integer 
	Parameter WIDTH bound to: 8 - type: integer 
INFO: [Synth 8-6155] done synthesizing module 'cn_proc__parameterized5' (1#1) [/home/victor/open_baseband/openasip/custom_units/LDPC/LDPC_decoder/new/cn_proc.v:1]
INFO: [Synth 8-6157] synthesizing module 'cn_proc__parameterized6' [/home/victor/open_baseband/openasip/custom_units/LDPC/LDPC_decoder/new/cn_proc.v:1]
	Parameter GROUP bound to: 10 - type: integer 
	Parameter WIDTH bound to: 8 - type: integer 
INFO: [Synth 8-6155] done synthesizing module 'cn_proc__parameterized6' (1#1) [/home/victor/open_baseband/openasip/custom_units/LDPC/LDPC_decoder/new/cn_proc.v:1]
INFO: [Synth 8-6157] synthesizing module 'cn_proc__parameterized7' [/home/victor/open_baseband/openasip/custom_units/LDPC/LDPC_decoder/new/cn_proc.v:1]
	Parameter GROUP bound to: 19 - type: integer 
	Parameter WIDTH bound to: 8 - type: integer 
INFO: [Synth 8-6155] done synthesizing module 'cn_proc__parameterized7' (1#1) [/home/victor/open_baseband/openasip/custom_units/LDPC/LDPC_decoder/new/cn_proc.v:1]
INFO: [Synth 8-6155] done synthesizing module 'cn_core' (2#1) [/home/victor/open_baseband/openasip/custom_units/LDPC/LDPC_decoder/new/cn_core.v:41]
WARNING: [Synth 8-3848] Net in_llr_group_0_w in module/entity ldpc does not have driver. [/home/victor/open_baseband/openasip/custom_units/LDPC/LDPC_decoder/new/project_1.srcs/sources_1/imports/new/ldpc.v:16]
WARNING: [Synth 8-3848] Net in_llr_group_1_w in module/entity ldpc does not have driver. [/home/victor/open_baseband/openasip/custom_units/LDPC/LDPC_decoder/new/project_1.srcs/sources_1/imports/new/ldpc.v:17]
WARNING: [Synth 8-3848] Net in_llr_group_2_w in module/entity ldpc does not have driver. [/home/victor/open_baseband/openasip/custom_units/LDPC/LDPC_decoder/new/project_1.srcs/sources_1/imports/new/ldpc.v:18]
INFO: [Synth 8-6155] done synthesizing module 'ldpc' (3#1) [/home/victor/open_baseband/openasip/custom_units/LDPC/LDPC_decoder/new/project_1.srcs/sources_1/imports/new/ldpc.v:3]
---------------------------------------------------------------------------------
Finished Synthesize : Time (s): cpu = 00:00:05 ; elapsed = 00:00:05 . Memory (MB): peak = 12981.188 ; gain = 0.000 ; free physical = 2158 ; free virtual = 11182
---------------------------------------------------------------------------------
Copyright 1986-2022 Xilinx, Inc. All Rights Reserved. Copyright 2022-2025 Advanced Micro Devices, Inc. All Rights Reserved.
---------------------------------------------------------------------------------------------------------------------------------------------
| Tool Version : Vivado v.2025.2 (lin64) Build 6299465 Fri Nov 14 12:34:56 MST 2025
| Date         : Thu Jun  4 17:39:29 2026
| Host         : victor-IdeaPad-Slim-3-15ARP10 running 64-bit Ubuntu 24.04.4 LTS
---------------------------------------------------------------------------------------------------------------------------------------------

RTL Linter Report

Table of Contents
-----------------
1. Summary

1. Summary
----------

+----------+----------+--------------+----------+
| Rule ID  | Severity | # Violations | # Waived |
+----------+----------+--------------+----------+
| ASSIGN-5 | WARNING  | 16           | 0        |
| ASSIGN-6 | WARNING  | 31           | 0        |
| ASSIGN-9 | WARNING  | 2            | 0        |
+----------+----------+--------------+----------+


WARNING: [Synth 37-124] [ASSIGN-5]Some bits in 'gen_cn_buses_19.in_cn_proc_10' are not set. First unset bit index is 0. 
RTL Name 'gen_cn_buses_19.in_cn_proc_10', Hierarchy 'cn_core', File 'cn_core.v', Line 278.
WARNING: [Synth 37-124] [ASSIGN-5]Some bits in 'gen_cn_buses_19.in_cn_proc_3' are not set. First unset bit index is 0. 
RTL Name 'gen_cn_buses_19.in_cn_proc_3', Hierarchy 'cn_core', File 'cn_core.v', Line 243.
WARNING: [Synth 37-124] [ASSIGN-5]Some bits in 'gen_cn_buses_19.in_cn_proc_4' are not set. First unset bit index is 0. 
RTL Name 'gen_cn_buses_19.in_cn_proc_4', Hierarchy 'cn_core', File 'cn_core.v', Line 248.
WARNING: [Synth 37-124] [ASSIGN-5]Some bits in 'gen_cn_buses_19.in_cn_proc_5' are not set. First unset bit index is 0. 
RTL Name 'gen_cn_buses_19.in_cn_proc_5', Hierarchy 'cn_core', File 'cn_core.v', Line 253.
WARNING: [Synth 37-124] [ASSIGN-5]Some bits in 'gen_cn_buses_19.in_cn_proc_6' are not set. First unset bit index is 0. 
RTL Name 'gen_cn_buses_19.in_cn_proc_6', Hierarchy 'cn_core', File 'cn_core.v', Line 258.
WARNING: [Synth 37-124] [ASSIGN-5]Some bits in 'gen_cn_buses_19.in_cn_proc_7' are not set. First unset bit index is 0. 
RTL Name 'gen_cn_buses_19.in_cn_proc_7', Hierarchy 'cn_core', File 'cn_core.v', Line 263.
WARNING: [Synth 37-124] [ASSIGN-5]Some bits in 'gen_cn_buses_19.in_cn_proc_8' are not set. First unset bit index is 0. 
RTL Name 'gen_cn_buses_19.in_cn_proc_8', Hierarchy 'cn_core', File 'cn_core.v', Line 268.
WARNING: [Synth 37-124] [ASSIGN-5]Some bits in 'gen_cn_buses_19.in_cn_proc_9' are not set. First unset bit index is 0. 
RTL Name 'gen_cn_buses_19.in_cn_proc_9', Hierarchy 'cn_core', File 'cn_core.v', Line 273.
WARNING: [Synth 37-124] [ASSIGN-5]Some bits in 'gen_min_mul_buses_19.out_demux_min_1' are not set. First unset bit index is 0. 
RTL Name 'gen_min_mul_buses_19.out_demux_min_1', Hierarchy 'cn_core', File 'cn_core.v', Line 894.
WARNING: [Synth 37-124] [ASSIGN-5]Some bits in 'gen_min_mul_buses_19.out_demux_min_2' are not set. First unset bit index is 0. 
RTL Name 'gen_min_mul_buses_19.out_demux_min_2', Hierarchy 'cn_core', File 'cn_core.v', Line 895.
WARNING: [Synth 37-124] [ASSIGN-5]Some bits in 'gen_min_mul_buses_19.out_demux_mul_1' are not set. First unset bit index is 0. 
RTL Name 'gen_min_mul_buses_19.out_demux_mul_1', Hierarchy 'cn_core', File 'cn_core.v', Line 897.
WARNING: [Synth 37-124] [ASSIGN-5]Some bits in 'gen_min_mul_buses_19.out_demux_mul_2' are not set. First unset bit index is 0. 
RTL Name 'gen_min_mul_buses_19.out_demux_mul_2', Hierarchy 'cn_core', File 'cn_core.v', Line 898.
WARNING: [Synth 37-117] [ASSIGN-6] 3 signals within array 'in_cn_proc_10' are not read, switch to verbose mode to see all details. 
RTL Name 'in_cn_proc_10', Hierarchy 'cn_core', File '/home/victor/open_baseband/openasip/custom_units/LDPC/LDPC_decoder/new/cn_core.v', Line 144.
WARNING: [Synth 37-117] [ASSIGN-6] 3 signals within array 'in_cn_proc_3' are not read, switch to verbose mode to see all details. 
RTL Name 'in_cn_proc_3', Hierarchy 'cn_core', File '/home/victor/open_baseband/openasip/custom_units/LDPC/LDPC_decoder/new/cn_core.v', Line 137.
WARNING: [Synth 37-117] [ASSIGN-6] 3 signals within array 'in_cn_proc_4' are not read, switch to verbose mode to see all details. 
RTL Name 'in_cn_proc_4', Hierarchy 'cn_core', File '/home/victor/open_baseband/openasip/custom_units/LDPC/LDPC_decoder/new/cn_core.v', Line 138.
WARNING: [Synth 37-117] [ASSIGN-6] 3 signals within array 'in_cn_proc_5' are not read, switch to verbose mode to see all details. 
RTL Name 'in_cn_proc_5', Hierarchy 'cn_core', File '/home/victor/open_baseband/openasip/custom_units/LDPC/LDPC_decoder/new/cn_core.v', Line 139.
WARNING: [Synth 37-117] [ASSIGN-6] 3 signals within array 'in_cn_proc_6' are not read, switch to verbose mode to see all details. 
RTL Name 'in_cn_proc_6', Hierarchy 'cn_core', File '/home/victor/open_baseband/openasip/custom_units/LDPC/LDPC_decoder/new/cn_core.v', Line 140.
WARNING: [Synth 37-117] [ASSIGN-6] 3 signals within array 'in_cn_proc_7' are not read, switch to verbose mode to see all details. 
RTL Name 'in_cn_proc_7', Hierarchy 'cn_core', File '/home/victor/open_baseband/openasip/custom_units/LDPC/LDPC_decoder/new/cn_core.v', Line 141.
WARNING: [Synth 37-117] [ASSIGN-6] 3 signals within array 'in_cn_proc_8' are not read, switch to verbose mode to see all details. 
RTL Name 'in_cn_proc_8', Hierarchy 'cn_core', File '/home/victor/open_baseband/openasip/custom_units/LDPC/LDPC_decoder/new/cn_core.v', Line 142.
WARNING: [Synth 37-117] [ASSIGN-6] 3 signals within array 'in_cn_proc_9' are not read, switch to verbose mode to see all details. 
RTL Name 'in_cn_proc_9', Hierarchy 'cn_core', File '/home/victor/open_baseband/openasip/custom_units/LDPC/LDPC_decoder/new/cn_core.v', Line 143.
WARNING: [Synth 37-117] [ASSIGN-6] 2 signals within array 'in_cn_proc_19' are not read, switch to verbose mode to see all details. 
RTL Name 'in_cn_proc_19', Hierarchy 'cn_core', File '/home/victor/open_baseband/openasip/custom_units/LDPC/LDPC_decoder/new/cn_core.v', Line 145.
WARNING: [Synth 37-93] [ASSIGN-6]Signal 'gen_cn_buses_19.min_cn_proc_10' was assigned but not read. 
RTL Name 'gen_cn_buses_19.min_cn_proc_10', Hierarchy 'cn_core', File '/home/victor/open_baseband/openasip/custom_units/LDPC/LDPC_decoder/new/cn_core.v', Line 280.
WARNING: [Synth 37-93] [ASSIGN-6]Signal 'gen_cn_buses_19.min_cn_proc_3' was assigned but not read. 
RTL Name 'gen_cn_buses_19.min_cn_proc_3', Hierarchy 'cn_core', File '/home/victor/open_baseband/openasip/custom_units/LDPC/LDPC_decoder/new/cn_core.v', Line 245.
WARNING: [Synth 37-93] [ASSIGN-6]Signal 'gen_cn_buses_19.min_cn_proc_4' was assigned but not read. 
RTL Name 'gen_cn_buses_19.min_cn_proc_4', Hierarchy 'cn_core', File '/home/victor/open_baseband/openasip/custom_units/LDPC/LDPC_decoder/new/cn_core.v', Line 250.
WARNING: [Synth 37-93] [ASSIGN-6]Signal 'gen_cn_buses_19.min_cn_proc_5' was assigned but not read. 
RTL Name 'gen_cn_buses_19.min_cn_proc_5', Hierarchy 'cn_core', File '/home/victor/open_baseband/openasip/custom_units/LDPC/LDPC_decoder/new/cn_core.v', Line 255.
WARNING: [Synth 37-93] [ASSIGN-6]Signal 'gen_cn_buses_19.min_cn_proc_6' was assigned but not read. 
RTL Name 'gen_cn_buses_19.min_cn_proc_6', Hierarchy 'cn_core', File '/home/victor/open_baseband/openasip/custom_units/LDPC/LDPC_decoder/new/cn_core.v', Line 260.
WARNING: [Synth 37-93] [ASSIGN-6]Signal 'gen_cn_buses_19.min_cn_proc_7' was assigned but not read. 
RTL Name 'gen_cn_buses_19.min_cn_proc_7', Hierarchy 'cn_core', File '/home/victor/open_baseband/openasip/custom_units/LDPC/LDPC_decoder/new/cn_core.v', Line 265.
WARNING: [Synth 37-93] [ASSIGN-6]Signal 'gen_cn_buses_19.min_cn_proc_8' was assigned but not read. 
RTL Name 'gen_cn_buses_19.min_cn_proc_8', Hierarchy 'cn_core', File '/home/victor/open_baseband/openasip/custom_units/LDPC/LDPC_decoder/new/cn_core.v', Line 270.
WARNING: [Synth 37-93] [ASSIGN-6]Signal 'gen_cn_buses_19.min_cn_proc_9' was assigned but not read. 
RTL Name 'gen_cn_buses_19.min_cn_proc_9', Hierarchy 'cn_core', File '/home/victor/open_baseband/openasip/custom_units/LDPC/LDPC_decoder/new/cn_core.v', Line 275.
WARNING: [Synth 37-93] [ASSIGN-6]Signal 'gen_cn_buses_19.sgn_mul_cn_proc_10' was assigned but not read. 
RTL Name 'gen_cn_buses_19.sgn_mul_cn_proc_10', Hierarchy 'cn_core', File '/home/victor/open_baseband/openasip/custom_units/LDPC/LDPC_decoder/new/cn_core.v', Line 281.
WARNING: [Synth 37-93] [ASSIGN-6]Signal 'gen_cn_buses_19.sgn_mul_cn_proc_3' was assigned but not read. 
RTL Name 'gen_cn_buses_19.sgn_mul_cn_proc_3', Hierarchy 'cn_core', File '/home/victor/open_baseband/openasip/custom_units/LDPC/LDPC_decoder/new/cn_core.v', Line 246.
WARNING: [Synth 37-93] [ASSIGN-6]Signal 'gen_cn_buses_19.sgn_mul_cn_proc_4' was assigned but not read. 
RTL Name 'gen_cn_buses_19.sgn_mul_cn_proc_4', Hierarchy 'cn_core', File '/home/victor/open_baseband/openasip/custom_units/LDPC/LDPC_decoder/new/cn_core.v', Line 251.
WARNING: [Synth 37-93] [ASSIGN-6]Signal 'gen_cn_buses_19.sgn_mul_cn_proc_5' was assigned but not read. 
RTL Name 'gen_cn_buses_19.sgn_mul_cn_proc_5', Hierarchy 'cn_core', File '/home/victor/open_baseband/openasip/custom_units/LDPC/LDPC_decoder/new/cn_core.v', Line 256.
WARNING: [Synth 37-93] [ASSIGN-6]Signal 'gen_cn_buses_19.sgn_mul_cn_proc_6' was assigned but not read. 
RTL Name 'gen_cn_buses_19.sgn_mul_cn_proc_6', Hierarchy 'cn_core', File '/home/victor/open_baseband/openasip/custom_units/LDPC/LDPC_decoder/new/cn_core.v', Line 261.
WARNING: [Synth 37-93] [ASSIGN-6]Signal 'gen_cn_buses_19.sgn_mul_cn_proc_7' was assigned but not read. 
RTL Name 'gen_cn_buses_19.sgn_mul_cn_proc_7', Hierarchy 'cn_core', File '/home/victor/open_baseband/openasip/custom_units/LDPC/LDPC_decoder/new/cn_core.v', Line 266.
WARNING: [Synth 37-93] [ASSIGN-6]Signal 'gen_cn_buses_19.sgn_mul_cn_proc_8' was assigned but not read. 
RTL Name 'gen_cn_buses_19.sgn_mul_cn_proc_8', Hierarchy 'cn_core', File '/home/victor/open_baseband/openasip/custom_units/LDPC/LDPC_decoder/new/cn_core.v', Line 271.
WARNING: [Synth 37-93] [ASSIGN-6]Signal 'gen_cn_buses_19.sgn_mul_cn_proc_9' was assigned but not read. 
RTL Name 'gen_cn_buses_19.sgn_mul_cn_proc_9', Hierarchy 'cn_core', File '/home/victor/open_baseband/openasip/custom_units/LDPC/LDPC_decoder/new/cn_core.v', Line 276.
WARNING: [Synth 37-93] [ASSIGN-6]Signal 'gen_min_mul_buses_19.out_demux_min_0' was assigned but not read. 
RTL Name 'gen_min_mul_buses_19.out_demux_min_0', Hierarchy 'cn_core', File '/home/victor/open_baseband/openasip/custom_units/LDPC/LDPC_decoder/new/cn_core.v', Line 893.
WARNING: [Synth 37-93] [ASSIGN-6]Signal 'gen_min_mul_buses_19.out_demux_min_1' was assigned but not read. 
RTL Name 'gen_min_mul_buses_19.out_demux_min_1', Hierarchy 'cn_core', File '/home/victor/open_baseband/openasip/custom_units/LDPC/LDPC_decoder/new/cn_core.v', Line 894.
WARNING: [Synth 37-93] [ASSIGN-6]Signal 'gen_min_mul_buses_19.out_demux_min_2' was assigned but not read. 
RTL Name 'gen_min_mul_buses_19.out_demux_min_2', Hierarchy 'cn_core', File '/home/victor/open_baseband/openasip/custom_units/LDPC/LDPC_decoder/new/cn_core.v', Line 895.
WARNING: [Synth 37-93] [ASSIGN-6]Signal 'gen_min_mul_buses_19.out_demux_mul_0' was assigned but not read. 
RTL Name 'gen_min_mul_buses_19.out_demux_mul_0', Hierarchy 'cn_core', File '/home/victor/open_baseband/openasip/custom_units/LDPC/LDPC_decoder/new/cn_core.v', Line 896.
WARNING: [Synth 37-93] [ASSIGN-6]Signal 'gen_min_mul_buses_19.out_demux_mul_1' was assigned but not read. 
RTL Name 'gen_min_mul_buses_19.out_demux_mul_1', Hierarchy 'cn_core', File '/home/victor/open_baseband/openasip/custom_units/LDPC/LDPC_decoder/new/cn_core.v', Line 897.
WARNING: [Synth 37-93] [ASSIGN-6]Signal 'gen_min_mul_buses_19.out_demux_mul_2' was assigned but not read. 
RTL Name 'gen_min_mul_buses_19.out_demux_mul_2', Hierarchy 'cn_core', File '/home/victor/open_baseband/openasip/custom_units/LDPC/LDPC_decoder/new/cn_core.v', Line 898.
WARNING: [Synth 37-126] [ASSIGN-9]Some bits in IO 'out_llr' are not set. First unset bit index is 0. 
RTL Name 'out_llr', Hierarchy 'cn_core', File 'cn_core.v', Line 74.
WARNING: [Synth 37-124] [ASSIGN-5]Some bits in 'in_llr_group_0_w' are not set. First unset bit index is 0. 
RTL Name 'in_llr_group_0_w', Hierarchy 'ldpc', File 'ldpc.v', Line 16.
WARNING: [Synth 37-124] [ASSIGN-5]Some bits in 'in_llr_group_1_w' are not set. First unset bit index is 0. 
RTL Name 'in_llr_group_1_w', Hierarchy 'ldpc', File 'ldpc.v', Line 17.
WARNING: [Synth 37-124] [ASSIGN-5]Some bits in 'in_llr_group_2_w' are not set. First unset bit index is 0. 
RTL Name 'in_llr_group_2_w', Hierarchy 'ldpc', File 'ldpc.v', Line 18.
WARNING: [Synth 37-124] [ASSIGN-5]Some bits in 'out_llr_w' are not set. First unset bit index is 0. 
RTL Name 'out_llr_w', Hierarchy 'ldpc', File 'ldpc.v', Line 19.
WARNING: [Synth 37-126] [ASSIGN-9]Some bits in IO 'out_llr' are not set. First unset bit index is 0. 
RTL Name 'out_llr', Hierarchy 'ldpc', File 'ldpc.v', Line 13.
INFO: [Synth 37-85] Total of 49 linter message(s) generated.
INFO: [Synth 37-45] Linter Run Finished!
Synthesis Optimization Runtime : Time (s): cpu = 00:00:05 ; elapsed = 00:00:05 . Memory (MB): peak = 12981.188 ; gain = 0.000 ; free physical = 2151 ; free virtual = 11175
INFO: [Common 17-83] Releasing license: Synthesis
27 Infos, 52 Warnings, 0 Critical Warnings and 0 Errors encountered.
synth_design completed successfully
synth_design -top ldpc -part xczu7ev-ffvc1156-2-e -lint 
Command: synth_design -top ldpc -part xczu7ev-ffvc1156-2-e -lint
Starting synth_design
Attempting to get a license for feature 'Synthesis' and/or device 'xczu7ev'
INFO: [Common 17-349] Got license for feature 'Synthesis' and/or device 'xczu7ev'
INFO: [Synth 8-7079] Multithreading enabled for synth_design using a maximum of 7 processes.
---------------------------------------------------------------------------------
Starting Synthesize : Time (s): cpu = 00:00:03 ; elapsed = 00:00:03 . Memory (MB): peak = 12981.188 ; gain = 0.000 ; free physical = 2136 ; free virtual = 11160
---------------------------------------------------------------------------------
Clean up Linter database...
INFO: [Synth 8-6157] synthesizing module 'ldpc' [/home/victor/open_baseband/openasip/custom_units/LDPC/LDPC_decoder/new/project_1.srcs/sources_1/imports/new/ldpc.v:3]
INFO: [Synth 8-6157] synthesizing module 'cn_core' [/home/victor/open_baseband/openasip/custom_units/LDPC/LDPC_decoder/new/cn_core.v:41]
	Parameter DEGREE bound to: 19 - type: integer 
	Parameter WIDTH bound to: 8 - type: integer 
	Parameter sel_mux_cn_proc_3 bound to: 2'b11 
	Parameter sel_mux_cn_proc_4 bound to: 2'b11 
	Parameter sel_mux_cn_proc_5 bound to: 2'b11 
	Parameter sel_mux_cn_proc_6 bound to: 2'b11 
	Parameter sel_mux_cn_proc_7 bound to: 2'b11 
	Parameter sel_mux_cn_proc_8 bound to: 2'b11 
	Parameter sel_mux_cn_proc_9 bound to: 2'b11 
	Parameter sel_mux_cn_proc_10 bound to: 2'b11 
	Parameter sel_mux_cn_proc_19 bound to: 2'b00 
	Parameter sel_demux_min_0 bound to: 4'b1000 
	Parameter sel_demux_min_1 bound to: 4'b1111 
	Parameter sel_demux_min_2 bound to: 4'b1111 
	Parameter sel_demux_mul_0 bound to: 4'b1000 
	Parameter sel_demux_mul_1 bound to: 4'b1111 
	Parameter sel_demux_mul_2 bound to: 4'b1111 
	Parameter sel_demux_min_30 bound to: 1'b0 
	Parameter sel_demux_min_31 bound to: 1'b0 
	Parameter sel_demux_mul_30 bound to: 1'b0 
	Parameter sel_demux_mul_31 bound to: 1'b0 
INFO: [Synth 8-6157] synthesizing module 'cn_proc' [/home/victor/open_baseband/openasip/custom_units/LDPC/LDPC_decoder/new/cn_proc.v:1]
	Parameter GROUP bound to: 3 - type: integer 
	Parameter WIDTH bound to: 8 - type: integer 
INFO: [Synth 8-6155] done synthesizing module 'cn_proc' (1#1) [/home/victor/open_baseband/openasip/custom_units/LDPC/LDPC_decoder/new/cn_proc.v:1]
INFO: [Synth 8-6157] synthesizing module 'cn_proc__parameterized0' [/home/victor/open_baseband/openasip/custom_units/LDPC/LDPC_decoder/new/cn_proc.v:1]
	Parameter GROUP bound to: 4 - type: integer 
	Parameter WIDTH bound to: 8 - type: integer 
INFO: [Synth 8-6155] done synthesizing module 'cn_proc__parameterized0' (1#1) [/home/victor/open_baseband/openasip/custom_units/LDPC/LDPC_decoder/new/cn_proc.v:1]
INFO: [Synth 8-6157] synthesizing module 'cn_proc__parameterized1' [/home/victor/open_baseband/openasip/custom_units/LDPC/LDPC_decoder/new/cn_proc.v:1]
	Parameter GROUP bound to: 5 - type: integer 
	Parameter WIDTH bound to: 8 - type: integer 
INFO: [Synth 8-6155] done synthesizing module 'cn_proc__parameterized1' (1#1) [/home/victor/open_baseband/openasip/custom_units/LDPC/LDPC_decoder/new/cn_proc.v:1]
INFO: [Synth 8-6157] synthesizing module 'cn_proc__parameterized2' [/home/victor/open_baseband/openasip/custom_units/LDPC/LDPC_decoder/new/cn_proc.v:1]
	Parameter GROUP bound to: 6 - type: integer 
	Parameter WIDTH bound to: 8 - type: integer 
INFO: [Synth 8-6155] done synthesizing module 'cn_proc__parameterized2' (1#1) [/home/victor/open_baseband/openasip/custom_units/LDPC/LDPC_decoder/new/cn_proc.v:1]
INFO: [Synth 8-6157] synthesizing module 'cn_proc__parameterized3' [/home/victor/open_baseband/openasip/custom_units/LDPC/LDPC_decoder/new/cn_proc.v:1]
	Parameter GROUP bound to: 7 - type: integer 
	Parameter WIDTH bound to: 8 - type: integer 
INFO: [Synth 8-6155] done synthesizing module 'cn_proc__parameterized3' (1#1) [/home/victor/open_baseband/openasip/custom_units/LDPC/LDPC_decoder/new/cn_proc.v:1]
INFO: [Synth 8-6157] synthesizing module 'cn_proc__parameterized4' [/home/victor/open_baseband/openasip/custom_units/LDPC/LDPC_decoder/new/cn_proc.v:1]
	Parameter GROUP bound to: 8 - type: integer 
	Parameter WIDTH bound to: 8 - type: integer 
INFO: [Synth 8-6155] done synthesizing module 'cn_proc__parameterized4' (1#1) [/home/victor/open_baseband/openasip/custom_units/LDPC/LDPC_decoder/new/cn_proc.v:1]
INFO: [Synth 8-6157] synthesizing module 'cn_proc__parameterized5' [/home/victor/open_baseband/openasip/custom_units/LDPC/LDPC_decoder/new/cn_proc.v:1]
	Parameter GROUP bound to: 9 - type: integer 
	Parameter WIDTH bound to: 8 - type: integer 
INFO: [Synth 8-6155] done synthesizing module 'cn_proc__parameterized5' (1#1) [/home/victor/open_baseband/openasip/custom_units/LDPC/LDPC_decoder/new/cn_proc.v:1]
INFO: [Synth 8-6157] synthesizing module 'cn_proc__parameterized6' [/home/victor/open_baseband/openasip/custom_units/LDPC/LDPC_decoder/new/cn_proc.v:1]
	Parameter GROUP bound to: 10 - type: integer 
	Parameter WIDTH bound to: 8 - type: integer 
INFO: [Synth 8-6155] done synthesizing module 'cn_proc__parameterized6' (1#1) [/home/victor/open_baseband/openasip/custom_units/LDPC/LDPC_decoder/new/cn_proc.v:1]
INFO: [Synth 8-6157] synthesizing module 'cn_proc__parameterized7' [/home/victor/open_baseband/openasip/custom_units/LDPC/LDPC_decoder/new/cn_proc.v:1]
	Parameter GROUP bound to: 19 - type: integer 
	Parameter WIDTH bound to: 8 - type: integer 
INFO: [Synth 8-6155] done synthesizing module 'cn_proc__parameterized7' (1#1) [/home/victor/open_baseband/openasip/custom_units/LDPC/LDPC_decoder/new/cn_proc.v:1]
INFO: [Synth 8-6155] done synthesizing module 'cn_core' (2#1) [/home/victor/open_baseband/openasip/custom_units/LDPC/LDPC_decoder/new/cn_core.v:41]
WARNING: [Synth 8-3848] Net in_llr_group_0_w in module/entity ldpc does not have driver. [/home/victor/open_baseband/openasip/custom_units/LDPC/LDPC_decoder/new/project_1.srcs/sources_1/imports/new/ldpc.v:16]
WARNING: [Synth 8-3848] Net in_llr_group_1_w in module/entity ldpc does not have driver. [/home/victor/open_baseband/openasip/custom_units/LDPC/LDPC_decoder/new/project_1.srcs/sources_1/imports/new/ldpc.v:17]
WARNING: [Synth 8-3848] Net in_llr_group_2_w in module/entity ldpc does not have driver. [/home/victor/open_baseband/openasip/custom_units/LDPC/LDPC_decoder/new/project_1.srcs/sources_1/imports/new/ldpc.v:18]
INFO: [Synth 8-6155] done synthesizing module 'ldpc' (3#1) [/home/victor/open_baseband/openasip/custom_units/LDPC/LDPC_decoder/new/project_1.srcs/sources_1/imports/new/ldpc.v:3]
---------------------------------------------------------------------------------
Finished Synthesize : Time (s): cpu = 00:00:05 ; elapsed = 00:00:05 . Memory (MB): peak = 12981.188 ; gain = 0.000 ; free physical = 2144 ; free virtual = 11168
---------------------------------------------------------------------------------
Copyright 1986-2022 Xilinx, Inc. All Rights Reserved. Copyright 2022-2025 Advanced Micro Devices, Inc. All Rights Reserved.
---------------------------------------------------------------------------------------------------------------------------------------------
| Tool Version : Vivado v.2025.2 (lin64) Build 6299465 Fri Nov 14 12:34:56 MST 2025
| Date         : Thu Jun  4 17:40:27 2026
| Host         : victor-IdeaPad-Slim-3-15ARP10 running 64-bit Ubuntu 24.04.4 LTS
---------------------------------------------------------------------------------------------------------------------------------------------

RTL Linter Report

Table of Contents
-----------------
1. Summary

1. Summary
----------

+----------+----------+--------------+----------+
| Rule ID  | Severity | # Violations | # Waived |
+----------+----------+--------------+----------+
| ASSIGN-5 | WARNING  | 16           | 0        |
| ASSIGN-6 | WARNING  | 31           | 0        |
| ASSIGN-9 | WARNING  | 2            | 0        |
+----------+----------+--------------+----------+


WARNING: [Synth 37-124] [ASSIGN-5]Some bits in 'gen_cn_buses_19.in_cn_proc_10' are not set. First unset bit index is 0. 
RTL Name 'gen_cn_buses_19.in_cn_proc_10', Hierarchy 'cn_core', File 'cn_core.v', Line 278.
WARNING: [Synth 37-124] [ASSIGN-5]Some bits in 'gen_cn_buses_19.in_cn_proc_3' are not set. First unset bit index is 0. 
RTL Name 'gen_cn_buses_19.in_cn_proc_3', Hierarchy 'cn_core', File 'cn_core.v', Line 243.
WARNING: [Synth 37-124] [ASSIGN-5]Some bits in 'gen_cn_buses_19.in_cn_proc_4' are not set. First unset bit index is 0. 
RTL Name 'gen_cn_buses_19.in_cn_proc_4', Hierarchy 'cn_core', File 'cn_core.v', Line 248.
WARNING: [Synth 37-124] [ASSIGN-5]Some bits in 'gen_cn_buses_19.in_cn_proc_5' are not set. First unset bit index is 0. 
RTL Name 'gen_cn_buses_19.in_cn_proc_5', Hierarchy 'cn_core', File 'cn_core.v', Line 253.
WARNING: [Synth 37-124] [ASSIGN-5]Some bits in 'gen_cn_buses_19.in_cn_proc_6' are not set. First unset bit index is 0. 
RTL Name 'gen_cn_buses_19.in_cn_proc_6', Hierarchy 'cn_core', File 'cn_core.v', Line 258.
WARNING: [Synth 37-124] [ASSIGN-5]Some bits in 'gen_cn_buses_19.in_cn_proc_7' are not set. First unset bit index is 0. 
RTL Name 'gen_cn_buses_19.in_cn_proc_7', Hierarchy 'cn_core', File 'cn_core.v', Line 263.
WARNING: [Synth 37-124] [ASSIGN-5]Some bits in 'gen_cn_buses_19.in_cn_proc_8' are not set. First unset bit index is 0. 
RTL Name 'gen_cn_buses_19.in_cn_proc_8', Hierarchy 'cn_core', File 'cn_core.v', Line 268.
WARNING: [Synth 37-124] [ASSIGN-5]Some bits in 'gen_cn_buses_19.in_cn_proc_9' are not set. First unset bit index is 0. 
RTL Name 'gen_cn_buses_19.in_cn_proc_9', Hierarchy 'cn_core', File 'cn_core.v', Line 273.
WARNING: [Synth 37-124] [ASSIGN-5]Some bits in 'gen_min_mul_buses_19.out_demux_min_1' are not set. First unset bit index is 0. 
RTL Name 'gen_min_mul_buses_19.out_demux_min_1', Hierarchy 'cn_core', File 'cn_core.v', Line 894.
WARNING: [Synth 37-124] [ASSIGN-5]Some bits in 'gen_min_mul_buses_19.out_demux_min_2' are not set. First unset bit index is 0. 
RTL Name 'gen_min_mul_buses_19.out_demux_min_2', Hierarchy 'cn_core', File 'cn_core.v', Line 895.
WARNING: [Synth 37-124] [ASSIGN-5]Some bits in 'gen_min_mul_buses_19.out_demux_mul_1' are not set. First unset bit index is 0. 
RTL Name 'gen_min_mul_buses_19.out_demux_mul_1', Hierarchy 'cn_core', File 'cn_core.v', Line 897.
WARNING: [Synth 37-124] [ASSIGN-5]Some bits in 'gen_min_mul_buses_19.out_demux_mul_2' are not set. First unset bit index is 0. 
RTL Name 'gen_min_mul_buses_19.out_demux_mul_2', Hierarchy 'cn_core', File 'cn_core.v', Line 898.
WARNING: [Synth 37-117] [ASSIGN-6] 3 signals within array 'in_cn_proc_10' are not read, switch to verbose mode to see all details. 
RTL Name 'in_cn_proc_10', Hierarchy 'cn_core', File '/home/victor/open_baseband/openasip/custom_units/LDPC/LDPC_decoder/new/cn_core.v', Line 144.
WARNING: [Synth 37-117] [ASSIGN-6] 3 signals within array 'in_cn_proc_3' are not read, switch to verbose mode to see all details. 
RTL Name 'in_cn_proc_3', Hierarchy 'cn_core', File '/home/victor/open_baseband/openasip/custom_units/LDPC/LDPC_decoder/new/cn_core.v', Line 137.
WARNING: [Synth 37-117] [ASSIGN-6] 3 signals within array 'in_cn_proc_4' are not read, switch to verbose mode to see all details. 
RTL Name 'in_cn_proc_4', Hierarchy 'cn_core', File '/home/victor/open_baseband/openasip/custom_units/LDPC/LDPC_decoder/new/cn_core.v', Line 138.
WARNING: [Synth 37-117] [ASSIGN-6] 3 signals within array 'in_cn_proc_5' are not read, switch to verbose mode to see all details. 
RTL Name 'in_cn_proc_5', Hierarchy 'cn_core', File '/home/victor/open_baseband/openasip/custom_units/LDPC/LDPC_decoder/new/cn_core.v', Line 139.
WARNING: [Synth 37-117] [ASSIGN-6] 3 signals within array 'in_cn_proc_6' are not read, switch to verbose mode to see all details. 
RTL Name 'in_cn_proc_6', Hierarchy 'cn_core', File '/home/victor/open_baseband/openasip/custom_units/LDPC/LDPC_decoder/new/cn_core.v', Line 140.
WARNING: [Synth 37-117] [ASSIGN-6] 3 signals within array 'in_cn_proc_7' are not read, switch to verbose mode to see all details. 
RTL Name 'in_cn_proc_7', Hierarchy 'cn_core', File '/home/victor/open_baseband/openasip/custom_units/LDPC/LDPC_decoder/new/cn_core.v', Line 141.
WARNING: [Synth 37-117] [ASSIGN-6] 3 signals within array 'in_cn_proc_8' are not read, switch to verbose mode to see all details. 
RTL Name 'in_cn_proc_8', Hierarchy 'cn_core', File '/home/victor/open_baseband/openasip/custom_units/LDPC/LDPC_decoder/new/cn_core.v', Line 142.
WARNING: [Synth 37-117] [ASSIGN-6] 3 signals within array 'in_cn_proc_9' are not read, switch to verbose mode to see all details. 
RTL Name 'in_cn_proc_9', Hierarchy 'cn_core', File '/home/victor/open_baseband/openasip/custom_units/LDPC/LDPC_decoder/new/cn_core.v', Line 143.
WARNING: [Synth 37-117] [ASSIGN-6] 2 signals within array 'in_cn_proc_19' are not read, switch to verbose mode to see all details. 
RTL Name 'in_cn_proc_19', Hierarchy 'cn_core', File '/home/victor/open_baseband/openasip/custom_units/LDPC/LDPC_decoder/new/cn_core.v', Line 145.
WARNING: [Synth 37-93] [ASSIGN-6]Signal 'gen_cn_buses_19.min_cn_proc_10' was assigned but not read. 
RTL Name 'gen_cn_buses_19.min_cn_proc_10', Hierarchy 'cn_core', File '/home/victor/open_baseband/openasip/custom_units/LDPC/LDPC_decoder/new/cn_core.v', Line 280.
WARNING: [Synth 37-93] [ASSIGN-6]Signal 'gen_cn_buses_19.min_cn_proc_3' was assigned but not read. 
RTL Name 'gen_cn_buses_19.min_cn_proc_3', Hierarchy 'cn_core', File '/home/victor/open_baseband/openasip/custom_units/LDPC/LDPC_decoder/new/cn_core.v', Line 245.
WARNING: [Synth 37-93] [ASSIGN-6]Signal 'gen_cn_buses_19.min_cn_proc_4' was assigned but not read. 
RTL Name 'gen_cn_buses_19.min_cn_proc_4', Hierarchy 'cn_core', File '/home/victor/open_baseband/openasip/custom_units/LDPC/LDPC_decoder/new/cn_core.v', Line 250.
WARNING: [Synth 37-93] [ASSIGN-6]Signal 'gen_cn_buses_19.min_cn_proc_5' was assigned but not read. 
RTL Name 'gen_cn_buses_19.min_cn_proc_5', Hierarchy 'cn_core', File '/home/victor/open_baseband/openasip/custom_units/LDPC/LDPC_decoder/new/cn_core.v', Line 255.
WARNING: [Synth 37-93] [ASSIGN-6]Signal 'gen_cn_buses_19.min_cn_proc_6' was assigned but not read. 
RTL Name 'gen_cn_buses_19.min_cn_proc_6', Hierarchy 'cn_core', File '/home/victor/open_baseband/openasip/custom_units/LDPC/LDPC_decoder/new/cn_core.v', Line 260.
WARNING: [Synth 37-93] [ASSIGN-6]Signal 'gen_cn_buses_19.min_cn_proc_7' was assigned but not read. 
RTL Name 'gen_cn_buses_19.min_cn_proc_7', Hierarchy 'cn_core', File '/home/victor/open_baseband/openasip/custom_units/LDPC/LDPC_decoder/new/cn_core.v', Line 265.
WARNING: [Synth 37-93] [ASSIGN-6]Signal 'gen_cn_buses_19.min_cn_proc_8' was assigned but not read. 
RTL Name 'gen_cn_buses_19.min_cn_proc_8', Hierarchy 'cn_core', File '/home/victor/open_baseband/openasip/custom_units/LDPC/LDPC_decoder/new/cn_core.v', Line 270.
WARNING: [Synth 37-93] [ASSIGN-6]Signal 'gen_cn_buses_19.min_cn_proc_9' was assigned but not read. 
RTL Name 'gen_cn_buses_19.min_cn_proc_9', Hierarchy 'cn_core', File '/home/victor/open_baseband/openasip/custom_units/LDPC/LDPC_decoder/new/cn_core.v', Line 275.
WARNING: [Synth 37-93] [ASSIGN-6]Signal 'gen_cn_buses_19.sgn_mul_cn_proc_10' was assigned but not read. 
RTL Name 'gen_cn_buses_19.sgn_mul_cn_proc_10', Hierarchy 'cn_core', File '/home/victor/open_baseband/openasip/custom_units/LDPC/LDPC_decoder/new/cn_core.v', Line 281.
WARNING: [Synth 37-93] [ASSIGN-6]Signal 'gen_cn_buses_19.sgn_mul_cn_proc_3' was assigned but not read. 
RTL Name 'gen_cn_buses_19.sgn_mul_cn_proc_3', Hierarchy 'cn_core', File '/home/victor/open_baseband/openasip/custom_units/LDPC/LDPC_decoder/new/cn_core.v', Line 246.
WARNING: [Synth 37-93] [ASSIGN-6]Signal 'gen_cn_buses_19.sgn_mul_cn_proc_4' was assigned but not read. 
RTL Name 'gen_cn_buses_19.sgn_mul_cn_proc_4', Hierarchy 'cn_core', File '/home/victor/open_baseband/openasip/custom_units/LDPC/LDPC_decoder/new/cn_core.v', Line 251.
WARNING: [Synth 37-93] [ASSIGN-6]Signal 'gen_cn_buses_19.sgn_mul_cn_proc_5' was assigned but not read. 
RTL Name 'gen_cn_buses_19.sgn_mul_cn_proc_5', Hierarchy 'cn_core', File '/home/victor/open_baseband/openasip/custom_units/LDPC/LDPC_decoder/new/cn_core.v', Line 256.
WARNING: [Synth 37-93] [ASSIGN-6]Signal 'gen_cn_buses_19.sgn_mul_cn_proc_6' was assigned but not read. 
RTL Name 'gen_cn_buses_19.sgn_mul_cn_proc_6', Hierarchy 'cn_core', File '/home/victor/open_baseband/openasip/custom_units/LDPC/LDPC_decoder/new/cn_core.v', Line 261.
WARNING: [Synth 37-93] [ASSIGN-6]Signal 'gen_cn_buses_19.sgn_mul_cn_proc_7' was assigned but not read. 
RTL Name 'gen_cn_buses_19.sgn_mul_cn_proc_7', Hierarchy 'cn_core', File '/home/victor/open_baseband/openasip/custom_units/LDPC/LDPC_decoder/new/cn_core.v', Line 266.
WARNING: [Synth 37-93] [ASSIGN-6]Signal 'gen_cn_buses_19.sgn_mul_cn_proc_8' was assigned but not read. 
RTL Name 'gen_cn_buses_19.sgn_mul_cn_proc_8', Hierarchy 'cn_core', File '/home/victor/open_baseband/openasip/custom_units/LDPC/LDPC_decoder/new/cn_core.v', Line 271.
WARNING: [Synth 37-93] [ASSIGN-6]Signal 'gen_cn_buses_19.sgn_mul_cn_proc_9' was assigned but not read. 
RTL Name 'gen_cn_buses_19.sgn_mul_cn_proc_9', Hierarchy 'cn_core', File '/home/victor/open_baseband/openasip/custom_units/LDPC/LDPC_decoder/new/cn_core.v', Line 276.
WARNING: [Synth 37-93] [ASSIGN-6]Signal 'gen_min_mul_buses_19.out_demux_min_0' was assigned but not read. 
RTL Name 'gen_min_mul_buses_19.out_demux_min_0', Hierarchy 'cn_core', File '/home/victor/open_baseband/openasip/custom_units/LDPC/LDPC_decoder/new/cn_core.v', Line 893.
WARNING: [Synth 37-93] [ASSIGN-6]Signal 'gen_min_mul_buses_19.out_demux_min_1' was assigned but not read. 
RTL Name 'gen_min_mul_buses_19.out_demux_min_1', Hierarchy 'cn_core', File '/home/victor/open_baseband/openasip/custom_units/LDPC/LDPC_decoder/new/cn_core.v', Line 894.
WARNING: [Synth 37-93] [ASSIGN-6]Signal 'gen_min_mul_buses_19.out_demux_min_2' was assigned but not read. 
RTL Name 'gen_min_mul_buses_19.out_demux_min_2', Hierarchy 'cn_core', File '/home/victor/open_baseband/openasip/custom_units/LDPC/LDPC_decoder/new/cn_core.v', Line 895.
WARNING: [Synth 37-93] [ASSIGN-6]Signal 'gen_min_mul_buses_19.out_demux_mul_0' was assigned but not read. 
RTL Name 'gen_min_mul_buses_19.out_demux_mul_0', Hierarchy 'cn_core', File '/home/victor/open_baseband/openasip/custom_units/LDPC/LDPC_decoder/new/cn_core.v', Line 896.
WARNING: [Synth 37-93] [ASSIGN-6]Signal 'gen_min_mul_buses_19.out_demux_mul_1' was assigned but not read. 
RTL Name 'gen_min_mul_buses_19.out_demux_mul_1', Hierarchy 'cn_core', File '/home/victor/open_baseband/openasip/custom_units/LDPC/LDPC_decoder/new/cn_core.v', Line 897.
WARNING: [Synth 37-93] [ASSIGN-6]Signal 'gen_min_mul_buses_19.out_demux_mul_2' was assigned but not read. 
RTL Name 'gen_min_mul_buses_19.out_demux_mul_2', Hierarchy 'cn_core', File '/home/victor/open_baseband/openasip/custom_units/LDPC/LDPC_decoder/new/cn_core.v', Line 898.
WARNING: [Synth 37-126] [ASSIGN-9]Some bits in IO 'out_llr' are not set. First unset bit index is 0. 
RTL Name 'out_llr', Hierarchy 'cn_core', File 'cn_core.v', Line 74.
WARNING: [Synth 37-124] [ASSIGN-5]Some bits in 'in_llr_group_0_w' are not set. First unset bit index is 0. 
RTL Name 'in_llr_group_0_w', Hierarchy 'ldpc', File 'ldpc.v', Line 16.
WARNING: [Synth 37-124] [ASSIGN-5]Some bits in 'in_llr_group_1_w' are not set. First unset bit index is 0. 
RTL Name 'in_llr_group_1_w', Hierarchy 'ldpc', File 'ldpc.v', Line 17.
WARNING: [Synth 37-124] [ASSIGN-5]Some bits in 'in_llr_group_2_w' are not set. First unset bit index is 0. 
RTL Name 'in_llr_group_2_w', Hierarchy 'ldpc', File 'ldpc.v', Line 18.
WARNING: [Synth 37-124] [ASSIGN-5]Some bits in 'out_llr_w' are not set. First unset bit index is 0. 
RTL Name 'out_llr_w', Hierarchy 'ldpc', File 'ldpc.v', Line 19.
WARNING: [Synth 37-126] [ASSIGN-9]Some bits in IO 'out_llr' are not set. First unset bit index is 0. 
RTL Name 'out_llr', Hierarchy 'ldpc', File 'ldpc.v', Line 13.
INFO: [Synth 37-85] Total of 49 linter message(s) generated.
INFO: [Synth 37-45] Linter Run Finished!
Synthesis Optimization Runtime : Time (s): cpu = 00:00:05 ; elapsed = 00:00:05 . Memory (MB): peak = 12981.188 ; gain = 0.000 ; free physical = 2150 ; free virtual = 11174
INFO: [Common 17-83] Releasing license: Synthesis
27 Infos, 52 Warnings, 0 Critical Warnings and 0 Errors encountered.
synth_design completed successfully
synth_design -top ldpc -part xczu7ev-ffvc1156-2-e -lint 
Command: synth_design -top ldpc -part xczu7ev-ffvc1156-2-e -lint
Starting synth_design
Attempting to get a license for feature 'Synthesis' and/or device 'xczu7ev'
INFO: [Common 17-349] Got license for feature 'Synthesis' and/or device 'xczu7ev'
INFO: [Synth 8-7079] Multithreading enabled for synth_design using a maximum of 7 processes.
---------------------------------------------------------------------------------
Starting Synthesize : Time (s): cpu = 00:00:03 ; elapsed = 00:00:03 . Memory (MB): peak = 12981.188 ; gain = 0.000 ; free physical = 2139 ; free virtual = 11164
---------------------------------------------------------------------------------
Clean up Linter database...
INFO: [Synth 8-6157] synthesizing module 'ldpc' [/home/victor/open_baseband/openasip/custom_units/LDPC/LDPC_decoder/new/project_1.srcs/sources_1/imports/new/ldpc.v:3]
INFO: [Synth 8-6157] synthesizing module 'cn_core' [/home/victor/open_baseband/openasip/custom_units/LDPC/LDPC_decoder/new/cn_core.v:41]
	Parameter DEGREE bound to: 19 - type: integer 
	Parameter WIDTH bound to: 8 - type: integer 
	Parameter sel_mux_cn_proc_3 bound to: 2'b11 
	Parameter sel_mux_cn_proc_4 bound to: 2'b11 
	Parameter sel_mux_cn_proc_5 bound to: 2'b11 
	Parameter sel_mux_cn_proc_6 bound to: 2'b11 
	Parameter sel_mux_cn_proc_7 bound to: 2'b11 
	Parameter sel_mux_cn_proc_8 bound to: 2'b11 
	Parameter sel_mux_cn_proc_9 bound to: 2'b11 
	Parameter sel_mux_cn_proc_10 bound to: 2'b11 
	Parameter sel_mux_cn_proc_19 bound to: 2'b00 
	Parameter sel_demux_min_0 bound to: 4'b1000 
	Parameter sel_demux_min_1 bound to: 4'b1111 
	Parameter sel_demux_min_2 bound to: 4'b1111 
	Parameter sel_demux_mul_0 bound to: 4'b1000 
	Parameter sel_demux_mul_1 bound to: 4'b1111 
	Parameter sel_demux_mul_2 bound to: 4'b1111 
	Parameter sel_demux_min_30 bound to: 1'b0 
	Parameter sel_demux_min_31 bound to: 1'b0 
	Parameter sel_demux_mul_30 bound to: 1'b0 
	Parameter sel_demux_mul_31 bound to: 1'b0 
INFO: [Synth 8-6157] synthesizing module 'cn_proc' [/home/victor/open_baseband/openasip/custom_units/LDPC/LDPC_decoder/new/cn_proc.v:1]
	Parameter GROUP bound to: 3 - type: integer 
	Parameter WIDTH bound to: 8 - type: integer 
INFO: [Synth 8-6155] done synthesizing module 'cn_proc' (1#1) [/home/victor/open_baseband/openasip/custom_units/LDPC/LDPC_decoder/new/cn_proc.v:1]
INFO: [Synth 8-6157] synthesizing module 'cn_proc__parameterized0' [/home/victor/open_baseband/openasip/custom_units/LDPC/LDPC_decoder/new/cn_proc.v:1]
	Parameter GROUP bound to: 4 - type: integer 
	Parameter WIDTH bound to: 8 - type: integer 
INFO: [Synth 8-6155] done synthesizing module 'cn_proc__parameterized0' (1#1) [/home/victor/open_baseband/openasip/custom_units/LDPC/LDPC_decoder/new/cn_proc.v:1]
INFO: [Synth 8-6157] synthesizing module 'cn_proc__parameterized1' [/home/victor/open_baseband/openasip/custom_units/LDPC/LDPC_decoder/new/cn_proc.v:1]
	Parameter GROUP bound to: 5 - type: integer 
	Parameter WIDTH bound to: 8 - type: integer 
INFO: [Synth 8-6155] done synthesizing module 'cn_proc__parameterized1' (1#1) [/home/victor/open_baseband/openasip/custom_units/LDPC/LDPC_decoder/new/cn_proc.v:1]
INFO: [Synth 8-6157] synthesizing module 'cn_proc__parameterized2' [/home/victor/open_baseband/openasip/custom_units/LDPC/LDPC_decoder/new/cn_proc.v:1]
	Parameter GROUP bound to: 6 - type: integer 
	Parameter WIDTH bound to: 8 - type: integer 
INFO: [Synth 8-6155] done synthesizing module 'cn_proc__parameterized2' (1#1) [/home/victor/open_baseband/openasip/custom_units/LDPC/LDPC_decoder/new/cn_proc.v:1]
INFO: [Synth 8-6157] synthesizing module 'cn_proc__parameterized3' [/home/victor/open_baseband/openasip/custom_units/LDPC/LDPC_decoder/new/cn_proc.v:1]
	Parameter GROUP bound to: 7 - type: integer 
	Parameter WIDTH bound to: 8 - type: integer 
INFO: [Synth 8-6155] done synthesizing module 'cn_proc__parameterized3' (1#1) [/home/victor/open_baseband/openasip/custom_units/LDPC/LDPC_decoder/new/cn_proc.v:1]
INFO: [Synth 8-6157] synthesizing module 'cn_proc__parameterized4' [/home/victor/open_baseband/openasip/custom_units/LDPC/LDPC_decoder/new/cn_proc.v:1]
	Parameter GROUP bound to: 8 - type: integer 
	Parameter WIDTH bound to: 8 - type: integer 
INFO: [Synth 8-6155] done synthesizing module 'cn_proc__parameterized4' (1#1) [/home/victor/open_baseband/openasip/custom_units/LDPC/LDPC_decoder/new/cn_proc.v:1]
INFO: [Synth 8-6157] synthesizing module 'cn_proc__parameterized5' [/home/victor/open_baseband/openasip/custom_units/LDPC/LDPC_decoder/new/cn_proc.v:1]
	Parameter GROUP bound to: 9 - type: integer 
	Parameter WIDTH bound to: 8 - type: integer 
INFO: [Synth 8-6155] done synthesizing module 'cn_proc__parameterized5' (1#1) [/home/victor/open_baseband/openasip/custom_units/LDPC/LDPC_decoder/new/cn_proc.v:1]
INFO: [Synth 8-6157] synthesizing module 'cn_proc__parameterized6' [/home/victor/open_baseband/openasip/custom_units/LDPC/LDPC_decoder/new/cn_proc.v:1]
	Parameter GROUP bound to: 10 - type: integer 
	Parameter WIDTH bound to: 8 - type: integer 
INFO: [Synth 8-6155] done synthesizing module 'cn_proc__parameterized6' (1#1) [/home/victor/open_baseband/openasip/custom_units/LDPC/LDPC_decoder/new/cn_proc.v:1]
INFO: [Synth 8-6157] synthesizing module 'cn_proc__parameterized7' [/home/victor/open_baseband/openasip/custom_units/LDPC/LDPC_decoder/new/cn_proc.v:1]
	Parameter GROUP bound to: 19 - type: integer 
	Parameter WIDTH bound to: 8 - type: integer 
INFO: [Synth 8-6155] done synthesizing module 'cn_proc__parameterized7' (1#1) [/home/victor/open_baseband/openasip/custom_units/LDPC/LDPC_decoder/new/cn_proc.v:1]
INFO: [Synth 8-6155] done synthesizing module 'cn_core' (2#1) [/home/victor/open_baseband/openasip/custom_units/LDPC/LDPC_decoder/new/cn_core.v:41]
WARNING: [Synth 8-3848] Net in_llr_group_0_w in module/entity ldpc does not have driver. [/home/victor/open_baseband/openasip/custom_units/LDPC/LDPC_decoder/new/project_1.srcs/sources_1/imports/new/ldpc.v:16]
WARNING: [Synth 8-3848] Net in_llr_group_1_w in module/entity ldpc does not have driver. [/home/victor/open_baseband/openasip/custom_units/LDPC/LDPC_decoder/new/project_1.srcs/sources_1/imports/new/ldpc.v:17]
WARNING: [Synth 8-3848] Net in_llr_group_2_w in module/entity ldpc does not have driver. [/home/victor/open_baseband/openasip/custom_units/LDPC/LDPC_decoder/new/project_1.srcs/sources_1/imports/new/ldpc.v:18]
INFO: [Synth 8-6155] done synthesizing module 'ldpc' (3#1) [/home/victor/open_baseband/openasip/custom_units/LDPC/LDPC_decoder/new/project_1.srcs/sources_1/imports/new/ldpc.v:3]
---------------------------------------------------------------------------------
Finished Synthesize : Time (s): cpu = 00:00:05 ; elapsed = 00:00:05 . Memory (MB): peak = 12981.188 ; gain = 0.000 ; free physical = 2153 ; free virtual = 11179
---------------------------------------------------------------------------------
Copyright 1986-2022 Xilinx, Inc. All Rights Reserved. Copyright 2022-2025 Advanced Micro Devices, Inc. All Rights Reserved.
---------------------------------------------------------------------------------------------------------------------------------------------
| Tool Version : Vivado v.2025.2 (lin64) Build 6299465 Fri Nov 14 12:34:56 MST 2025
| Date         : Thu Jun  4 17:41:39 2026
| Host         : victor-IdeaPad-Slim-3-15ARP10 running 64-bit Ubuntu 24.04.4 LTS
---------------------------------------------------------------------------------------------------------------------------------------------

RTL Linter Report

Table of Contents
-----------------
1. Summary

1. Summary
----------

+----------+----------+--------------+----------+
| Rule ID  | Severity | # Violations | # Waived |
+----------+----------+--------------+----------+
| ASSIGN-5 | WARNING  | 16           | 0        |
| ASSIGN-6 | WARNING  | 31           | 0        |
| ASSIGN-9 | WARNING  | 2            | 0        |
+----------+----------+--------------+----------+


WARNING: [Synth 37-124] [ASSIGN-5]Some bits in 'gen_cn_buses_19.in_cn_proc_10' are not set. First unset bit index is 0. 
RTL Name 'gen_cn_buses_19.in_cn_proc_10', Hierarchy 'cn_core', File 'cn_core.v', Line 278.
WARNING: [Synth 37-124] [ASSIGN-5]Some bits in 'gen_cn_buses_19.in_cn_proc_3' are not set. First unset bit index is 0. 
RTL Name 'gen_cn_buses_19.in_cn_proc_3', Hierarchy 'cn_core', File 'cn_core.v', Line 243.
WARNING: [Synth 37-124] [ASSIGN-5]Some bits in 'gen_cn_buses_19.in_cn_proc_4' are not set. First unset bit index is 0. 
RTL Name 'gen_cn_buses_19.in_cn_proc_4', Hierarchy 'cn_core', File 'cn_core.v', Line 248.
WARNING: [Synth 37-124] [ASSIGN-5]Some bits in 'gen_cn_buses_19.in_cn_proc_5' are not set. First unset bit index is 0. 
RTL Name 'gen_cn_buses_19.in_cn_proc_5', Hierarchy 'cn_core', File 'cn_core.v', Line 253.
WARNING: [Synth 37-124] [ASSIGN-5]Some bits in 'gen_cn_buses_19.in_cn_proc_6' are not set. First unset bit index is 0. 
RTL Name 'gen_cn_buses_19.in_cn_proc_6', Hierarchy 'cn_core', File 'cn_core.v', Line 258.
WARNING: [Synth 37-124] [ASSIGN-5]Some bits in 'gen_cn_buses_19.in_cn_proc_7' are not set. First unset bit index is 0. 
RTL Name 'gen_cn_buses_19.in_cn_proc_7', Hierarchy 'cn_core', File 'cn_core.v', Line 263.
WARNING: [Synth 37-124] [ASSIGN-5]Some bits in 'gen_cn_buses_19.in_cn_proc_8' are not set. First unset bit index is 0. 
RTL Name 'gen_cn_buses_19.in_cn_proc_8', Hierarchy 'cn_core', File 'cn_core.v', Line 268.
WARNING: [Synth 37-124] [ASSIGN-5]Some bits in 'gen_cn_buses_19.in_cn_proc_9' are not set. First unset bit index is 0. 
RTL Name 'gen_cn_buses_19.in_cn_proc_9', Hierarchy 'cn_core', File 'cn_core.v', Line 273.
WARNING: [Synth 37-124] [ASSIGN-5]Some bits in 'gen_min_mul_buses_19.out_demux_min_1' are not set. First unset bit index is 0. 
RTL Name 'gen_min_mul_buses_19.out_demux_min_1', Hierarchy 'cn_core', File 'cn_core.v', Line 894.
WARNING: [Synth 37-124] [ASSIGN-5]Some bits in 'gen_min_mul_buses_19.out_demux_min_2' are not set. First unset bit index is 0. 
RTL Name 'gen_min_mul_buses_19.out_demux_min_2', Hierarchy 'cn_core', File 'cn_core.v', Line 895.
WARNING: [Synth 37-124] [ASSIGN-5]Some bits in 'gen_min_mul_buses_19.out_demux_mul_1' are not set. First unset bit index is 0. 
RTL Name 'gen_min_mul_buses_19.out_demux_mul_1', Hierarchy 'cn_core', File 'cn_core.v', Line 897.
WARNING: [Synth 37-124] [ASSIGN-5]Some bits in 'gen_min_mul_buses_19.out_demux_mul_2' are not set. First unset bit index is 0. 
RTL Name 'gen_min_mul_buses_19.out_demux_mul_2', Hierarchy 'cn_core', File 'cn_core.v', Line 898.
WARNING: [Synth 37-117] [ASSIGN-6] 3 signals within array 'in_cn_proc_10' are not read, switch to verbose mode to see all details. 
RTL Name 'in_cn_proc_10', Hierarchy 'cn_core', File '/home/victor/open_baseband/openasip/custom_units/LDPC/LDPC_decoder/new/cn_core.v', Line 144.
WARNING: [Synth 37-117] [ASSIGN-6] 3 signals within array 'in_cn_proc_3' are not read, switch to verbose mode to see all details. 
RTL Name 'in_cn_proc_3', Hierarchy 'cn_core', File '/home/victor/open_baseband/openasip/custom_units/LDPC/LDPC_decoder/new/cn_core.v', Line 137.
WARNING: [Synth 37-117] [ASSIGN-6] 3 signals within array 'in_cn_proc_4' are not read, switch to verbose mode to see all details. 
RTL Name 'in_cn_proc_4', Hierarchy 'cn_core', File '/home/victor/open_baseband/openasip/custom_units/LDPC/LDPC_decoder/new/cn_core.v', Line 138.
WARNING: [Synth 37-117] [ASSIGN-6] 3 signals within array 'in_cn_proc_5' are not read, switch to verbose mode to see all details. 
RTL Name 'in_cn_proc_5', Hierarchy 'cn_core', File '/home/victor/open_baseband/openasip/custom_units/LDPC/LDPC_decoder/new/cn_core.v', Line 139.
WARNING: [Synth 37-117] [ASSIGN-6] 3 signals within array 'in_cn_proc_6' are not read, switch to verbose mode to see all details. 
RTL Name 'in_cn_proc_6', Hierarchy 'cn_core', File '/home/victor/open_baseband/openasip/custom_units/LDPC/LDPC_decoder/new/cn_core.v', Line 140.
WARNING: [Synth 37-117] [ASSIGN-6] 3 signals within array 'in_cn_proc_7' are not read, switch to verbose mode to see all details. 
RTL Name 'in_cn_proc_7', Hierarchy 'cn_core', File '/home/victor/open_baseband/openasip/custom_units/LDPC/LDPC_decoder/new/cn_core.v', Line 141.
WARNING: [Synth 37-117] [ASSIGN-6] 3 signals within array 'in_cn_proc_8' are not read, switch to verbose mode to see all details. 
RTL Name 'in_cn_proc_8', Hierarchy 'cn_core', File '/home/victor/open_baseband/openasip/custom_units/LDPC/LDPC_decoder/new/cn_core.v', Line 142.
WARNING: [Synth 37-117] [ASSIGN-6] 3 signals within array 'in_cn_proc_9' are not read, switch to verbose mode to see all details. 
RTL Name 'in_cn_proc_9', Hierarchy 'cn_core', File '/home/victor/open_baseband/openasip/custom_units/LDPC/LDPC_decoder/new/cn_core.v', Line 143.
WARNING: [Synth 37-117] [ASSIGN-6] 2 signals within array 'in_cn_proc_19' are not read, switch to verbose mode to see all details. 
RTL Name 'in_cn_proc_19', Hierarchy 'cn_core', File '/home/victor/open_baseband/openasip/custom_units/LDPC/LDPC_decoder/new/cn_core.v', Line 145.
WARNING: [Synth 37-93] [ASSIGN-6]Signal 'gen_cn_buses_19.min_cn_proc_10' was assigned but not read. 
RTL Name 'gen_cn_buses_19.min_cn_proc_10', Hierarchy 'cn_core', File '/home/victor/open_baseband/openasip/custom_units/LDPC/LDPC_decoder/new/cn_core.v', Line 280.
WARNING: [Synth 37-93] [ASSIGN-6]Signal 'gen_cn_buses_19.min_cn_proc_3' was assigned but not read. 
RTL Name 'gen_cn_buses_19.min_cn_proc_3', Hierarchy 'cn_core', File '/home/victor/open_baseband/openasip/custom_units/LDPC/LDPC_decoder/new/cn_core.v', Line 245.
WARNING: [Synth 37-93] [ASSIGN-6]Signal 'gen_cn_buses_19.min_cn_proc_4' was assigned but not read. 
RTL Name 'gen_cn_buses_19.min_cn_proc_4', Hierarchy 'cn_core', File '/home/victor/open_baseband/openasip/custom_units/LDPC/LDPC_decoder/new/cn_core.v', Line 250.
WARNING: [Synth 37-93] [ASSIGN-6]Signal 'gen_cn_buses_19.min_cn_proc_5' was assigned but not read. 
RTL Name 'gen_cn_buses_19.min_cn_proc_5', Hierarchy 'cn_core', File '/home/victor/open_baseband/openasip/custom_units/LDPC/LDPC_decoder/new/cn_core.v', Line 255.
WARNING: [Synth 37-93] [ASSIGN-6]Signal 'gen_cn_buses_19.min_cn_proc_6' was assigned but not read. 
RTL Name 'gen_cn_buses_19.min_cn_proc_6', Hierarchy 'cn_core', File '/home/victor/open_baseband/openasip/custom_units/LDPC/LDPC_decoder/new/cn_core.v', Line 260.
WARNING: [Synth 37-93] [ASSIGN-6]Signal 'gen_cn_buses_19.min_cn_proc_7' was assigned but not read. 
RTL Name 'gen_cn_buses_19.min_cn_proc_7', Hierarchy 'cn_core', File '/home/victor/open_baseband/openasip/custom_units/LDPC/LDPC_decoder/new/cn_core.v', Line 265.
WARNING: [Synth 37-93] [ASSIGN-6]Signal 'gen_cn_buses_19.min_cn_proc_8' was assigned but not read. 
RTL Name 'gen_cn_buses_19.min_cn_proc_8', Hierarchy 'cn_core', File '/home/victor/open_baseband/openasip/custom_units/LDPC/LDPC_decoder/new/cn_core.v', Line 270.
WARNING: [Synth 37-93] [ASSIGN-6]Signal 'gen_cn_buses_19.min_cn_proc_9' was assigned but not read. 
RTL Name 'gen_cn_buses_19.min_cn_proc_9', Hierarchy 'cn_core', File '/home/victor/open_baseband/openasip/custom_units/LDPC/LDPC_decoder/new/cn_core.v', Line 275.
WARNING: [Synth 37-93] [ASSIGN-6]Signal 'gen_cn_buses_19.sgn_mul_cn_proc_10' was assigned but not read. 
RTL Name 'gen_cn_buses_19.sgn_mul_cn_proc_10', Hierarchy 'cn_core', File '/home/victor/open_baseband/openasip/custom_units/LDPC/LDPC_decoder/new/cn_core.v', Line 281.
WARNING: [Synth 37-93] [ASSIGN-6]Signal 'gen_cn_buses_19.sgn_mul_cn_proc_3' was assigned but not read. 
RTL Name 'gen_cn_buses_19.sgn_mul_cn_proc_3', Hierarchy 'cn_core', File '/home/victor/open_baseband/openasip/custom_units/LDPC/LDPC_decoder/new/cn_core.v', Line 246.
WARNING: [Synth 37-93] [ASSIGN-6]Signal 'gen_cn_buses_19.sgn_mul_cn_proc_4' was assigned but not read. 
RTL Name 'gen_cn_buses_19.sgn_mul_cn_proc_4', Hierarchy 'cn_core', File '/home/victor/open_baseband/openasip/custom_units/LDPC/LDPC_decoder/new/cn_core.v', Line 251.
WARNING: [Synth 37-93] [ASSIGN-6]Signal 'gen_cn_buses_19.sgn_mul_cn_proc_5' was assigned but not read. 
RTL Name 'gen_cn_buses_19.sgn_mul_cn_proc_5', Hierarchy 'cn_core', File '/home/victor/open_baseband/openasip/custom_units/LDPC/LDPC_decoder/new/cn_core.v', Line 256.
WARNING: [Synth 37-93] [ASSIGN-6]Signal 'gen_cn_buses_19.sgn_mul_cn_proc_6' was assigned but not read. 
RTL Name 'gen_cn_buses_19.sgn_mul_cn_proc_6', Hierarchy 'cn_core', File '/home/victor/open_baseband/openasip/custom_units/LDPC/LDPC_decoder/new/cn_core.v', Line 261.
WARNING: [Synth 37-93] [ASSIGN-6]Signal 'gen_cn_buses_19.sgn_mul_cn_proc_7' was assigned but not read. 
RTL Name 'gen_cn_buses_19.sgn_mul_cn_proc_7', Hierarchy 'cn_core', File '/home/victor/open_baseband/openasip/custom_units/LDPC/LDPC_decoder/new/cn_core.v', Line 266.
WARNING: [Synth 37-93] [ASSIGN-6]Signal 'gen_cn_buses_19.sgn_mul_cn_proc_8' was assigned but not read. 
RTL Name 'gen_cn_buses_19.sgn_mul_cn_proc_8', Hierarchy 'cn_core', File '/home/victor/open_baseband/openasip/custom_units/LDPC/LDPC_decoder/new/cn_core.v', Line 271.
WARNING: [Synth 37-93] [ASSIGN-6]Signal 'gen_cn_buses_19.sgn_mul_cn_proc_9' was assigned but not read. 
RTL Name 'gen_cn_buses_19.sgn_mul_cn_proc_9', Hierarchy 'cn_core', File '/home/victor/open_baseband/openasip/custom_units/LDPC/LDPC_decoder/new/cn_core.v', Line 276.
WARNING: [Synth 37-93] [ASSIGN-6]Signal 'gen_min_mul_buses_19.out_demux_min_0' was assigned but not read. 
RTL Name 'gen_min_mul_buses_19.out_demux_min_0', Hierarchy 'cn_core', File '/home/victor/open_baseband/openasip/custom_units/LDPC/LDPC_decoder/new/cn_core.v', Line 893.
WARNING: [Synth 37-93] [ASSIGN-6]Signal 'gen_min_mul_buses_19.out_demux_min_1' was assigned but not read. 
RTL Name 'gen_min_mul_buses_19.out_demux_min_1', Hierarchy 'cn_core', File '/home/victor/open_baseband/openasip/custom_units/LDPC/LDPC_decoder/new/cn_core.v', Line 894.
WARNING: [Synth 37-93] [ASSIGN-6]Signal 'gen_min_mul_buses_19.out_demux_min_2' was assigned but not read. 
RTL Name 'gen_min_mul_buses_19.out_demux_min_2', Hierarchy 'cn_core', File '/home/victor/open_baseband/openasip/custom_units/LDPC/LDPC_decoder/new/cn_core.v', Line 895.
WARNING: [Synth 37-93] [ASSIGN-6]Signal 'gen_min_mul_buses_19.out_demux_mul_0' was assigned but not read. 
RTL Name 'gen_min_mul_buses_19.out_demux_mul_0', Hierarchy 'cn_core', File '/home/victor/open_baseband/openasip/custom_units/LDPC/LDPC_decoder/new/cn_core.v', Line 896.
WARNING: [Synth 37-93] [ASSIGN-6]Signal 'gen_min_mul_buses_19.out_demux_mul_1' was assigned but not read. 
RTL Name 'gen_min_mul_buses_19.out_demux_mul_1', Hierarchy 'cn_core', File '/home/victor/open_baseband/openasip/custom_units/LDPC/LDPC_decoder/new/cn_core.v', Line 897.
WARNING: [Synth 37-93] [ASSIGN-6]Signal 'gen_min_mul_buses_19.out_demux_mul_2' was assigned but not read. 
RTL Name 'gen_min_mul_buses_19.out_demux_mul_2', Hierarchy 'cn_core', File '/home/victor/open_baseband/openasip/custom_units/LDPC/LDPC_decoder/new/cn_core.v', Line 898.
WARNING: [Synth 37-126] [ASSIGN-9]Some bits in IO 'out_llr' are not set. First unset bit index is 0. 
RTL Name 'out_llr', Hierarchy 'cn_core', File 'cn_core.v', Line 74.
WARNING: [Synth 37-124] [ASSIGN-5]Some bits in 'in_llr_group_0_w' are not set. First unset bit index is 0. 
RTL Name 'in_llr_group_0_w', Hierarchy 'ldpc', File 'ldpc.v', Line 16.
WARNING: [Synth 37-124] [ASSIGN-5]Some bits in 'in_llr_group_1_w' are not set. First unset bit index is 0. 
RTL Name 'in_llr_group_1_w', Hierarchy 'ldpc', File 'ldpc.v', Line 17.
WARNING: [Synth 37-124] [ASSIGN-5]Some bits in 'in_llr_group_2_w' are not set. First unset bit index is 0. 
RTL Name 'in_llr_group_2_w', Hierarchy 'ldpc', File 'ldpc.v', Line 18.
WARNING: [Synth 37-124] [ASSIGN-5]Some bits in 'out_llr_w' are not set. First unset bit index is 0. 
RTL Name 'out_llr_w', Hierarchy 'ldpc', File 'ldpc.v', Line 19.
WARNING: [Synth 37-126] [ASSIGN-9]Some bits in IO 'out_llr' are not set. First unset bit index is 0. 
RTL Name 'out_llr', Hierarchy 'ldpc', File 'ldpc.v', Line 13.
INFO: [Synth 37-85] Total of 49 linter message(s) generated.
INFO: [Synth 37-45] Linter Run Finished!
Synthesis Optimization Runtime : Time (s): cpu = 00:00:05 ; elapsed = 00:00:05 . Memory (MB): peak = 12981.188 ; gain = 0.000 ; free physical = 2131 ; free virtual = 11156
INFO: [Common 17-83] Releasing license: Synthesis
27 Infos, 52 Warnings, 0 Critical Warnings and 0 Errors encountered.
synth_design completed successfully
synth_design -top ldpc -part xczu7ev-ffvc1156-2-e -lint 
Command: synth_design -top ldpc -part xczu7ev-ffvc1156-2-e -lint
Starting synth_design
Attempting to get a license for feature 'Synthesis' and/or device 'xczu7ev'
INFO: [Common 17-349] Got license for feature 'Synthesis' and/or device 'xczu7ev'
INFO: [Synth 8-7079] Multithreading enabled for synth_design using a maximum of 7 processes.
---------------------------------------------------------------------------------
Starting Synthesize : Time (s): cpu = 00:00:04 ; elapsed = 00:00:03 . Memory (MB): peak = 12988.555 ; gain = 0.000 ; free physical = 2125 ; free virtual = 11150
---------------------------------------------------------------------------------
Clean up Linter database...
INFO: [Synth 8-6157] synthesizing module 'ldpc' [/home/victor/open_baseband/openasip/custom_units/LDPC/LDPC_decoder/new/project_1.srcs/sources_1/imports/new/ldpc.v:3]
INFO: [Synth 8-6157] synthesizing module 'cn_core' [/home/victor/open_baseband/openasip/custom_units/LDPC/LDPC_decoder/new/cn_core.v:41]
	Parameter DEGREE bound to: 19 - type: integer 
	Parameter WIDTH bound to: 8 - type: integer 
	Parameter sel_mux_cn_proc_3 bound to: 2'b11 
	Parameter sel_mux_cn_proc_4 bound to: 2'b11 
	Parameter sel_mux_cn_proc_5 bound to: 2'b11 
	Parameter sel_mux_cn_proc_6 bound to: 2'b11 
	Parameter sel_mux_cn_proc_7 bound to: 2'b11 
	Parameter sel_mux_cn_proc_8 bound to: 2'b11 
	Parameter sel_mux_cn_proc_9 bound to: 2'b11 
	Parameter sel_mux_cn_proc_10 bound to: 2'b11 
	Parameter sel_mux_cn_proc_19 bound to: 2'b00 
	Parameter sel_demux_min_0 bound to: 4'b1000 
	Parameter sel_demux_min_1 bound to: 4'b1111 
	Parameter sel_demux_min_2 bound to: 4'b1111 
	Parameter sel_demux_mul_0 bound to: 4'b1000 
	Parameter sel_demux_mul_1 bound to: 4'b1111 
	Parameter sel_demux_mul_2 bound to: 4'b1111 
	Parameter sel_demux_min_30 bound to: 1'b0 
	Parameter sel_demux_min_31 bound to: 1'b0 
	Parameter sel_demux_mul_30 bound to: 1'b0 
	Parameter sel_demux_mul_31 bound to: 1'b0 
INFO: [Synth 8-6157] synthesizing module 'cn_proc' [/home/victor/open_baseband/openasip/custom_units/LDPC/LDPC_decoder/new/cn_proc.v:1]
	Parameter GROUP bound to: 3 - type: integer 
	Parameter WIDTH bound to: 8 - type: integer 
INFO: [Synth 8-6155] done synthesizing module 'cn_proc' (1#1) [/home/victor/open_baseband/openasip/custom_units/LDPC/LDPC_decoder/new/cn_proc.v:1]
INFO: [Synth 8-6157] synthesizing module 'cn_proc__parameterized0' [/home/victor/open_baseband/openasip/custom_units/LDPC/LDPC_decoder/new/cn_proc.v:1]
	Parameter GROUP bound to: 4 - type: integer 
	Parameter WIDTH bound to: 8 - type: integer 
INFO: [Synth 8-6155] done synthesizing module 'cn_proc__parameterized0' (1#1) [/home/victor/open_baseband/openasip/custom_units/LDPC/LDPC_decoder/new/cn_proc.v:1]
INFO: [Synth 8-6157] synthesizing module 'cn_proc__parameterized1' [/home/victor/open_baseband/openasip/custom_units/LDPC/LDPC_decoder/new/cn_proc.v:1]
	Parameter GROUP bound to: 5 - type: integer 
	Parameter WIDTH bound to: 8 - type: integer 
INFO: [Synth 8-6155] done synthesizing module 'cn_proc__parameterized1' (1#1) [/home/victor/open_baseband/openasip/custom_units/LDPC/LDPC_decoder/new/cn_proc.v:1]
INFO: [Synth 8-6157] synthesizing module 'cn_proc__parameterized2' [/home/victor/open_baseband/openasip/custom_units/LDPC/LDPC_decoder/new/cn_proc.v:1]
	Parameter GROUP bound to: 6 - type: integer 
	Parameter WIDTH bound to: 8 - type: integer 
INFO: [Synth 8-6155] done synthesizing module 'cn_proc__parameterized2' (1#1) [/home/victor/open_baseband/openasip/custom_units/LDPC/LDPC_decoder/new/cn_proc.v:1]
INFO: [Synth 8-6157] synthesizing module 'cn_proc__parameterized3' [/home/victor/open_baseband/openasip/custom_units/LDPC/LDPC_decoder/new/cn_proc.v:1]
	Parameter GROUP bound to: 7 - type: integer 
	Parameter WIDTH bound to: 8 - type: integer 
INFO: [Synth 8-6155] done synthesizing module 'cn_proc__parameterized3' (1#1) [/home/victor/open_baseband/openasip/custom_units/LDPC/LDPC_decoder/new/cn_proc.v:1]
INFO: [Synth 8-6157] synthesizing module 'cn_proc__parameterized4' [/home/victor/open_baseband/openasip/custom_units/LDPC/LDPC_decoder/new/cn_proc.v:1]
	Parameter GROUP bound to: 8 - type: integer 
	Parameter WIDTH bound to: 8 - type: integer 
INFO: [Synth 8-6155] done synthesizing module 'cn_proc__parameterized4' (1#1) [/home/victor/open_baseband/openasip/custom_units/LDPC/LDPC_decoder/new/cn_proc.v:1]
INFO: [Synth 8-6157] synthesizing module 'cn_proc__parameterized5' [/home/victor/open_baseband/openasip/custom_units/LDPC/LDPC_decoder/new/cn_proc.v:1]
	Parameter GROUP bound to: 9 - type: integer 
	Parameter WIDTH bound to: 8 - type: integer 
INFO: [Synth 8-6155] done synthesizing module 'cn_proc__parameterized5' (1#1) [/home/victor/open_baseband/openasip/custom_units/LDPC/LDPC_decoder/new/cn_proc.v:1]
INFO: [Synth 8-6157] synthesizing module 'cn_proc__parameterized6' [/home/victor/open_baseband/openasip/custom_units/LDPC/LDPC_decoder/new/cn_proc.v:1]
	Parameter GROUP bound to: 10 - type: integer 
	Parameter WIDTH bound to: 8 - type: integer 
INFO: [Synth 8-6155] done synthesizing module 'cn_proc__parameterized6' (1#1) [/home/victor/open_baseband/openasip/custom_units/LDPC/LDPC_decoder/new/cn_proc.v:1]
INFO: [Synth 8-6157] synthesizing module 'cn_proc__parameterized7' [/home/victor/open_baseband/openasip/custom_units/LDPC/LDPC_decoder/new/cn_proc.v:1]
	Parameter GROUP bound to: 19 - type: integer 
	Parameter WIDTH bound to: 8 - type: integer 
INFO: [Synth 8-6155] done synthesizing module 'cn_proc__parameterized7' (1#1) [/home/victor/open_baseband/openasip/custom_units/LDPC/LDPC_decoder/new/cn_proc.v:1]
INFO: [Synth 8-6155] done synthesizing module 'cn_core' (2#1) [/home/victor/open_baseband/openasip/custom_units/LDPC/LDPC_decoder/new/cn_core.v:41]
INFO: [Synth 8-6155] done synthesizing module 'ldpc' (3#1) [/home/victor/open_baseband/openasip/custom_units/LDPC/LDPC_decoder/new/project_1.srcs/sources_1/imports/new/ldpc.v:3]
---------------------------------------------------------------------------------
Finished Synthesize : Time (s): cpu = 00:00:05 ; elapsed = 00:00:05 . Memory (MB): peak = 12988.555 ; gain = 0.000 ; free physical = 2132 ; free virtual = 11157
---------------------------------------------------------------------------------
Copyright 1986-2022 Xilinx, Inc. All Rights Reserved. Copyright 2022-2025 Advanced Micro Devices, Inc. All Rights Reserved.
---------------------------------------------------------------------------------------------------------------------------------------------
| Tool Version : Vivado v.2025.2 (lin64) Build 6299465 Fri Nov 14 12:34:56 MST 2025
| Date         : Thu Jun  4 17:42:34 2026
| Host         : victor-IdeaPad-Slim-3-15ARP10 running 64-bit Ubuntu 24.04.4 LTS
---------------------------------------------------------------------------------------------------------------------------------------------

RTL Linter Report

Table of Contents
-----------------
1. Summary

1. Summary
----------

+----------+----------+--------------+----------+
| Rule ID  | Severity | # Violations | # Waived |
+----------+----------+--------------+----------+
| ASSIGN-5 | WARNING  | 13           | 0        |
| ASSIGN-6 | WARNING  | 31           | 0        |
| ASSIGN-9 | WARNING  | 2            | 0        |
+----------+----------+--------------+----------+


WARNING: [Synth 37-124] [ASSIGN-5]Some bits in 'gen_cn_buses_19.in_cn_proc_10' are not set. First unset bit index is 0. 
RTL Name 'gen_cn_buses_19.in_cn_proc_10', Hierarchy 'cn_core', File 'cn_core.v', Line 278.
WARNING: [Synth 37-124] [ASSIGN-5]Some bits in 'gen_cn_buses_19.in_cn_proc_3' are not set. First unset bit index is 0. 
RTL Name 'gen_cn_buses_19.in_cn_proc_3', Hierarchy 'cn_core', File 'cn_core.v', Line 243.
WARNING: [Synth 37-124] [ASSIGN-5]Some bits in 'gen_cn_buses_19.in_cn_proc_4' are not set. First unset bit index is 0. 
RTL Name 'gen_cn_buses_19.in_cn_proc_4', Hierarchy 'cn_core', File 'cn_core.v', Line 248.
WARNING: [Synth 37-124] [ASSIGN-5]Some bits in 'gen_cn_buses_19.in_cn_proc_5' are not set. First unset bit index is 0. 
RTL Name 'gen_cn_buses_19.in_cn_proc_5', Hierarchy 'cn_core', File 'cn_core.v', Line 253.
WARNING: [Synth 37-124] [ASSIGN-5]Some bits in 'gen_cn_buses_19.in_cn_proc_6' are not set. First unset bit index is 0. 
RTL Name 'gen_cn_buses_19.in_cn_proc_6', Hierarchy 'cn_core', File 'cn_core.v', Line 258.
WARNING: [Synth 37-124] [ASSIGN-5]Some bits in 'gen_cn_buses_19.in_cn_proc_7' are not set. First unset bit index is 0. 
RTL Name 'gen_cn_buses_19.in_cn_proc_7', Hierarchy 'cn_core', File 'cn_core.v', Line 263.
WARNING: [Synth 37-124] [ASSIGN-5]Some bits in 'gen_cn_buses_19.in_cn_proc_8' are not set. First unset bit index is 0. 
RTL Name 'gen_cn_buses_19.in_cn_proc_8', Hierarchy 'cn_core', File 'cn_core.v', Line 268.
WARNING: [Synth 37-124] [ASSIGN-5]Some bits in 'gen_cn_buses_19.in_cn_proc_9' are not set. First unset bit index is 0. 
RTL Name 'gen_cn_buses_19.in_cn_proc_9', Hierarchy 'cn_core', File 'cn_core.v', Line 273.
WARNING: [Synth 37-124] [ASSIGN-5]Some bits in 'gen_min_mul_buses_19.out_demux_min_1' are not set. First unset bit index is 0. 
RTL Name 'gen_min_mul_buses_19.out_demux_min_1', Hierarchy 'cn_core', File 'cn_core.v', Line 894.
WARNING: [Synth 37-124] [ASSIGN-5]Some bits in 'gen_min_mul_buses_19.out_demux_min_2' are not set. First unset bit index is 0. 
RTL Name 'gen_min_mul_buses_19.out_demux_min_2', Hierarchy 'cn_core', File 'cn_core.v', Line 895.
WARNING: [Synth 37-124] [ASSIGN-5]Some bits in 'gen_min_mul_buses_19.out_demux_mul_1' are not set. First unset bit index is 0. 
RTL Name 'gen_min_mul_buses_19.out_demux_mul_1', Hierarchy 'cn_core', File 'cn_core.v', Line 897.
WARNING: [Synth 37-124] [ASSIGN-5]Some bits in 'gen_min_mul_buses_19.out_demux_mul_2' are not set. First unset bit index is 0. 
RTL Name 'gen_min_mul_buses_19.out_demux_mul_2', Hierarchy 'cn_core', File 'cn_core.v', Line 898.
WARNING: [Synth 37-117] [ASSIGN-6] 3 signals within array 'in_cn_proc_10' are not read, switch to verbose mode to see all details. 
RTL Name 'in_cn_proc_10', Hierarchy 'cn_core', File '/home/victor/open_baseband/openasip/custom_units/LDPC/LDPC_decoder/new/cn_core.v', Line 144.
WARNING: [Synth 37-117] [ASSIGN-6] 3 signals within array 'in_cn_proc_3' are not read, switch to verbose mode to see all details. 
RTL Name 'in_cn_proc_3', Hierarchy 'cn_core', File '/home/victor/open_baseband/openasip/custom_units/LDPC/LDPC_decoder/new/cn_core.v', Line 137.
WARNING: [Synth 37-117] [ASSIGN-6] 3 signals within array 'in_cn_proc_4' are not read, switch to verbose mode to see all details. 
RTL Name 'in_cn_proc_4', Hierarchy 'cn_core', File '/home/victor/open_baseband/openasip/custom_units/LDPC/LDPC_decoder/new/cn_core.v', Line 138.
WARNING: [Synth 37-117] [ASSIGN-6] 3 signals within array 'in_cn_proc_5' are not read, switch to verbose mode to see all details. 
RTL Name 'in_cn_proc_5', Hierarchy 'cn_core', File '/home/victor/open_baseband/openasip/custom_units/LDPC/LDPC_decoder/new/cn_core.v', Line 139.
WARNING: [Synth 37-117] [ASSIGN-6] 3 signals within array 'in_cn_proc_6' are not read, switch to verbose mode to see all details. 
RTL Name 'in_cn_proc_6', Hierarchy 'cn_core', File '/home/victor/open_baseband/openasip/custom_units/LDPC/LDPC_decoder/new/cn_core.v', Line 140.
WARNING: [Synth 37-117] [ASSIGN-6] 3 signals within array 'in_cn_proc_7' are not read, switch to verbose mode to see all details. 
RTL Name 'in_cn_proc_7', Hierarchy 'cn_core', File '/home/victor/open_baseband/openasip/custom_units/LDPC/LDPC_decoder/new/cn_core.v', Line 141.
WARNING: [Synth 37-117] [ASSIGN-6] 3 signals within array 'in_cn_proc_8' are not read, switch to verbose mode to see all details. 
RTL Name 'in_cn_proc_8', Hierarchy 'cn_core', File '/home/victor/open_baseband/openasip/custom_units/LDPC/LDPC_decoder/new/cn_core.v', Line 142.
WARNING: [Synth 37-117] [ASSIGN-6] 3 signals within array 'in_cn_proc_9' are not read, switch to verbose mode to see all details. 
RTL Name 'in_cn_proc_9', Hierarchy 'cn_core', File '/home/victor/open_baseband/openasip/custom_units/LDPC/LDPC_decoder/new/cn_core.v', Line 143.
WARNING: [Synth 37-117] [ASSIGN-6] 2 signals within array 'in_cn_proc_19' are not read, switch to verbose mode to see all details. 
RTL Name 'in_cn_proc_19', Hierarchy 'cn_core', File '/home/victor/open_baseband/openasip/custom_units/LDPC/LDPC_decoder/new/cn_core.v', Line 145.
WARNING: [Synth 37-93] [ASSIGN-6]Signal 'gen_cn_buses_19.min_cn_proc_10' was assigned but not read. 
RTL Name 'gen_cn_buses_19.min_cn_proc_10', Hierarchy 'cn_core', File '/home/victor/open_baseband/openasip/custom_units/LDPC/LDPC_decoder/new/cn_core.v', Line 280.
WARNING: [Synth 37-93] [ASSIGN-6]Signal 'gen_cn_buses_19.min_cn_proc_3' was assigned but not read. 
RTL Name 'gen_cn_buses_19.min_cn_proc_3', Hierarchy 'cn_core', File '/home/victor/open_baseband/openasip/custom_units/LDPC/LDPC_decoder/new/cn_core.v', Line 245.
WARNING: [Synth 37-93] [ASSIGN-6]Signal 'gen_cn_buses_19.min_cn_proc_4' was assigned but not read. 
RTL Name 'gen_cn_buses_19.min_cn_proc_4', Hierarchy 'cn_core', File '/home/victor/open_baseband/openasip/custom_units/LDPC/LDPC_decoder/new/cn_core.v', Line 250.
WARNING: [Synth 37-93] [ASSIGN-6]Signal 'gen_cn_buses_19.min_cn_proc_5' was assigned but not read. 
RTL Name 'gen_cn_buses_19.min_cn_proc_5', Hierarchy 'cn_core', File '/home/victor/open_baseband/openasip/custom_units/LDPC/LDPC_decoder/new/cn_core.v', Line 255.
WARNING: [Synth 37-93] [ASSIGN-6]Signal 'gen_cn_buses_19.min_cn_proc_6' was assigned but not read. 
RTL Name 'gen_cn_buses_19.min_cn_proc_6', Hierarchy 'cn_core', File '/home/victor/open_baseband/openasip/custom_units/LDPC/LDPC_decoder/new/cn_core.v', Line 260.
WARNING: [Synth 37-93] [ASSIGN-6]Signal 'gen_cn_buses_19.min_cn_proc_7' was assigned but not read. 
RTL Name 'gen_cn_buses_19.min_cn_proc_7', Hierarchy 'cn_core', File '/home/victor/open_baseband/openasip/custom_units/LDPC/LDPC_decoder/new/cn_core.v', Line 265.
WARNING: [Synth 37-93] [ASSIGN-6]Signal 'gen_cn_buses_19.min_cn_proc_8' was assigned but not read. 
RTL Name 'gen_cn_buses_19.min_cn_proc_8', Hierarchy 'cn_core', File '/home/victor/open_baseband/openasip/custom_units/LDPC/LDPC_decoder/new/cn_core.v', Line 270.
WARNING: [Synth 37-93] [ASSIGN-6]Signal 'gen_cn_buses_19.min_cn_proc_9' was assigned but not read. 
RTL Name 'gen_cn_buses_19.min_cn_proc_9', Hierarchy 'cn_core', File '/home/victor/open_baseband/openasip/custom_units/LDPC/LDPC_decoder/new/cn_core.v', Line 275.
WARNING: [Synth 37-93] [ASSIGN-6]Signal 'gen_cn_buses_19.sgn_mul_cn_proc_10' was assigned but not read. 
RTL Name 'gen_cn_buses_19.sgn_mul_cn_proc_10', Hierarchy 'cn_core', File '/home/victor/open_baseband/openasip/custom_units/LDPC/LDPC_decoder/new/cn_core.v', Line 281.
WARNING: [Synth 37-93] [ASSIGN-6]Signal 'gen_cn_buses_19.sgn_mul_cn_proc_3' was assigned but not read. 
RTL Name 'gen_cn_buses_19.sgn_mul_cn_proc_3', Hierarchy 'cn_core', File '/home/victor/open_baseband/openasip/custom_units/LDPC/LDPC_decoder/new/cn_core.v', Line 246.
WARNING: [Synth 37-93] [ASSIGN-6]Signal 'gen_cn_buses_19.sgn_mul_cn_proc_4' was assigned but not read. 
RTL Name 'gen_cn_buses_19.sgn_mul_cn_proc_4', Hierarchy 'cn_core', File '/home/victor/open_baseband/openasip/custom_units/LDPC/LDPC_decoder/new/cn_core.v', Line 251.
WARNING: [Synth 37-93] [ASSIGN-6]Signal 'gen_cn_buses_19.sgn_mul_cn_proc_5' was assigned but not read. 
RTL Name 'gen_cn_buses_19.sgn_mul_cn_proc_5', Hierarchy 'cn_core', File '/home/victor/open_baseband/openasip/custom_units/LDPC/LDPC_decoder/new/cn_core.v', Line 256.
WARNING: [Synth 37-93] [ASSIGN-6]Signal 'gen_cn_buses_19.sgn_mul_cn_proc_6' was assigned but not read. 
RTL Name 'gen_cn_buses_19.sgn_mul_cn_proc_6', Hierarchy 'cn_core', File '/home/victor/open_baseband/openasip/custom_units/LDPC/LDPC_decoder/new/cn_core.v', Line 261.
WARNING: [Synth 37-93] [ASSIGN-6]Signal 'gen_cn_buses_19.sgn_mul_cn_proc_7' was assigned but not read. 
RTL Name 'gen_cn_buses_19.sgn_mul_cn_proc_7', Hierarchy 'cn_core', File '/home/victor/open_baseband/openasip/custom_units/LDPC/LDPC_decoder/new/cn_core.v', Line 266.
WARNING: [Synth 37-93] [ASSIGN-6]Signal 'gen_cn_buses_19.sgn_mul_cn_proc_8' was assigned but not read. 
RTL Name 'gen_cn_buses_19.sgn_mul_cn_proc_8', Hierarchy 'cn_core', File '/home/victor/open_baseband/openasip/custom_units/LDPC/LDPC_decoder/new/cn_core.v', Line 271.
WARNING: [Synth 37-93] [ASSIGN-6]Signal 'gen_cn_buses_19.sgn_mul_cn_proc_9' was assigned but not read. 
RTL Name 'gen_cn_buses_19.sgn_mul_cn_proc_9', Hierarchy 'cn_core', File '/home/victor/open_baseband/openasip/custom_units/LDPC/LDPC_decoder/new/cn_core.v', Line 276.
WARNING: [Synth 37-93] [ASSIGN-6]Signal 'gen_min_mul_buses_19.out_demux_min_0' was assigned but not read. 
RTL Name 'gen_min_mul_buses_19.out_demux_min_0', Hierarchy 'cn_core', File '/home/victor/open_baseband/openasip/custom_units/LDPC/LDPC_decoder/new/cn_core.v', Line 893.
WARNING: [Synth 37-93] [ASSIGN-6]Signal 'gen_min_mul_buses_19.out_demux_min_1' was assigned but not read. 
RTL Name 'gen_min_mul_buses_19.out_demux_min_1', Hierarchy 'cn_core', File '/home/victor/open_baseband/openasip/custom_units/LDPC/LDPC_decoder/new/cn_core.v', Line 894.
WARNING: [Synth 37-93] [ASSIGN-6]Signal 'gen_min_mul_buses_19.out_demux_min_2' was assigned but not read. 
RTL Name 'gen_min_mul_buses_19.out_demux_min_2', Hierarchy 'cn_core', File '/home/victor/open_baseband/openasip/custom_units/LDPC/LDPC_decoder/new/cn_core.v', Line 895.
WARNING: [Synth 37-93] [ASSIGN-6]Signal 'gen_min_mul_buses_19.out_demux_mul_0' was assigned but not read. 
RTL Name 'gen_min_mul_buses_19.out_demux_mul_0', Hierarchy 'cn_core', File '/home/victor/open_baseband/openasip/custom_units/LDPC/LDPC_decoder/new/cn_core.v', Line 896.
WARNING: [Synth 37-93] [ASSIGN-6]Signal 'gen_min_mul_buses_19.out_demux_mul_1' was assigned but not read. 
RTL Name 'gen_min_mul_buses_19.out_demux_mul_1', Hierarchy 'cn_core', File '/home/victor/open_baseband/openasip/custom_units/LDPC/LDPC_decoder/new/cn_core.v', Line 897.
WARNING: [Synth 37-93] [ASSIGN-6]Signal 'gen_min_mul_buses_19.out_demux_mul_2' was assigned but not read. 
RTL Name 'gen_min_mul_buses_19.out_demux_mul_2', Hierarchy 'cn_core', File '/home/victor/open_baseband/openasip/custom_units/LDPC/LDPC_decoder/new/cn_core.v', Line 898.
WARNING: [Synth 37-126] [ASSIGN-9]Some bits in IO 'out_llr' are not set. First unset bit index is 0. 
RTL Name 'out_llr', Hierarchy 'cn_core', File 'cn_core.v', Line 74.
WARNING: [Synth 37-124] [ASSIGN-5]Some bits in 'out_llr_w' are not set. First unset bit index is 0. 
RTL Name 'out_llr_w', Hierarchy 'ldpc', File 'ldpc.v', Line 19.
WARNING: [Synth 37-126] [ASSIGN-9]Some bits in IO 'out_llr' are not set. First unset bit index is 0. 
RTL Name 'out_llr', Hierarchy 'ldpc', File 'ldpc.v', Line 13.
INFO: [Synth 37-85] Total of 46 linter message(s) generated.
INFO: [Synth 37-45] Linter Run Finished!
Synthesis Optimization Runtime : Time (s): cpu = 00:00:05 ; elapsed = 00:00:05 . Memory (MB): peak = 12988.555 ; gain = 0.000 ; free physical = 2123 ; free virtual = 11148
INFO: [Common 17-83] Releasing license: Synthesis
27 Infos, 46 Warnings, 0 Critical Warnings and 0 Errors encountered.
synth_design completed successfully
synth_design -top ldpc -part xczu7ev-ffvc1156-2-e -lint 
Command: synth_design -top ldpc -part xczu7ev-ffvc1156-2-e -lint
Starting synth_design
Attempting to get a license for feature 'Synthesis' and/or device 'xczu7ev'
INFO: [Common 17-349] Got license for feature 'Synthesis' and/or device 'xczu7ev'
INFO: [Synth 8-7079] Multithreading enabled for synth_design using a maximum of 7 processes.
---------------------------------------------------------------------------------
Starting Synthesize : Time (s): cpu = 00:00:04 ; elapsed = 00:00:03 . Memory (MB): peak = 12988.555 ; gain = 0.000 ; free physical = 2179 ; free virtual = 11234
---------------------------------------------------------------------------------
Clean up Linter database...
INFO: [Synth 8-6157] synthesizing module 'ldpc' [/home/victor/open_baseband/openasip/custom_units/LDPC/LDPC_decoder/new/project_1.srcs/sources_1/imports/new/ldpc.v:3]
INFO: [Synth 8-6157] synthesizing module 'cn_core' [/home/victor/open_baseband/openasip/custom_units/LDPC/LDPC_decoder/new/cn_core.v:41]
	Parameter DEGREE bound to: 19 - type: integer 
	Parameter WIDTH bound to: 8 - type: integer 
	Parameter sel_mux_cn_proc_3 bound to: 2'b11 
	Parameter sel_mux_cn_proc_4 bound to: 2'b11 
	Parameter sel_mux_cn_proc_5 bound to: 2'b11 
	Parameter sel_mux_cn_proc_6 bound to: 2'b11 
	Parameter sel_mux_cn_proc_7 bound to: 2'b11 
	Parameter sel_mux_cn_proc_8 bound to: 2'b11 
	Parameter sel_mux_cn_proc_9 bound to: 2'b11 
	Parameter sel_mux_cn_proc_10 bound to: 2'b11 
	Parameter sel_mux_cn_proc_19 bound to: 2'b00 
	Parameter sel_demux_min_0 bound to: 4'b1000 
	Parameter sel_demux_min_1 bound to: 4'b1111 
	Parameter sel_demux_min_2 bound to: 4'b1111 
	Parameter sel_demux_mul_0 bound to: 4'b1000 
	Parameter sel_demux_mul_1 bound to: 4'b1111 
	Parameter sel_demux_mul_2 bound to: 4'b1111 
	Parameter sel_demux_min_30 bound to: 1'b0 
	Parameter sel_demux_min_31 bound to: 1'b0 
	Parameter sel_demux_mul_30 bound to: 1'b0 
	Parameter sel_demux_mul_31 bound to: 1'b0 
INFO: [Synth 8-6157] synthesizing module 'cn_proc' [/home/victor/open_baseband/openasip/custom_units/LDPC/LDPC_decoder/new/cn_proc.v:1]
	Parameter GROUP bound to: 3 - type: integer 
	Parameter WIDTH bound to: 8 - type: integer 
INFO: [Synth 8-6155] done synthesizing module 'cn_proc' (1#1) [/home/victor/open_baseband/openasip/custom_units/LDPC/LDPC_decoder/new/cn_proc.v:1]
INFO: [Synth 8-6157] synthesizing module 'cn_proc__parameterized0' [/home/victor/open_baseband/openasip/custom_units/LDPC/LDPC_decoder/new/cn_proc.v:1]
	Parameter GROUP bound to: 4 - type: integer 
	Parameter WIDTH bound to: 8 - type: integer 
INFO: [Synth 8-6155] done synthesizing module 'cn_proc__parameterized0' (1#1) [/home/victor/open_baseband/openasip/custom_units/LDPC/LDPC_decoder/new/cn_proc.v:1]
INFO: [Synth 8-6157] synthesizing module 'cn_proc__parameterized1' [/home/victor/open_baseband/openasip/custom_units/LDPC/LDPC_decoder/new/cn_proc.v:1]
	Parameter GROUP bound to: 5 - type: integer 
	Parameter WIDTH bound to: 8 - type: integer 
INFO: [Synth 8-6155] done synthesizing module 'cn_proc__parameterized1' (1#1) [/home/victor/open_baseband/openasip/custom_units/LDPC/LDPC_decoder/new/cn_proc.v:1]
INFO: [Synth 8-6157] synthesizing module 'cn_proc__parameterized2' [/home/victor/open_baseband/openasip/custom_units/LDPC/LDPC_decoder/new/cn_proc.v:1]
	Parameter GROUP bound to: 6 - type: integer 
	Parameter WIDTH bound to: 8 - type: integer 
INFO: [Synth 8-6155] done synthesizing module 'cn_proc__parameterized2' (1#1) [/home/victor/open_baseband/openasip/custom_units/LDPC/LDPC_decoder/new/cn_proc.v:1]
INFO: [Synth 8-6157] synthesizing module 'cn_proc__parameterized3' [/home/victor/open_baseband/openasip/custom_units/LDPC/LDPC_decoder/new/cn_proc.v:1]
	Parameter GROUP bound to: 7 - type: integer 
	Parameter WIDTH bound to: 8 - type: integer 
INFO: [Synth 8-6155] done synthesizing module 'cn_proc__parameterized3' (1#1) [/home/victor/open_baseband/openasip/custom_units/LDPC/LDPC_decoder/new/cn_proc.v:1]
INFO: [Synth 8-6157] synthesizing module 'cn_proc__parameterized4' [/home/victor/open_baseband/openasip/custom_units/LDPC/LDPC_decoder/new/cn_proc.v:1]
	Parameter GROUP bound to: 8 - type: integer 
	Parameter WIDTH bound to: 8 - type: integer 
INFO: [Synth 8-6155] done synthesizing module 'cn_proc__parameterized4' (1#1) [/home/victor/open_baseband/openasip/custom_units/LDPC/LDPC_decoder/new/cn_proc.v:1]
INFO: [Synth 8-6157] synthesizing module 'cn_proc__parameterized5' [/home/victor/open_baseband/openasip/custom_units/LDPC/LDPC_decoder/new/cn_proc.v:1]
	Parameter GROUP bound to: 9 - type: integer 
	Parameter WIDTH bound to: 8 - type: integer 
INFO: [Synth 8-6155] done synthesizing module 'cn_proc__parameterized5' (1#1) [/home/victor/open_baseband/openasip/custom_units/LDPC/LDPC_decoder/new/cn_proc.v:1]
INFO: [Synth 8-6157] synthesizing module 'cn_proc__parameterized6' [/home/victor/open_baseband/openasip/custom_units/LDPC/LDPC_decoder/new/cn_proc.v:1]
	Parameter GROUP bound to: 10 - type: integer 
	Parameter WIDTH bound to: 8 - type: integer 
INFO: [Synth 8-6155] done synthesizing module 'cn_proc__parameterized6' (1#1) [/home/victor/open_baseband/openasip/custom_units/LDPC/LDPC_decoder/new/cn_proc.v:1]
INFO: [Synth 8-6157] synthesizing module 'cn_proc__parameterized7' [/home/victor/open_baseband/openasip/custom_units/LDPC/LDPC_decoder/new/cn_proc.v:1]
	Parameter GROUP bound to: 19 - type: integer 
	Parameter WIDTH bound to: 8 - type: integer 
INFO: [Synth 8-6155] done synthesizing module 'cn_proc__parameterized7' (1#1) [/home/victor/open_baseband/openasip/custom_units/LDPC/LDPC_decoder/new/cn_proc.v:1]
INFO: [Synth 8-6155] done synthesizing module 'cn_core' (2#1) [/home/victor/open_baseband/openasip/custom_units/LDPC/LDPC_decoder/new/cn_core.v:41]
INFO: [Synth 8-6155] done synthesizing module 'ldpc' (3#1) [/home/victor/open_baseband/openasip/custom_units/LDPC/LDPC_decoder/new/project_1.srcs/sources_1/imports/new/ldpc.v:3]
---------------------------------------------------------------------------------
Finished Synthesize : Time (s): cpu = 00:00:05 ; elapsed = 00:00:05 . Memory (MB): peak = 12988.555 ; gain = 0.000 ; free physical = 2187 ; free virtual = 11242
---------------------------------------------------------------------------------
Copyright 1986-2022 Xilinx, Inc. All Rights Reserved. Copyright 2022-2025 Advanced Micro Devices, Inc. All Rights Reserved.
---------------------------------------------------------------------------------------------------------------------------------------------
| Tool Version : Vivado v.2025.2 (lin64) Build 6299465 Fri Nov 14 12:34:56 MST 2025
| Date         : Thu Jun  4 18:58:39 2026
| Host         : victor-IdeaPad-Slim-3-15ARP10 running 64-bit Ubuntu 24.04.4 LTS
---------------------------------------------------------------------------------------------------------------------------------------------

RTL Linter Report

Table of Contents
-----------------
1. Summary

1. Summary
----------

+----------+----------+--------------+----------+
| Rule ID  | Severity | # Violations | # Waived |
+----------+----------+--------------+----------+
| ASSIGN-5 | WARNING  | 13           | 0        |
| ASSIGN-6 | WARNING  | 31           | 0        |
| ASSIGN-9 | WARNING  | 2            | 0        |
+----------+----------+--------------+----------+


WARNING: [Synth 37-124] [ASSIGN-5]Some bits in 'gen_cn_buses_19.in_cn_proc_10' are not set. First unset bit index is 0. 
RTL Name 'gen_cn_buses_19.in_cn_proc_10', Hierarchy 'cn_core', File 'cn_core.v', Line 278.
WARNING: [Synth 37-124] [ASSIGN-5]Some bits in 'gen_cn_buses_19.in_cn_proc_3' are not set. First unset bit index is 0. 
RTL Name 'gen_cn_buses_19.in_cn_proc_3', Hierarchy 'cn_core', File 'cn_core.v', Line 243.
WARNING: [Synth 37-124] [ASSIGN-5]Some bits in 'gen_cn_buses_19.in_cn_proc_4' are not set. First unset bit index is 0. 
RTL Name 'gen_cn_buses_19.in_cn_proc_4', Hierarchy 'cn_core', File 'cn_core.v', Line 248.
WARNING: [Synth 37-124] [ASSIGN-5]Some bits in 'gen_cn_buses_19.in_cn_proc_5' are not set. First unset bit index is 0. 
RTL Name 'gen_cn_buses_19.in_cn_proc_5', Hierarchy 'cn_core', File 'cn_core.v', Line 253.
WARNING: [Synth 37-124] [ASSIGN-5]Some bits in 'gen_cn_buses_19.in_cn_proc_6' are not set. First unset bit index is 0. 
RTL Name 'gen_cn_buses_19.in_cn_proc_6', Hierarchy 'cn_core', File 'cn_core.v', Line 258.
WARNING: [Synth 37-124] [ASSIGN-5]Some bits in 'gen_cn_buses_19.in_cn_proc_7' are not set. First unset bit index is 0. 
RTL Name 'gen_cn_buses_19.in_cn_proc_7', Hierarchy 'cn_core', File 'cn_core.v', Line 263.
WARNING: [Synth 37-124] [ASSIGN-5]Some bits in 'gen_cn_buses_19.in_cn_proc_8' are not set. First unset bit index is 0. 
RTL Name 'gen_cn_buses_19.in_cn_proc_8', Hierarchy 'cn_core', File 'cn_core.v', Line 268.
WARNING: [Synth 37-124] [ASSIGN-5]Some bits in 'gen_cn_buses_19.in_cn_proc_9' are not set. First unset bit index is 0. 
RTL Name 'gen_cn_buses_19.in_cn_proc_9', Hierarchy 'cn_core', File 'cn_core.v', Line 273.
WARNING: [Synth 37-124] [ASSIGN-5]Some bits in 'gen_min_mul_buses_19.out_demux_min_1' are not set. First unset bit index is 0. 
RTL Name 'gen_min_mul_buses_19.out_demux_min_1', Hierarchy 'cn_core', File 'cn_core.v', Line 894.
WARNING: [Synth 37-124] [ASSIGN-5]Some bits in 'gen_min_mul_buses_19.out_demux_min_2' are not set. First unset bit index is 0. 
RTL Name 'gen_min_mul_buses_19.out_demux_min_2', Hierarchy 'cn_core', File 'cn_core.v', Line 895.
WARNING: [Synth 37-124] [ASSIGN-5]Some bits in 'gen_min_mul_buses_19.out_demux_mul_1' are not set. First unset bit index is 0. 
RTL Name 'gen_min_mul_buses_19.out_demux_mul_1', Hierarchy 'cn_core', File 'cn_core.v', Line 897.
WARNING: [Synth 37-124] [ASSIGN-5]Some bits in 'gen_min_mul_buses_19.out_demux_mul_2' are not set. First unset bit index is 0. 
RTL Name 'gen_min_mul_buses_19.out_demux_mul_2', Hierarchy 'cn_core', File 'cn_core.v', Line 898.
WARNING: [Synth 37-117] [ASSIGN-6] 3 signals within array 'in_cn_proc_10' are not read, switch to verbose mode to see all details. 
RTL Name 'in_cn_proc_10', Hierarchy 'cn_core', File '/home/victor/open_baseband/openasip/custom_units/LDPC/LDPC_decoder/new/cn_core.v', Line 144.
WARNING: [Synth 37-117] [ASSIGN-6] 3 signals within array 'in_cn_proc_3' are not read, switch to verbose mode to see all details. 
RTL Name 'in_cn_proc_3', Hierarchy 'cn_core', File '/home/victor/open_baseband/openasip/custom_units/LDPC/LDPC_decoder/new/cn_core.v', Line 137.
WARNING: [Synth 37-117] [ASSIGN-6] 3 signals within array 'in_cn_proc_4' are not read, switch to verbose mode to see all details. 
RTL Name 'in_cn_proc_4', Hierarchy 'cn_core', File '/home/victor/open_baseband/openasip/custom_units/LDPC/LDPC_decoder/new/cn_core.v', Line 138.
WARNING: [Synth 37-117] [ASSIGN-6] 3 signals within array 'in_cn_proc_5' are not read, switch to verbose mode to see all details. 
RTL Name 'in_cn_proc_5', Hierarchy 'cn_core', File '/home/victor/open_baseband/openasip/custom_units/LDPC/LDPC_decoder/new/cn_core.v', Line 139.
WARNING: [Synth 37-117] [ASSIGN-6] 3 signals within array 'in_cn_proc_6' are not read, switch to verbose mode to see all details. 
RTL Name 'in_cn_proc_6', Hierarchy 'cn_core', File '/home/victor/open_baseband/openasip/custom_units/LDPC/LDPC_decoder/new/cn_core.v', Line 140.
WARNING: [Synth 37-117] [ASSIGN-6] 3 signals within array 'in_cn_proc_7' are not read, switch to verbose mode to see all details. 
RTL Name 'in_cn_proc_7', Hierarchy 'cn_core', File '/home/victor/open_baseband/openasip/custom_units/LDPC/LDPC_decoder/new/cn_core.v', Line 141.
WARNING: [Synth 37-117] [ASSIGN-6] 3 signals within array 'in_cn_proc_8' are not read, switch to verbose mode to see all details. 
RTL Name 'in_cn_proc_8', Hierarchy 'cn_core', File '/home/victor/open_baseband/openasip/custom_units/LDPC/LDPC_decoder/new/cn_core.v', Line 142.
WARNING: [Synth 37-117] [ASSIGN-6] 3 signals within array 'in_cn_proc_9' are not read, switch to verbose mode to see all details. 
RTL Name 'in_cn_proc_9', Hierarchy 'cn_core', File '/home/victor/open_baseband/openasip/custom_units/LDPC/LDPC_decoder/new/cn_core.v', Line 143.
WARNING: [Synth 37-117] [ASSIGN-6] 2 signals within array 'in_cn_proc_19' are not read, switch to verbose mode to see all details. 
RTL Name 'in_cn_proc_19', Hierarchy 'cn_core', File '/home/victor/open_baseband/openasip/custom_units/LDPC/LDPC_decoder/new/cn_core.v', Line 145.
WARNING: [Synth 37-93] [ASSIGN-6]Signal 'gen_cn_buses_19.min_cn_proc_10' was assigned but not read. 
RTL Name 'gen_cn_buses_19.min_cn_proc_10', Hierarchy 'cn_core', File '/home/victor/open_baseband/openasip/custom_units/LDPC/LDPC_decoder/new/cn_core.v', Line 280.
WARNING: [Synth 37-93] [ASSIGN-6]Signal 'gen_cn_buses_19.min_cn_proc_3' was assigned but not read. 
RTL Name 'gen_cn_buses_19.min_cn_proc_3', Hierarchy 'cn_core', File '/home/victor/open_baseband/openasip/custom_units/LDPC/LDPC_decoder/new/cn_core.v', Line 245.
WARNING: [Synth 37-93] [ASSIGN-6]Signal 'gen_cn_buses_19.min_cn_proc_4' was assigned but not read. 
RTL Name 'gen_cn_buses_19.min_cn_proc_4', Hierarchy 'cn_core', File '/home/victor/open_baseband/openasip/custom_units/LDPC/LDPC_decoder/new/cn_core.v', Line 250.
WARNING: [Synth 37-93] [ASSIGN-6]Signal 'gen_cn_buses_19.min_cn_proc_5' was assigned but not read. 
RTL Name 'gen_cn_buses_19.min_cn_proc_5', Hierarchy 'cn_core', File '/home/victor/open_baseband/openasip/custom_units/LDPC/LDPC_decoder/new/cn_core.v', Line 255.
WARNING: [Synth 37-93] [ASSIGN-6]Signal 'gen_cn_buses_19.min_cn_proc_6' was assigned but not read. 
RTL Name 'gen_cn_buses_19.min_cn_proc_6', Hierarchy 'cn_core', File '/home/victor/open_baseband/openasip/custom_units/LDPC/LDPC_decoder/new/cn_core.v', Line 260.
WARNING: [Synth 37-93] [ASSIGN-6]Signal 'gen_cn_buses_19.min_cn_proc_7' was assigned but not read. 
RTL Name 'gen_cn_buses_19.min_cn_proc_7', Hierarchy 'cn_core', File '/home/victor/open_baseband/openasip/custom_units/LDPC/LDPC_decoder/new/cn_core.v', Line 265.
WARNING: [Synth 37-93] [ASSIGN-6]Signal 'gen_cn_buses_19.min_cn_proc_8' was assigned but not read. 
RTL Name 'gen_cn_buses_19.min_cn_proc_8', Hierarchy 'cn_core', File '/home/victor/open_baseband/openasip/custom_units/LDPC/LDPC_decoder/new/cn_core.v', Line 270.
WARNING: [Synth 37-93] [ASSIGN-6]Signal 'gen_cn_buses_19.min_cn_proc_9' was assigned but not read. 
RTL Name 'gen_cn_buses_19.min_cn_proc_9', Hierarchy 'cn_core', File '/home/victor/open_baseband/openasip/custom_units/LDPC/LDPC_decoder/new/cn_core.v', Line 275.
WARNING: [Synth 37-93] [ASSIGN-6]Signal 'gen_cn_buses_19.sgn_mul_cn_proc_10' was assigned but not read. 
RTL Name 'gen_cn_buses_19.sgn_mul_cn_proc_10', Hierarchy 'cn_core', File '/home/victor/open_baseband/openasip/custom_units/LDPC/LDPC_decoder/new/cn_core.v', Line 281.
WARNING: [Synth 37-93] [ASSIGN-6]Signal 'gen_cn_buses_19.sgn_mul_cn_proc_3' was assigned but not read. 
RTL Name 'gen_cn_buses_19.sgn_mul_cn_proc_3', Hierarchy 'cn_core', File '/home/victor/open_baseband/openasip/custom_units/LDPC/LDPC_decoder/new/cn_core.v', Line 246.
WARNING: [Synth 37-93] [ASSIGN-6]Signal 'gen_cn_buses_19.sgn_mul_cn_proc_4' was assigned but not read. 
RTL Name 'gen_cn_buses_19.sgn_mul_cn_proc_4', Hierarchy 'cn_core', File '/home/victor/open_baseband/openasip/custom_units/LDPC/LDPC_decoder/new/cn_core.v', Line 251.
WARNING: [Synth 37-93] [ASSIGN-6]Signal 'gen_cn_buses_19.sgn_mul_cn_proc_5' was assigned but not read. 
RTL Name 'gen_cn_buses_19.sgn_mul_cn_proc_5', Hierarchy 'cn_core', File '/home/victor/open_baseband/openasip/custom_units/LDPC/LDPC_decoder/new/cn_core.v', Line 256.
WARNING: [Synth 37-93] [ASSIGN-6]Signal 'gen_cn_buses_19.sgn_mul_cn_proc_6' was assigned but not read. 
RTL Name 'gen_cn_buses_19.sgn_mul_cn_proc_6', Hierarchy 'cn_core', File '/home/victor/open_baseband/openasip/custom_units/LDPC/LDPC_decoder/new/cn_core.v', Line 261.
WARNING: [Synth 37-93] [ASSIGN-6]Signal 'gen_cn_buses_19.sgn_mul_cn_proc_7' was assigned but not read. 
RTL Name 'gen_cn_buses_19.sgn_mul_cn_proc_7', Hierarchy 'cn_core', File '/home/victor/open_baseband/openasip/custom_units/LDPC/LDPC_decoder/new/cn_core.v', Line 266.
WARNING: [Synth 37-93] [ASSIGN-6]Signal 'gen_cn_buses_19.sgn_mul_cn_proc_8' was assigned but not read. 
RTL Name 'gen_cn_buses_19.sgn_mul_cn_proc_8', Hierarchy 'cn_core', File '/home/victor/open_baseband/openasip/custom_units/LDPC/LDPC_decoder/new/cn_core.v', Line 271.
WARNING: [Synth 37-93] [ASSIGN-6]Signal 'gen_cn_buses_19.sgn_mul_cn_proc_9' was assigned but not read. 
RTL Name 'gen_cn_buses_19.sgn_mul_cn_proc_9', Hierarchy 'cn_core', File '/home/victor/open_baseband/openasip/custom_units/LDPC/LDPC_decoder/new/cn_core.v', Line 276.
WARNING: [Synth 37-93] [ASSIGN-6]Signal 'gen_min_mul_buses_19.out_demux_min_0' was assigned but not read. 
RTL Name 'gen_min_mul_buses_19.out_demux_min_0', Hierarchy 'cn_core', File '/home/victor/open_baseband/openasip/custom_units/LDPC/LDPC_decoder/new/cn_core.v', Line 893.
WARNING: [Synth 37-93] [ASSIGN-6]Signal 'gen_min_mul_buses_19.out_demux_min_1' was assigned but not read. 
RTL Name 'gen_min_mul_buses_19.out_demux_min_1', Hierarchy 'cn_core', File '/home/victor/open_baseband/openasip/custom_units/LDPC/LDPC_decoder/new/cn_core.v', Line 894.
WARNING: [Synth 37-93] [ASSIGN-6]Signal 'gen_min_mul_buses_19.out_demux_min_2' was assigned but not read. 
RTL Name 'gen_min_mul_buses_19.out_demux_min_2', Hierarchy 'cn_core', File '/home/victor/open_baseband/openasip/custom_units/LDPC/LDPC_decoder/new/cn_core.v', Line 895.
WARNING: [Synth 37-93] [ASSIGN-6]Signal 'gen_min_mul_buses_19.out_demux_mul_0' was assigned but not read. 
RTL Name 'gen_min_mul_buses_19.out_demux_mul_0', Hierarchy 'cn_core', File '/home/victor/open_baseband/openasip/custom_units/LDPC/LDPC_decoder/new/cn_core.v', Line 896.
WARNING: [Synth 37-93] [ASSIGN-6]Signal 'gen_min_mul_buses_19.out_demux_mul_1' was assigned but not read. 
RTL Name 'gen_min_mul_buses_19.out_demux_mul_1', Hierarchy 'cn_core', File '/home/victor/open_baseband/openasip/custom_units/LDPC/LDPC_decoder/new/cn_core.v', Line 897.
WARNING: [Synth 37-93] [ASSIGN-6]Signal 'gen_min_mul_buses_19.out_demux_mul_2' was assigned but not read. 
RTL Name 'gen_min_mul_buses_19.out_demux_mul_2', Hierarchy 'cn_core', File '/home/victor/open_baseband/openasip/custom_units/LDPC/LDPC_decoder/new/cn_core.v', Line 898.
WARNING: [Synth 37-126] [ASSIGN-9]Some bits in IO 'out_llr' are not set. First unset bit index is 0. 
RTL Name 'out_llr', Hierarchy 'cn_core', File 'cn_core.v', Line 74.
WARNING: [Synth 37-124] [ASSIGN-5]Some bits in 'out_llr_w' are not set. First unset bit index is 0. 
RTL Name 'out_llr_w', Hierarchy 'ldpc', File 'ldpc.v', Line 19.
WARNING: [Synth 37-126] [ASSIGN-9]Some bits in IO 'out_llr' are not set. First unset bit index is 0. 
RTL Name 'out_llr', Hierarchy 'ldpc', File 'ldpc.v', Line 13.
INFO: [Synth 37-85] Total of 46 linter message(s) generated.
INFO: [Synth 37-45] Linter Run Finished!
Synthesis Optimization Runtime : Time (s): cpu = 00:00:05 ; elapsed = 00:00:05 . Memory (MB): peak = 12988.555 ; gain = 0.000 ; free physical = 2181 ; free virtual = 11237
INFO: [Common 17-83] Releasing license: Synthesis
27 Infos, 46 Warnings, 0 Critical Warnings and 0 Errors encountered.
synth_design completed successfully
reset_run synth_1
INFO: [Project 1-1161] Replacing file /home/victor/open_baseband/openasip/custom_units/LDPC/LDPC_decoder/new/project_1.srcs/utils_1/imports/synth_1/cn_core.dcp with file /home/victor/open_baseband/openasip/custom_units/LDPC/LDPC_decoder/new/project_1.runs/synth_1/ldpc.dcp
launch_runs synth_1 -jobs 15
[Thu Jun  4 18:58:50 2026] Launched synth_1...
Run output will be captured here: /home/victor/open_baseband/openasip/custom_units/LDPC/LDPC_decoder/new/project_1.runs/synth_1/runme.log
open_run synth_1 -name synth_1
Design is defaulting to impl run constrset: constrs_1
Design is defaulting to synth run part: xczu7ev-ffvc1156-2-e
INFO: [Project 1-5699] Read binary netlist with skipMacroContent - 1
Netlist sorting complete. Time (s): cpu = 00:00:00 ; elapsed = 00:00:00 . Memory (MB): peak = 13004.520 ; gain = 0.000 ; free physical = 2452 ; free virtual = 11433
INFO: [Project 1-479] Netlist was created with Vivado 2025.2
INFO: [Project 1-570] Preparing netlist for logic optimization
INFO: [Opt 31-138] Pushed 0 inverter(s) to 0 load pin(s).
Netlist sorting complete. Time (s): cpu = 00:00:00 ; elapsed = 00:00:00 . Memory (MB): peak = 13004.520 ; gain = 0.000 ; free physical = 2485 ; free virtual = 11466
INFO: [Project 1-111] Unisim Transformation Summary:
No Unisim elements were transformed.

open_run: Time (s): cpu = 00:00:16 ; elapsed = 00:00:10 . Memory (MB): peak = 13040.371 ; gain = 35.852 ; free physical = 2335 ; free virtual = 11345
synth_design -top ldpc -part xczu7ev-ffvc1156-2-e -lint --verbose
ERROR: [Common 17-170] Unknown option '--verbose', please type 'synth_design -help' for usage info.
synth_design -help
synth_design

Description: 
Synthesize a design using Vivado Synthesis and open that design

Syntax: 
synth_design  [-name <arg>] [-part <arg>] [-constrset <arg>] [-top <arg>]
              [-include_dirs <args>] [-generic <args>] [-define <args>]
              [-verilog_define <args>] [-vhdl_define <args>]
              [-flatten_hierarchy <arg>] [-gated_clock_conversion <arg>]
              [-directive <arg>] [-rtl] [-lint] [-file <arg>] [-bufg <arg>]
              [-no_lc] [-lut_cascade] [-shreg_min_size <arg>] [-mode <arg>]
              [-fsm_extraction <arg>] [-rtl_skip_mlo] [-rtl_skip_ip]
              [-rtl_skip_constraints] [-srl_style <arg>]
              [-keep_equivalent_registers] [-resource_sharing <arg>]
              [-cascade_dsp <arg>] [-control_set_opt_threshold <arg>]
              [-incremental_mode <arg>] [-max_bram <arg>] [-max_uram <arg>]
              [-max_dsp <arg>] [-max_bram_cascade_height <arg>]
              [-max_uram_cascade_height <arg>] [-global_retiming <arg>]
              [-no_srlextract] [-assert] [-no_timing_driven] [-sfcu]
              [-debug_log] [-quiet] [-verbose]

Returns: 
design object

Usage: 
  Name                          Description
  -----------------------------------------
  [-name]                       Design name
  [-part]                       Target part
  [-constrset]                  Constraint fileset to use
  [-top]                        Specify the top module name
  [-include_dirs]               Specify verilog search directories
  [-generic]                    Specify generic parameters. Syntax: -generic 
                                <name>=<value> -generic <name>=<value> ...
  [-define]                     Specify verilog and vhdl defines. Syntax: 
                                -define <macro_name>[=<macro_text>] -define 
                                <macro_name>[=<macro_text>] ...
  [-verilog_define]             Specify verilog defines. Syntax: 
                                -verilog_define <macro_name>[=<macro_text>] 
                                -verilog_define <macro_name>[=<macro_text>] 
                                ...
  [-vhdl_define]                Specify vhdl defines. Syntax: -vhdl_define 
                                <macro_name>[=<macro_text>] -vhdl_define 
                                <macro_name>[=<macro_text>] ...
  [-flatten_hierarchy]          Flatten hierarchy during LUT mapping. Values:
                                full, none, rebuilt
                                Default: rebuilt
  [-gated_clock_conversion]     Convert clock gating logic to flop enable. 
                                Values: off, on, auto
                                Default: off
  [-directive]                  Synthesis directive. Values: default, 
                                RuntimeOptimized, AreaOptimized_high, 
                                AreaOptimized_medium, AlternateRoutability, 
                                AreaMapLargeShiftRegToBRAM, 
                                AreaMultThresholdDSP, FewerCarryChains, 
                                PerformanceOptimized, LogicCompaction, 
                                PowerOptimized_high, PowerOptimized_medium
                                Default: default
  [-rtl]                        Elaborate and open an rtl design
  [-lint]                       Run RTL Linter on source files. Recommended 
                                to run before RTL simulation and synthesis to
                                identify potential issues at early design 
                                cycle.
  [-file]                       Linter Filename to output results to. (send 
                                output to console if -file is not used)
  [-bufg]                       Max number of global clock buffers used by 
                                synthesis
                                Default: 12
  [-no_lc]                      Disable LUT combining. Do not allow combining
                                LUT pairs into single dual output LUTs.
  [-lut_cascade]                Enable LUT cascading in synthesis. Pack more 
                                logic into same slice by utilizing LUT 
                                cascade connection. This is expected to 
                                improve delay at cost of area.
  [-shreg_min_size]             Minimum length for chain of registers to be 
                                mapped onto SRL
                                Default: 3
  [-mode]                       The design mode. Values: default, 
                                out_of_context
                                Default: default
  [-fsm_extraction]             FSM Extraction Encoding. Values: off, 
                                one_hot, sequential, johnson, gray, 
                                user_encoding, auto
                                Default: auto
  [-rtl_skip_mlo]               Skip mandatory logic optimization for RTL 
                                elaboration of the design; requires -rtl 
                                option.
  [-rtl_skip_ip]                Exclude subdesign checkpoints in the RTL 
                                elaboration of the design; requires -rtl 
                                option.
  [-rtl_skip_constraints]       Do not load and validate constraints against 
                                elaborated design; requires -rtl option.
  [-srl_style]                  Static SRL Implementation Style. Values: 
                                register, srl, srl_reg, reg_srl, reg_srl_reg
  [-keep_equivalent_registers]  Prevents registers sourced by the same logic 
                                from being merged. (Note that the merging can
                                otherwise be prevented using the synthesis 
                                KEEP attribute)
  [-resource_sharing]           Sharing arithmetic operators. Value: auto, 
                                on, off
                                Default: auto
  [-cascade_dsp]                Controls how adders summing DSP block outputs
                                will be implemented. Value: auto, tree, force
                                Default: auto
  [-control_set_opt_threshold]  Threshold for synchronous control set 
                                optimization to lower number of control sets.
                                Valid values are 'auto' and non-negative 
                                integers. The higher the number, the more 
                                control set optimization will be performed 
                                and fewer control sets will result. To 
                                disable control set optimization completely, 
                                set to 0.
                                Default: auto
  [-incremental_mode]           Mode of incremental synthesis 
                                (aggressive/default/off/quick)
                                Default: default
  [-max_bram]                   Maximum number of block RAM allowed in 
                                design. (Note -1 means that the tool will 
                                choose the max number allowed for the part in
                                question)
                                Default: -1
  [-max_uram]                   Maximum number of Ultra RAM blocks allowed in
                                design. (Note -1 means that the tool will 
                                choose the max number allowed for the part in
                                question)
                                Default: -1
  [-max_dsp]                    Maximum number of block DSP allowed in 
                                design. (Note -1 means that the tool will 
                                choose the max number allowed for the part in
                                question)
                                Default: -1
  [-max_bram_cascade_height]    Controls the maximum number of BRAM that can 
                                be cascaded by the tool. (Note -1 means that 
                                the tool will choose the max number allowed 
                                for the part in question)
                                Default: -1
  [-max_uram_cascade_height]    Controls the maximum number of URAM that can 
                                be cascaded by the tool. (Note -1 means that 
                                the tool will choose the max number allowed 
                                for the part in question)
                                Default: -1
  [-global_retiming]            Values: auto, on, off. Improves circuit 
                                performance for intra-clock sequential paths 
                                by automatically movingregisters (register 
                                balancing) across combinatorial gates or 
                                LUTs. It maintains the original behavior and 
                                latency of the circuitand does not require 
                                changes to the RTL sources.
                                Default: auto
  [-no_srlextract]              Prevents the extraction of shift registers so
                                that they get implemented as simple registers
  [-assert]                     Enable VHDL assert statements to be 
                                evaluated. A severity level of failure will 
                                stop the synthesis flow and produce an error.
  [-no_timing_driven]           Do not run in timing driven mode
  [-sfcu]                       Run in single-file compilation unit mode
  [-debug_log]                  Print detailed log files for debugging
  [-quiet]                      Ignore command errors
  [-verbose]                    Suspend message limits during command 
                                execution

Categories: 
Tools
Description:

  Directly launches the Vivado synthesis engine to compile and synthesize a
  design in either Project Mode or Non-Project Mode in the Vivado Design
  Suite. Refer to the Vivado Design Suite User Guide: Design Flows Overview
  (UG892) for a complete description of Project Mode and Non-Project Mode.

  Vivado synthesis can be launched directly with the synth_design command in
  the Non-Project Mode of the Vivado Design Suite.

  Tip: The synth_design can be multi-threaded to speed the process. Refer to
  the set_param command for more information on setting the
  general.maxThreads parameter.

  In Project Mode, synthesis should be launched from an existing synthesis
  run created with the create_run command. The run is launched using the
  launch_runs command, and this in turn calls synth_design for Vivado
  synthesis.

  You can also use the synth_design command to elaborate RTL source files,
  and open an elaborated design:

    synth_design -rtl -name rtl_1

  This command returns a transcript of the synthesis process, or returns an
  error if it fails.

Arguments:

  -name <arg> - (Optional) This is the name assigned to the synthesized
  design when it is opened by the Vivado tool after synthesis has completed.
  This name is for reference purposes, and has nothing to do with the
  top-level of the design or any logic contained within.

  -part <arg> - (Optional) The target AMD device to use for the design. If
  the part is not specified the default part assigned to the project will be
  used.

  -constrset <arg> - (Optional) The name of the XDC constraints to use when
  synthesizing the design. Vivado synthesis requires the use of XDC, and does
  not support UCF. The -constrset argument must refer to a constraint fileset
  that exists. It cannot be used to create a new fileset. Use the
  create_fileset command for that purpose.

  -top <arg> - (Optional) The top module of the design hierarchy.

  Important: If you use the find_top command to define the -top option, be
  sure to specify only one top if find_top returns multiple prospects. See
  the examples below.

  -include_dirs <args> - (Optional) The directories to search for Verilog
  `include files. You can specify multiple directories by creating a list to
  contain them:

    -include_dirs {C:/data/include1 C:/data/include2}

  -generic <name>=<value> - (Optional) The value of a VHDL generic entity, or
  of a Verilog parameter. The -generic option can be used to override the
  assigned values of parameters in the RTL design sources. However it can
  only override parameters at the top level of the design. The parameters of
  lower-level modules can only be overridden at the time of instantiation and
  not by the -generic option. The syntax for the -generic argument is
  <name>=<value>, specifying the name of the generic or parameter, and the
  value to be assigned. Repeat the -generic option multiple times in the
  synth_design command for each generic or parameter value to be defined:

    synth_design -generic width=32 -generic depth=512 ...

  Important: When specifying binary values for boolean or std_logic VHDL
  generic types, you must specify the value using the Verilog bit format,
  rather than standard VHDL format:

    0 = 1`b0
    01010000 = 8`b01010000

  -verilog_define <name>=<text> - (Optional) Set values for Verilog `define,
  and `ifdef, statements. The syntax for the -verilog_define argument is
  <name>=<text>, specifying the name of the define directive, and the value
  to be assigned. The argument can be reused multiple times in a single
  synth_design command.

    synth_design -verilog_define <name>=<value> -verilog_define <name>=<value> ...

  -flatten_hierarchy <arg> - (Optional) Flatten the hierarchy of the design
  during LUT mapping. The valid values are:

   *  rebuilt - This will attempt to rebuild the original hierarchy of the
      RTL design after synthesis has completed. This is the default setting.

   *  full - Flatten the hierarchy of the design.

   *  none - Do not flatten the hierarchy of the design. This will preserve
      the hierarchy of the design, but will also limit the design
      optimization that can be performed by the synthesis tool.

  -gated_clock_conversion <arg> - (Optional) Convert clock gating logic to
  use the flop enable pins when available. This optimization can eliminate
  logic and simplify the netlist. Refer to the GATED_CLOCK property in the
  Vivado Design Suite User Guide: Synthesis (UG901) for more information.
  Valid values for this option are:

   *  off - Disables the conversion of clock gating logic during synthesis,
      regardless of the use of the GATED_CLOCK property in the RTL design.

   *  on - Converts clock gating logic based on the use of the GATED_CLOCK
      property in the RTL design.

   *  auto - lets Vivado synthesis perform gated clock conversion if either
      the GATED_CLOCK property is present in the RTL, or if the Vivado tool
      detects a gate with a valid clock constraint.

  -directive <arg> - (Optional) Direct synthesis to achieve specific design
  objectives. Only one directive can be specified for a single synth_design
  command, and values are case-sensitive. Valid values are:

   *  default - Run the default synthesis process.

   *  runtimeoptimized - Perform fewer timing optimizations and eliminate
      some RTL optimizations to reduce synthesis run time.

   *  AreaOptimized_high - Perform general area optimizations including
      AreaMapLargeShiftRegToBRAM, AreaThresholdUseDSP directives.

   *  AreaOptimized_medium - Perform general area optimizations including
      forcing ternary adder implementation, applying new thresholds for use
      of carry chain in comparators, and implementing area optimized
      multiplexers.

   *  AlternateRoutability - Algorithms to improve routability with reduced
      use of MUXFs and CARRYs.

   *  AreaMapLargeShiftRegToBRAM - Detects large shift registers and
      implements them using dedicated blocks of RAM.

   *  AreaMultThresholdDSP - Lower threshold for dedicated DSP block
      inference for packing multipliers.

   *  FewerCarryChains - Higher operand size threshold to use LUTs instead of
      the carry chain.

   *  PerformanceOptimized - Perform general timing optimizations including
      logic level reduction at the expense of area.

   *  LogicCompaction - Configure LUTs and Carry chains for multipliers in a
      way that makes it easier for the placer to pack these structures into
      small areas.

  -rtl - (Optional) Elaborate the HDL source files and open the RTL design.
  In designs that use out-of-context (OOC) modules, such as IP from the
  Xilinx IP catalog, the Vivado Design Suite will import synthesized design
  checkpoints (DCP) for the OOC modules in the design, and import associated
  constraint files (XDC) into the elaborated design. However, you can disable
  the default behavior using the -rtl_skip_ip and -rtl_skip_constraints
  options.

  -lint - Run RTL Linter on source files against various rules. The following
  are the supported rules.

   *  ASSIGN-1(arithmetic overlfow)

   *  ASSIGN-2(mixed operand signedness)

   *  ASSIGN-3(shift overflow)

   *  ASSIGN-4(unused scalar)

   *  ASSIGN-5(bit in array not set)

   *  ASSIGN-6(bit in array not used)

   *  ASSIGN-7(mult-assign/multi-driver)

   *  QOR-1(arithmetic operator not mergeable)

   *  INFER-1(inferred latch)

   *  INFER-2(incomplete case statement)

   *  INFER-3(case equality)

   *  CLOCK-1(module using both clock edges)

   *  RESET-1(mixed asyncreset)

   *  RESET-2(missing async reset logic)

  Create_waiver -type LINT can be used to waive rules or individual linter
  warnings. For example,

    create_waiver -type LINT -id ASSIGN-3 -description {waive all warnings from ASSIGN-3 check}

  -rtl_skip_ip - (Optional) This option requires the use of the -rtl option.
  When elaborating the RTL design, this option causes the Vivado Design Suite
  to skip loading the DCP files for OOC modules in the design, and instead
  load a stub file to treat the OOC modules as black boxes. This can
  significantly speed elaboration of the design.

  Tip: An OOC synthesis run will be needed in either case to generate the DCP
  file that is loaded during elaboration, or to generate the stub file needed
  for the black box.

  -rtl_skip_constraints - (Optional) This option requires the use of the -rtl
  option. When elaborating the RTL design, this option causes the Vivado
  Design Suite to skip loading any design constraints (XDC) into the
  elaborated design. This can significantly speed elaboration of the design.

  -bufg <arg> - (Optional) Specify the maximum number of global clock buffers
  to be used on clock nets during synthesis. Specified as a value >= 1, which
  should not exceed the BUFG count on the target device. The default value is
  12.

  Tip: Vivado synthesis infers up to the number of BUFGs specified, including
  those instantiated in the RTL source. For example, with the default setting
  of -bufg 12, if there are three BUFGs instantiated in the RTL, the tool
  infers up to nine more for a total of 12.

  -no_lc - (Optional) Disable the default LUT combining feature of Vivado
  synthesis.

  -shreg_min_size <arg> - (Optional) Specified as an integer, this is the
  minimum length for a chain of registers to be mapped onto SRL. The default
  is three.

  -mode [ default | out_of_context ] - (Optional) Out of Context mode
  specifies the synthesis of an IP module, or block module, for use in an
  out-of-context design flow. This mode turns off I/O buffer insertion for
  the module, and marks the module as OOC, to facilitate its use in the tool
  flow. The block can also be implemented for analysis purposes. Refer to the
  Vivado Design Suite User Guide: Designing with IP (UG896) or the Vivado
  Design Suite User Guide: Hierarchical Design (UG905) for more information.

  -fsm_extraction <arg> - (Optional) Finite state machine (FSM) encoding is
  automatic (auto) in Vivado synthesis by default. This option enables state
  machine identification and specifies the type of encoding that should be
  applied. Valid values are: off, one_hot, sequential, johnson, gray, auto.
  Automatic encoding (auto) allows the tool to choose the best encoding for
  each state machine identified. In this case, the tool may use different
  encoding styles for different FSMs in the same design.

  Note: Use -fsm_extraction off to disable finite state machine extraction in
  Vivado synthesis. This will override the FSM_ENCODING property when
  specified.

  -keep_equivalent_registers - (Optional) Works like the KEEP property to
  prevent the merging of registers during optimization.

  -resource_sharing <arg> - (Optional) Share arithmetic operators like adders
  or subtractors between different signals, rather than creating new
  operators. This can result in better area usage when it is turned on. Valid
  values are: auto, on, off. The default is auto.

  -cascade_dsp [ auto | tree | force ] - (Optional) Specifies how to
  implement adders that add DSP block outputs. Valid values include auto,
  tree, force. The default setting is auto.

  -control_set_opt_threshold <arg> - (Optional) Threshold for synchronous
  control set optimization to decrease the number of control sets. Specifies
  how large the fanout of a control set should be before it starts using it
  as a control set. For example, if -control_set_opt_threshold is set to 10,
  a synchronous reset that only fans out to 5 registers would be moved to the
  D input logic, rather than using the reset line of a register. However, if
  -control_set_opt_threshold is set to 4, then the reset line is used. This
  option can be specified as "auto", or as an integer from 0 to 16. The
  default setting is "auto", and the actual threshold used under "auto" can
  vary depending on the selected device architecture.

  -incremental - (Optional) Specify a DCP file for the incremental
  compilation flow. In the incremental synthesis flow, the netlist from the
  incremental DCP is applied to the design objects in the current design to
  reuse existing synthesis results when possible.

  -max_bram <arg> - (Optional) Specify the maximum number of Block RAM to add
  to the design during synthesis. Specify a value >= 1, which should not
  exceed the available Block RAM count on the target device. If a value of -1
  is used, the Vivado synthesis tool will not exceed the available Block RAM
  limit of the device. The default value is -1.

  Note: A value of 0 directs Vivado synthesis to not infer Block RAMs in the
  design, but is not a recommended value.

  -max_uram <arg> - (Optional) Specify the maximum number of Ultra RAM blocks
  (URAM) to add to the design during synthesis. Specify a value >= 1, which
  should not exceed the available URAM count on the target device. If a value
  of -1 is used, the Vivado synthesis tool will not exceed the available URAM
  block limit of the device. The default value is -1.

  Note: A value of 0 directs Vivado synthesis to not infer URAM in the
  design, but is not a recommended value.

  -max_dsp <arg> - (Optional) Specify the maximum number of DSPs to add to
  the design during synthesis. Specify a value >= 1, which should not exceed
  the available DSP count on the target device. If a value of -1 is used, the
  Vivado synthesis tool will not exceed the available limit of the device.
  The default value is -1.

  Note: A value of 0 directs Vivado synthesis to not infer DSPs in the
  design, but is not a recommended value.

  -max_bram_cascade_height <arg> - (Optional) Controls the maximum number of
  Block RAM that can be cascaded by the tool. A value of -1 lets Vivado
  synthesis choose up to the maximum number allowed for the target part. The
  default value is -1.

  -max_uram_cascade_height <arg> - (Optional) Controls the maximum number of
  URAM that can be cascaded by the tool. A value of -1 lets Vivado synthesis
  choose up to the maximum number allowed for the target part. The default
  value is -1.

  -retiming - (Optional) For non-Versal devices who do not have retiming
  turned On by default. Seeks to improve circuit performance for intra-clock
  sequential paths by automatically moving registers (register balancing)
  across combinatorial gates or LUTs. It maintains the original behavior and
  latency of the circuit and does not require changes to the RTL sources.

  Note: If both -retiming and -no_retiming are set, retiming will not occur.

  -no_retiming - (Optional). This is for Versal devices where retiming is On
  by default. Turns off the retiming feature.

  Note: If both -retiming and -no_retiming are set, retiming will not occur.

  -no_srlextract - (Optional) Prevents the extraction of shift registers so
  that they get implemented as simple registers.

  -assert - (Optional) Enable VHDL assert statements to be evaluated. A
  severity level of failure stops the synthesis flow and produce an error.

  -no_timing_driven - (Optional) Disables the default timing driven synthesis
  algorithm. This results in a reduced synthesis runtime, but ignores the
  effect of timing on synthesis.

  -debug_log - (Optional) Prints an extended log file that is useful for
  debugging. Will have extra information about logic that was trimmed along
  with sections on the sizes of the RTL partitions and RTL Components. In
  addition, there will be more INFO/WARNING messages that are often ignored.

  -quiet - (Optional) Execute the command quietly, returning no messages from
  the command. The command also returns TCL_OK regardless of any errors
  encountered during execution.

  Note: Any errors encountered on the command-line, while launching the
  command, will be returned. Only errors occurring inside the command will be
  trapped.

  -verbose - (Optional) Temporarily override any message limits and return
  all messages from this command.

  Note: Message limits can be defined with the set_msg_config command.

Examples:

  The following example uses the set_property command to define the target
  part for the active project, then elaborates the source files and opens an
  RTL design:

    set_property part xc7vx485tffg1158-1 [current_project]
    synth_design -rtl -name rtl_1

  Note: The default source set, constraint set, and part will be used in this
  example.

  The following example uses the find_top command to define the top of the
  current design for synthesis:

    synth_design -top [lindex [find_top] 0]

  Note: Since find_top returns multiple possible candidates, choosing index 0
  chooses the best top candidate for synthesis.

  The following example runs synthesis on the current design, defining the
  top module and the target part, and specifying no flattening of the
  hierarchy. The results of the synthesis run are then opened in a netlist
  design:

    synth_design -top top -part xc7k70tfbg676-2 -flatten_hierarchy none
    open_run synth_1 -name netlist_1

See Also:

   *  create_ip_run
   *  create_run
   *  current_design
   *  current_project
   *  find_top
   *  open_run
   *  opt_design
   *  set_property
synth_design -top ldpc -part xczu7ev-ffvc1156-2-e -lint -verbose
Command: synth_design -top ldpc -part xczu7ev-ffvc1156-2-e -lint -verbose
Starting synth_design
Attempting to get a license for feature 'Synthesis' and/or device 'xczu7ev'
INFO: [Common 17-349] Got license for feature 'Synthesis' and/or device 'xczu7ev'
INFO: [Synth 8-7079] Multithreading enabled for synth_design using a maximum of 7 processes.
---------------------------------------------------------------------------------
Starting Synthesize : Time (s): cpu = 00:00:03 ; elapsed = 00:00:03 . Memory (MB): peak = 13122.027 ; gain = 0.000 ; free physical = 2148 ; free virtual = 11130
---------------------------------------------------------------------------------
Clean up Linter database...
INFO: [Synth 8-6157] synthesizing module 'ldpc' [/home/victor/open_baseband/openasip/custom_units/LDPC/LDPC_decoder/new/project_1.srcs/sources_1/imports/new/ldpc.v:3]
INFO: [Synth 8-6157] synthesizing module 'cn_core' [/home/victor/open_baseband/openasip/custom_units/LDPC/LDPC_decoder/new/cn_core.v:41]
	Parameter DEGREE bound to: 19 - type: integer 
	Parameter WIDTH bound to: 8 - type: integer 
	Parameter sel_mux_cn_proc_3 bound to: 2'b11 
	Parameter sel_mux_cn_proc_4 bound to: 2'b11 
	Parameter sel_mux_cn_proc_5 bound to: 2'b11 
	Parameter sel_mux_cn_proc_6 bound to: 2'b11 
	Parameter sel_mux_cn_proc_7 bound to: 2'b11 
	Parameter sel_mux_cn_proc_8 bound to: 2'b11 
	Parameter sel_mux_cn_proc_9 bound to: 2'b11 
	Parameter sel_mux_cn_proc_10 bound to: 2'b11 
	Parameter sel_mux_cn_proc_19 bound to: 2'b00 
	Parameter sel_demux_min_0 bound to: 4'b1000 
	Parameter sel_demux_min_1 bound to: 4'b1111 
	Parameter sel_demux_min_2 bound to: 4'b1111 
	Parameter sel_demux_mul_0 bound to: 4'b1000 
	Parameter sel_demux_mul_1 bound to: 4'b1111 
	Parameter sel_demux_mul_2 bound to: 4'b1111 
	Parameter sel_demux_min_30 bound to: 1'b0 
	Parameter sel_demux_min_31 bound to: 1'b0 
	Parameter sel_demux_mul_30 bound to: 1'b0 
	Parameter sel_demux_mul_31 bound to: 1'b0 
INFO: [Synth 8-6157] synthesizing module 'cn_proc' [/home/victor/open_baseband/openasip/custom_units/LDPC/LDPC_decoder/new/cn_proc.v:1]
	Parameter GROUP bound to: 3 - type: integer 
	Parameter WIDTH bound to: 8 - type: integer 
INFO: [Synth 8-6155] done synthesizing module 'cn_proc' (1#1) [/home/victor/open_baseband/openasip/custom_units/LDPC/LDPC_decoder/new/cn_proc.v:1]
INFO: [Synth 8-6157] synthesizing module 'cn_proc__parameterized0' [/home/victor/open_baseband/openasip/custom_units/LDPC/LDPC_decoder/new/cn_proc.v:1]
	Parameter GROUP bound to: 4 - type: integer 
	Parameter WIDTH bound to: 8 - type: integer 
INFO: [Synth 8-6155] done synthesizing module 'cn_proc__parameterized0' (1#1) [/home/victor/open_baseband/openasip/custom_units/LDPC/LDPC_decoder/new/cn_proc.v:1]
INFO: [Synth 8-6157] synthesizing module 'cn_proc__parameterized1' [/home/victor/open_baseband/openasip/custom_units/LDPC/LDPC_decoder/new/cn_proc.v:1]
	Parameter GROUP bound to: 5 - type: integer 
	Parameter WIDTH bound to: 8 - type: integer 
INFO: [Synth 8-6155] done synthesizing module 'cn_proc__parameterized1' (1#1) [/home/victor/open_baseband/openasip/custom_units/LDPC/LDPC_decoder/new/cn_proc.v:1]
INFO: [Synth 8-6157] synthesizing module 'cn_proc__parameterized2' [/home/victor/open_baseband/openasip/custom_units/LDPC/LDPC_decoder/new/cn_proc.v:1]
	Parameter GROUP bound to: 6 - type: integer 
	Parameter WIDTH bound to: 8 - type: integer 
INFO: [Synth 8-6155] done synthesizing module 'cn_proc__parameterized2' (1#1) [/home/victor/open_baseband/openasip/custom_units/LDPC/LDPC_decoder/new/cn_proc.v:1]
INFO: [Synth 8-6157] synthesizing module 'cn_proc__parameterized3' [/home/victor/open_baseband/openasip/custom_units/LDPC/LDPC_decoder/new/cn_proc.v:1]
	Parameter GROUP bound to: 7 - type: integer 
	Parameter WIDTH bound to: 8 - type: integer 
INFO: [Synth 8-6155] done synthesizing module 'cn_proc__parameterized3' (1#1) [/home/victor/open_baseband/openasip/custom_units/LDPC/LDPC_decoder/new/cn_proc.v:1]
INFO: [Synth 8-6157] synthesizing module 'cn_proc__parameterized4' [/home/victor/open_baseband/openasip/custom_units/LDPC/LDPC_decoder/new/cn_proc.v:1]
	Parameter GROUP bound to: 8 - type: integer 
	Parameter WIDTH bound to: 8 - type: integer 
INFO: [Synth 8-6155] done synthesizing module 'cn_proc__parameterized4' (1#1) [/home/victor/open_baseband/openasip/custom_units/LDPC/LDPC_decoder/new/cn_proc.v:1]
INFO: [Synth 8-6157] synthesizing module 'cn_proc__parameterized5' [/home/victor/open_baseband/openasip/custom_units/LDPC/LDPC_decoder/new/cn_proc.v:1]
	Parameter GROUP bound to: 9 - type: integer 
	Parameter WIDTH bound to: 8 - type: integer 
INFO: [Synth 8-6155] done synthesizing module 'cn_proc__parameterized5' (1#1) [/home/victor/open_baseband/openasip/custom_units/LDPC/LDPC_decoder/new/cn_proc.v:1]
INFO: [Synth 8-6157] synthesizing module 'cn_proc__parameterized6' [/home/victor/open_baseband/openasip/custom_units/LDPC/LDPC_decoder/new/cn_proc.v:1]
	Parameter GROUP bound to: 10 - type: integer 
	Parameter WIDTH bound to: 8 - type: integer 
INFO: [Synth 8-6155] done synthesizing module 'cn_proc__parameterized6' (1#1) [/home/victor/open_baseband/openasip/custom_units/LDPC/LDPC_decoder/new/cn_proc.v:1]
INFO: [Synth 8-6157] synthesizing module 'cn_proc__parameterized7' [/home/victor/open_baseband/openasip/custom_units/LDPC/LDPC_decoder/new/cn_proc.v:1]
	Parameter GROUP bound to: 19 - type: integer 
	Parameter WIDTH bound to: 8 - type: integer 
INFO: [Synth 8-6155] done synthesizing module 'cn_proc__parameterized7' (1#1) [/home/victor/open_baseband/openasip/custom_units/LDPC/LDPC_decoder/new/cn_proc.v:1]
INFO: [Synth 8-6155] done synthesizing module 'cn_core' (2#1) [/home/victor/open_baseband/openasip/custom_units/LDPC/LDPC_decoder/new/cn_core.v:41]
INFO: [Synth 8-6155] done synthesizing module 'ldpc' (3#1) [/home/victor/open_baseband/openasip/custom_units/LDPC/LDPC_decoder/new/project_1.srcs/sources_1/imports/new/ldpc.v:3]
---------------------------------------------------------------------------------
Finished Synthesize : Time (s): cpu = 00:00:04 ; elapsed = 00:00:04 . Memory (MB): peak = 13122.027 ; gain = 0.000 ; free physical = 2156 ; free virtual = 11138
---------------------------------------------------------------------------------
Copyright 1986-2022 Xilinx, Inc. All Rights Reserved. Copyright 2022-2025 Advanced Micro Devices, Inc. All Rights Reserved.
---------------------------------------------------------------------------------------------------------------------------------------------
| Tool Version : Vivado v.2025.2 (lin64) Build 6299465 Fri Nov 14 12:34:56 MST 2025
| Date         : Thu Jun  4 19:03:06 2026
| Host         : victor-IdeaPad-Slim-3-15ARP10 running 64-bit Ubuntu 24.04.4 LTS
---------------------------------------------------------------------------------------------------------------------------------------------

RTL Linter Report

Table of Contents
-----------------
1. Summary

1. Summary
----------

+----------+----------+--------------+----------+
| Rule ID  | Severity | # Violations | # Waived |
+----------+----------+--------------+----------+
| ASSIGN-5 | WARNING  | 13           | 0        |
| ASSIGN-6 | WARNING  | 48           | 0        |
| ASSIGN-9 | WARNING  | 2            | 0        |
+----------+----------+--------------+----------+


WARNING: [Synth 37-124] [ASSIGN-5]Some bits in 'gen_cn_buses_19.in_cn_proc_10' are not set. First unset bit index is 0. 
RTL Name 'gen_cn_buses_19.in_cn_proc_10', Hierarchy 'cn_core', File 'cn_core.v', Line 278.
WARNING: [Synth 37-124] [ASSIGN-5]Some bits in 'gen_cn_buses_19.in_cn_proc_3' are not set. First unset bit index is 0. 
RTL Name 'gen_cn_buses_19.in_cn_proc_3', Hierarchy 'cn_core', File 'cn_core.v', Line 243.
WARNING: [Synth 37-124] [ASSIGN-5]Some bits in 'gen_cn_buses_19.in_cn_proc_4' are not set. First unset bit index is 0. 
RTL Name 'gen_cn_buses_19.in_cn_proc_4', Hierarchy 'cn_core', File 'cn_core.v', Line 248.
WARNING: [Synth 37-124] [ASSIGN-5]Some bits in 'gen_cn_buses_19.in_cn_proc_5' are not set. First unset bit index is 0. 
RTL Name 'gen_cn_buses_19.in_cn_proc_5', Hierarchy 'cn_core', File 'cn_core.v', Line 253.
WARNING: [Synth 37-124] [ASSIGN-5]Some bits in 'gen_cn_buses_19.in_cn_proc_6' are not set. First unset bit index is 0. 
RTL Name 'gen_cn_buses_19.in_cn_proc_6', Hierarchy 'cn_core', File 'cn_core.v', Line 258.
WARNING: [Synth 37-124] [ASSIGN-5]Some bits in 'gen_cn_buses_19.in_cn_proc_7' are not set. First unset bit index is 0. 
RTL Name 'gen_cn_buses_19.in_cn_proc_7', Hierarchy 'cn_core', File 'cn_core.v', Line 263.
WARNING: [Synth 37-124] [ASSIGN-5]Some bits in 'gen_cn_buses_19.in_cn_proc_8' are not set. First unset bit index is 0. 
RTL Name 'gen_cn_buses_19.in_cn_proc_8', Hierarchy 'cn_core', File 'cn_core.v', Line 268.
WARNING: [Synth 37-124] [ASSIGN-5]Some bits in 'gen_cn_buses_19.in_cn_proc_9' are not set. First unset bit index is 0. 
RTL Name 'gen_cn_buses_19.in_cn_proc_9', Hierarchy 'cn_core', File 'cn_core.v', Line 273.
WARNING: [Synth 37-124] [ASSIGN-5]Some bits in 'gen_min_mul_buses_19.out_demux_min_1' are not set. First unset bit index is 0. 
RTL Name 'gen_min_mul_buses_19.out_demux_min_1', Hierarchy 'cn_core', File 'cn_core.v', Line 894.
WARNING: [Synth 37-124] [ASSIGN-5]Some bits in 'gen_min_mul_buses_19.out_demux_min_2' are not set. First unset bit index is 0. 
RTL Name 'gen_min_mul_buses_19.out_demux_min_2', Hierarchy 'cn_core', File 'cn_core.v', Line 895.
WARNING: [Synth 37-124] [ASSIGN-5]Some bits in 'gen_min_mul_buses_19.out_demux_mul_1' are not set. First unset bit index is 0. 
RTL Name 'gen_min_mul_buses_19.out_demux_mul_1', Hierarchy 'cn_core', File 'cn_core.v', Line 897.
WARNING: [Synth 37-124] [ASSIGN-5]Some bits in 'gen_min_mul_buses_19.out_demux_mul_2' are not set. First unset bit index is 0. 
RTL Name 'gen_min_mul_buses_19.out_demux_mul_2', Hierarchy 'cn_core', File 'cn_core.v', Line 898.
WARNING: [Synth 37-93] [ASSIGN-6]Signal 'gen_bus_19.bus_gen_19[0].in_cn_proc_10' was assigned but not read. 
RTL Name 'gen_bus_19.bus_gen_19[0].in_cn_proc_10', Hierarchy 'cn_core', File '/home/victor/open_baseband/openasip/custom_units/LDPC/LDPC_decoder/new/cn_core.v', Line 144.
WARNING: [Synth 37-93] [ASSIGN-6]Signal 'gen_bus_19.bus_gen_19[0].in_cn_proc_3' was assigned but not read. 
RTL Name 'gen_bus_19.bus_gen_19[0].in_cn_proc_3', Hierarchy 'cn_core', File '/home/victor/open_baseband/openasip/custom_units/LDPC/LDPC_decoder/new/cn_core.v', Line 137.
WARNING: [Synth 37-93] [ASSIGN-6]Signal 'gen_bus_19.bus_gen_19[0].in_cn_proc_4' was assigned but not read. 
RTL Name 'gen_bus_19.bus_gen_19[0].in_cn_proc_4', Hierarchy 'cn_core', File '/home/victor/open_baseband/openasip/custom_units/LDPC/LDPC_decoder/new/cn_core.v', Line 138.
WARNING: [Synth 37-93] [ASSIGN-6]Signal 'gen_bus_19.bus_gen_19[0].in_cn_proc_5' was assigned but not read. 
RTL Name 'gen_bus_19.bus_gen_19[0].in_cn_proc_5', Hierarchy 'cn_core', File '/home/victor/open_baseband/openasip/custom_units/LDPC/LDPC_decoder/new/cn_core.v', Line 139.
WARNING: [Synth 37-93] [ASSIGN-6]Signal 'gen_bus_19.bus_gen_19[0].in_cn_proc_6' was assigned but not read. 
RTL Name 'gen_bus_19.bus_gen_19[0].in_cn_proc_6', Hierarchy 'cn_core', File '/home/victor/open_baseband/openasip/custom_units/LDPC/LDPC_decoder/new/cn_core.v', Line 140.
WARNING: [Synth 37-93] [ASSIGN-6]Signal 'gen_bus_19.bus_gen_19[0].in_cn_proc_7' was assigned but not read. 
RTL Name 'gen_bus_19.bus_gen_19[0].in_cn_proc_7', Hierarchy 'cn_core', File '/home/victor/open_baseband/openasip/custom_units/LDPC/LDPC_decoder/new/cn_core.v', Line 141.
WARNING: [Synth 37-93] [ASSIGN-6]Signal 'gen_bus_19.bus_gen_19[0].in_cn_proc_8' was assigned but not read. 
RTL Name 'gen_bus_19.bus_gen_19[0].in_cn_proc_8', Hierarchy 'cn_core', File '/home/victor/open_baseband/openasip/custom_units/LDPC/LDPC_decoder/new/cn_core.v', Line 142.
WARNING: [Synth 37-93] [ASSIGN-6]Signal 'gen_bus_19.bus_gen_19[0].in_cn_proc_9' was assigned but not read. 
RTL Name 'gen_bus_19.bus_gen_19[0].in_cn_proc_9', Hierarchy 'cn_core', File '/home/victor/open_baseband/openasip/custom_units/LDPC/LDPC_decoder/new/cn_core.v', Line 143.
WARNING: [Synth 37-93] [ASSIGN-6]Signal 'gen_bus_19.bus_gen_19[1].in_cn_proc_10' was assigned but not read. 
RTL Name 'gen_bus_19.bus_gen_19[1].in_cn_proc_10', Hierarchy 'cn_core', File '/home/victor/open_baseband/openasip/custom_units/LDPC/LDPC_decoder/new/cn_core.v', Line 144.
WARNING: [Synth 37-93] [ASSIGN-6]Signal 'gen_bus_19.bus_gen_19[1].in_cn_proc_19' was assigned but not read. 
RTL Name 'gen_bus_19.bus_gen_19[1].in_cn_proc_19', Hierarchy 'cn_core', File '/home/victor/open_baseband/openasip/custom_units/LDPC/LDPC_decoder/new/cn_core.v', Line 145.
WARNING: [Synth 37-93] [ASSIGN-6]Signal 'gen_bus_19.bus_gen_19[1].in_cn_proc_3' was assigned but not read. 
RTL Name 'gen_bus_19.bus_gen_19[1].in_cn_proc_3', Hierarchy 'cn_core', File '/home/victor/open_baseband/openasip/custom_units/LDPC/LDPC_decoder/new/cn_core.v', Line 137.
WARNING: [Synth 37-93] [ASSIGN-6]Signal 'gen_bus_19.bus_gen_19[1].in_cn_proc_4' was assigned but not read. 
RTL Name 'gen_bus_19.bus_gen_19[1].in_cn_proc_4', Hierarchy 'cn_core', File '/home/victor/open_baseband/openasip/custom_units/LDPC/LDPC_decoder/new/cn_core.v', Line 138.
WARNING: [Synth 37-93] [ASSIGN-6]Signal 'gen_bus_19.bus_gen_19[1].in_cn_proc_5' was assigned but not read. 
RTL Name 'gen_bus_19.bus_gen_19[1].in_cn_proc_5', Hierarchy 'cn_core', File '/home/victor/open_baseband/openasip/custom_units/LDPC/LDPC_decoder/new/cn_core.v', Line 139.
WARNING: [Synth 37-93] [ASSIGN-6]Signal 'gen_bus_19.bus_gen_19[1].in_cn_proc_6' was assigned but not read. 
RTL Name 'gen_bus_19.bus_gen_19[1].in_cn_proc_6', Hierarchy 'cn_core', File '/home/victor/open_baseband/openasip/custom_units/LDPC/LDPC_decoder/new/cn_core.v', Line 140.
WARNING: [Synth 37-93] [ASSIGN-6]Signal 'gen_bus_19.bus_gen_19[1].in_cn_proc_7' was assigned but not read. 
RTL Name 'gen_bus_19.bus_gen_19[1].in_cn_proc_7', Hierarchy 'cn_core', File '/home/victor/open_baseband/openasip/custom_units/LDPC/LDPC_decoder/new/cn_core.v', Line 141.
WARNING: [Synth 37-93] [ASSIGN-6]Signal 'gen_bus_19.bus_gen_19[1].in_cn_proc_8' was assigned but not read. 
RTL Name 'gen_bus_19.bus_gen_19[1].in_cn_proc_8', Hierarchy 'cn_core', File '/home/victor/open_baseband/openasip/custom_units/LDPC/LDPC_decoder/new/cn_core.v', Line 142.
WARNING: [Synth 37-93] [ASSIGN-6]Signal 'gen_bus_19.bus_gen_19[1].in_cn_proc_9' was assigned but not read. 
RTL Name 'gen_bus_19.bus_gen_19[1].in_cn_proc_9', Hierarchy 'cn_core', File '/home/victor/open_baseband/openasip/custom_units/LDPC/LDPC_decoder/new/cn_core.v', Line 143.
WARNING: [Synth 37-93] [ASSIGN-6]Signal 'gen_bus_19.bus_gen_19[2].in_cn_proc_10' was assigned but not read. 
RTL Name 'gen_bus_19.bus_gen_19[2].in_cn_proc_10', Hierarchy 'cn_core', File '/home/victor/open_baseband/openasip/custom_units/LDPC/LDPC_decoder/new/cn_core.v', Line 144.
WARNING: [Synth 37-93] [ASSIGN-6]Signal 'gen_bus_19.bus_gen_19[2].in_cn_proc_19' was assigned but not read. 
RTL Name 'gen_bus_19.bus_gen_19[2].in_cn_proc_19', Hierarchy 'cn_core', File '/home/victor/open_baseband/openasip/custom_units/LDPC/LDPC_decoder/new/cn_core.v', Line 145.
WARNING: [Synth 37-93] [ASSIGN-6]Signal 'gen_bus_19.bus_gen_19[2].in_cn_proc_3' was assigned but not read. 
RTL Name 'gen_bus_19.bus_gen_19[2].in_cn_proc_3', Hierarchy 'cn_core', File '/home/victor/open_baseband/openasip/custom_units/LDPC/LDPC_decoder/new/cn_core.v', Line 137.
WARNING: [Synth 37-93] [ASSIGN-6]Signal 'gen_bus_19.bus_gen_19[2].in_cn_proc_4' was assigned but not read. 
RTL Name 'gen_bus_19.bus_gen_19[2].in_cn_proc_4', Hierarchy 'cn_core', File '/home/victor/open_baseband/openasip/custom_units/LDPC/LDPC_decoder/new/cn_core.v', Line 138.
WARNING: [Synth 37-93] [ASSIGN-6]Signal 'gen_bus_19.bus_gen_19[2].in_cn_proc_5' was assigned but not read. 
RTL Name 'gen_bus_19.bus_gen_19[2].in_cn_proc_5', Hierarchy 'cn_core', File '/home/victor/open_baseband/openasip/custom_units/LDPC/LDPC_decoder/new/cn_core.v', Line 139.
WARNING: [Synth 37-93] [ASSIGN-6]Signal 'gen_bus_19.bus_gen_19[2].in_cn_proc_6' was assigned but not read. 
RTL Name 'gen_bus_19.bus_gen_19[2].in_cn_proc_6', Hierarchy 'cn_core', File '/home/victor/open_baseband/openasip/custom_units/LDPC/LDPC_decoder/new/cn_core.v', Line 140.
WARNING: [Synth 37-93] [ASSIGN-6]Signal 'gen_bus_19.bus_gen_19[2].in_cn_proc_7' was assigned but not read. 
RTL Name 'gen_bus_19.bus_gen_19[2].in_cn_proc_7', Hierarchy 'cn_core', File '/home/victor/open_baseband/openasip/custom_units/LDPC/LDPC_decoder/new/cn_core.v', Line 141.
WARNING: [Synth 37-93] [ASSIGN-6]Signal 'gen_bus_19.bus_gen_19[2].in_cn_proc_8' was assigned but not read. 
RTL Name 'gen_bus_19.bus_gen_19[2].in_cn_proc_8', Hierarchy 'cn_core', File '/home/victor/open_baseband/openasip/custom_units/LDPC/LDPC_decoder/new/cn_core.v', Line 142.
WARNING: [Synth 37-93] [ASSIGN-6]Signal 'gen_bus_19.bus_gen_19[2].in_cn_proc_9' was assigned but not read. 
RTL Name 'gen_bus_19.bus_gen_19[2].in_cn_proc_9', Hierarchy 'cn_core', File '/home/victor/open_baseband/openasip/custom_units/LDPC/LDPC_decoder/new/cn_core.v', Line 143.
WARNING: [Synth 37-93] [ASSIGN-6]Signal 'gen_cn_buses_19.min_cn_proc_10' was assigned but not read. 
RTL Name 'gen_cn_buses_19.min_cn_proc_10', Hierarchy 'cn_core', File '/home/victor/open_baseband/openasip/custom_units/LDPC/LDPC_decoder/new/cn_core.v', Line 280.
WARNING: [Synth 37-93] [ASSIGN-6]Signal 'gen_cn_buses_19.min_cn_proc_3' was assigned but not read. 
RTL Name 'gen_cn_buses_19.min_cn_proc_3', Hierarchy 'cn_core', File '/home/victor/open_baseband/openasip/custom_units/LDPC/LDPC_decoder/new/cn_core.v', Line 245.
WARNING: [Synth 37-93] [ASSIGN-6]Signal 'gen_cn_buses_19.min_cn_proc_4' was assigned but not read. 
RTL Name 'gen_cn_buses_19.min_cn_proc_4', Hierarchy 'cn_core', File '/home/victor/open_baseband/openasip/custom_units/LDPC/LDPC_decoder/new/cn_core.v', Line 250.
WARNING: [Synth 37-93] [ASSIGN-6]Signal 'gen_cn_buses_19.min_cn_proc_5' was assigned but not read. 
RTL Name 'gen_cn_buses_19.min_cn_proc_5', Hierarchy 'cn_core', File '/home/victor/open_baseband/openasip/custom_units/LDPC/LDPC_decoder/new/cn_core.v', Line 255.
WARNING: [Synth 37-93] [ASSIGN-6]Signal 'gen_cn_buses_19.min_cn_proc_6' was assigned but not read. 
RTL Name 'gen_cn_buses_19.min_cn_proc_6', Hierarchy 'cn_core', File '/home/victor/open_baseband/openasip/custom_units/LDPC/LDPC_decoder/new/cn_core.v', Line 260.
WARNING: [Synth 37-93] [ASSIGN-6]Signal 'gen_cn_buses_19.min_cn_proc_7' was assigned but not read. 
RTL Name 'gen_cn_buses_19.min_cn_proc_7', Hierarchy 'cn_core', File '/home/victor/open_baseband/openasip/custom_units/LDPC/LDPC_decoder/new/cn_core.v', Line 265.
WARNING: [Synth 37-93] [ASSIGN-6]Signal 'gen_cn_buses_19.min_cn_proc_8' was assigned but not read. 
RTL Name 'gen_cn_buses_19.min_cn_proc_8', Hierarchy 'cn_core', File '/home/victor/open_baseband/openasip/custom_units/LDPC/LDPC_decoder/new/cn_core.v', Line 270.
WARNING: [Synth 37-93] [ASSIGN-6]Signal 'gen_cn_buses_19.min_cn_proc_9' was assigned but not read. 
RTL Name 'gen_cn_buses_19.min_cn_proc_9', Hierarchy 'cn_core', File '/home/victor/open_baseband/openasip/custom_units/LDPC/LDPC_decoder/new/cn_core.v', Line 275.
WARNING: [Synth 37-93] [ASSIGN-6]Signal 'gen_cn_buses_19.sgn_mul_cn_proc_10' was assigned but not read. 
RTL Name 'gen_cn_buses_19.sgn_mul_cn_proc_10', Hierarchy 'cn_core', File '/home/victor/open_baseband/openasip/custom_units/LDPC/LDPC_decoder/new/cn_core.v', Line 281.
WARNING: [Synth 37-93] [ASSIGN-6]Signal 'gen_cn_buses_19.sgn_mul_cn_proc_3' was assigned but not read. 
RTL Name 'gen_cn_buses_19.sgn_mul_cn_proc_3', Hierarchy 'cn_core', File '/home/victor/open_baseband/openasip/custom_units/LDPC/LDPC_decoder/new/cn_core.v', Line 246.
WARNING: [Synth 37-93] [ASSIGN-6]Signal 'gen_cn_buses_19.sgn_mul_cn_proc_4' was assigned but not read. 
RTL Name 'gen_cn_buses_19.sgn_mul_cn_proc_4', Hierarchy 'cn_core', File '/home/victor/open_baseband/openasip/custom_units/LDPC/LDPC_decoder/new/cn_core.v', Line 251.
WARNING: [Synth 37-93] [ASSIGN-6]Signal 'gen_cn_buses_19.sgn_mul_cn_proc_5' was assigned but not read. 
RTL Name 'gen_cn_buses_19.sgn_mul_cn_proc_5', Hierarchy 'cn_core', File '/home/victor/open_baseband/openasip/custom_units/LDPC/LDPC_decoder/new/cn_core.v', Line 256.
WARNING: [Synth 37-93] [ASSIGN-6]Signal 'gen_cn_buses_19.sgn_mul_cn_proc_6' was assigned but not read. 
RTL Name 'gen_cn_buses_19.sgn_mul_cn_proc_6', Hierarchy 'cn_core', File '/home/victor/open_baseband/openasip/custom_units/LDPC/LDPC_decoder/new/cn_core.v', Line 261.
WARNING: [Synth 37-93] [ASSIGN-6]Signal 'gen_cn_buses_19.sgn_mul_cn_proc_7' was assigned but not read. 
RTL Name 'gen_cn_buses_19.sgn_mul_cn_proc_7', Hierarchy 'cn_core', File '/home/victor/open_baseband/openasip/custom_units/LDPC/LDPC_decoder/new/cn_core.v', Line 266.
WARNING: [Synth 37-93] [ASSIGN-6]Signal 'gen_cn_buses_19.sgn_mul_cn_proc_8' was assigned but not read. 
RTL Name 'gen_cn_buses_19.sgn_mul_cn_proc_8', Hierarchy 'cn_core', File '/home/victor/open_baseband/openasip/custom_units/LDPC/LDPC_decoder/new/cn_core.v', Line 271.
WARNING: [Synth 37-93] [ASSIGN-6]Signal 'gen_cn_buses_19.sgn_mul_cn_proc_9' was assigned but not read. 
RTL Name 'gen_cn_buses_19.sgn_mul_cn_proc_9', Hierarchy 'cn_core', File '/home/victor/open_baseband/openasip/custom_units/LDPC/LDPC_decoder/new/cn_core.v', Line 276.
WARNING: [Synth 37-93] [ASSIGN-6]Signal 'gen_min_mul_buses_19.out_demux_min_0' was assigned but not read. 
RTL Name 'gen_min_mul_buses_19.out_demux_min_0', Hierarchy 'cn_core', File '/home/victor/open_baseband/openasip/custom_units/LDPC/LDPC_decoder/new/cn_core.v', Line 893.
WARNING: [Synth 37-93] [ASSIGN-6]Signal 'gen_min_mul_buses_19.out_demux_min_1' was assigned but not read. 
RTL Name 'gen_min_mul_buses_19.out_demux_min_1', Hierarchy 'cn_core', File '/home/victor/open_baseband/openasip/custom_units/LDPC/LDPC_decoder/new/cn_core.v', Line 894.
WARNING: [Synth 37-93] [ASSIGN-6]Signal 'gen_min_mul_buses_19.out_demux_min_2' was assigned but not read. 
RTL Name 'gen_min_mul_buses_19.out_demux_min_2', Hierarchy 'cn_core', File '/home/victor/open_baseband/openasip/custom_units/LDPC/LDPC_decoder/new/cn_core.v', Line 895.
WARNING: [Synth 37-93] [ASSIGN-6]Signal 'gen_min_mul_buses_19.out_demux_mul_0' was assigned but not read. 
RTL Name 'gen_min_mul_buses_19.out_demux_mul_0', Hierarchy 'cn_core', File '/home/victor/open_baseband/openasip/custom_units/LDPC/LDPC_decoder/new/cn_core.v', Line 896.
WARNING: [Synth 37-93] [ASSIGN-6]Signal 'gen_min_mul_buses_19.out_demux_mul_1' was assigned but not read. 
RTL Name 'gen_min_mul_buses_19.out_demux_mul_1', Hierarchy 'cn_core', File '/home/victor/open_baseband/openasip/custom_units/LDPC/LDPC_decoder/new/cn_core.v', Line 897.
WARNING: [Synth 37-93] [ASSIGN-6]Signal 'gen_min_mul_buses_19.out_demux_mul_2' was assigned but not read. 
RTL Name 'gen_min_mul_buses_19.out_demux_mul_2', Hierarchy 'cn_core', File '/home/victor/open_baseband/openasip/custom_units/LDPC/LDPC_decoder/new/cn_core.v', Line 898.
WARNING: [Synth 37-126] [ASSIGN-9]Some bits in IO 'out_llr' are not set. First unset bit index is 0. 
RTL Name 'out_llr', Hierarchy 'cn_core', File 'cn_core.v', Line 74.
WARNING: [Synth 37-124] [ASSIGN-5]Some bits in 'out_llr_w' are not set. First unset bit index is 0. 
RTL Name 'out_llr_w', Hierarchy 'ldpc', File 'ldpc.v', Line 19.
WARNING: [Synth 37-126] [ASSIGN-9]Some bits in IO 'out_llr' are not set. First unset bit index is 0. 
RTL Name 'out_llr', Hierarchy 'ldpc', File 'ldpc.v', Line 13.
INFO: [Synth 37-85] Total of 63 linter message(s) generated.
INFO: [Synth 37-45] Linter Run Finished!
Synthesis Optimization Runtime : Time (s): cpu = 00:00:04 ; elapsed = 00:00:04 . Memory (MB): peak = 13122.027 ; gain = 0.000 ; free physical = 2139 ; free virtual = 11121
INFO: [Common 17-83] Releasing license: Synthesis
27 Infos, 63 Warnings, 0 Critical Warnings and 0 Errors encountered.
synth_design completed successfully
synth_design -top ldpc -part xczu7ev-ffvc1156-2-e -lint 
Command: synth_design -top ldpc -part xczu7ev-ffvc1156-2-e -lint
Starting synth_design
Attempting to get a license for feature 'Synthesis' and/or device 'xczu7ev'
INFO: [Common 17-349] Got license for feature 'Synthesis' and/or device 'xczu7ev'
INFO: [Synth 8-7079] Multithreading enabled for synth_design using a maximum of 7 processes.
---------------------------------------------------------------------------------
Starting Synthesize : Time (s): cpu = 00:00:03 ; elapsed = 00:00:03 . Memory (MB): peak = 13122.027 ; gain = 0.000 ; free physical = 1744 ; free virtual = 10743
---------------------------------------------------------------------------------
Clean up Linter database...
INFO: [Synth 8-6157] synthesizing module 'ldpc' [/home/victor/open_baseband/openasip/custom_units/LDPC/LDPC_decoder/new/project_1.srcs/sources_1/imports/new/ldpc.v:3]
INFO: [Synth 8-6157] synthesizing module 'cn_core' [/home/victor/open_baseband/openasip/custom_units/LDPC/LDPC_decoder/new/cn_core.v:41]
	Parameter DEGREE bound to: 19 - type: integer 
	Parameter WIDTH bound to: 8 - type: integer 
	Parameter sel_mux_cn_proc_3 bound to: 2'b11 
	Parameter sel_mux_cn_proc_4 bound to: 2'b11 
	Parameter sel_mux_cn_proc_5 bound to: 2'b11 
	Parameter sel_mux_cn_proc_6 bound to: 2'b11 
	Parameter sel_mux_cn_proc_7 bound to: 2'b11 
	Parameter sel_mux_cn_proc_8 bound to: 2'b11 
	Parameter sel_mux_cn_proc_9 bound to: 2'b11 
	Parameter sel_mux_cn_proc_10 bound to: 2'b11 
	Parameter sel_mux_cn_proc_19 bound to: 2'b00 
	Parameter sel_demux_min_0 bound to: 4'b1000 
	Parameter sel_demux_min_1 bound to: 4'b1111 
	Parameter sel_demux_min_2 bound to: 4'b1111 
	Parameter sel_demux_mul_0 bound to: 4'b1000 
	Parameter sel_demux_mul_1 bound to: 4'b1111 
	Parameter sel_demux_mul_2 bound to: 4'b1111 
	Parameter sel_demux_min_30 bound to: 1'b0 
	Parameter sel_demux_min_31 bound to: 1'b0 
	Parameter sel_demux_mul_30 bound to: 1'b0 
	Parameter sel_demux_mul_31 bound to: 1'b0 
INFO: [Synth 8-6157] synthesizing module 'cn_proc' [/home/victor/open_baseband/openasip/custom_units/LDPC/LDPC_decoder/new/cn_proc.v:1]
	Parameter GROUP bound to: 3 - type: integer 
	Parameter WIDTH bound to: 8 - type: integer 
INFO: [Synth 8-6155] done synthesizing module 'cn_proc' (1#1) [/home/victor/open_baseband/openasip/custom_units/LDPC/LDPC_decoder/new/cn_proc.v:1]
INFO: [Synth 8-6157] synthesizing module 'cn_proc__parameterized0' [/home/victor/open_baseband/openasip/custom_units/LDPC/LDPC_decoder/new/cn_proc.v:1]
	Parameter GROUP bound to: 4 - type: integer 
	Parameter WIDTH bound to: 8 - type: integer 
INFO: [Synth 8-6155] done synthesizing module 'cn_proc__parameterized0' (1#1) [/home/victor/open_baseband/openasip/custom_units/LDPC/LDPC_decoder/new/cn_proc.v:1]
INFO: [Synth 8-6157] synthesizing module 'cn_proc__parameterized1' [/home/victor/open_baseband/openasip/custom_units/LDPC/LDPC_decoder/new/cn_proc.v:1]
	Parameter GROUP bound to: 5 - type: integer 
	Parameter WIDTH bound to: 8 - type: integer 
INFO: [Synth 8-6155] done synthesizing module 'cn_proc__parameterized1' (1#1) [/home/victor/open_baseband/openasip/custom_units/LDPC/LDPC_decoder/new/cn_proc.v:1]
INFO: [Synth 8-6157] synthesizing module 'cn_proc__parameterized2' [/home/victor/open_baseband/openasip/custom_units/LDPC/LDPC_decoder/new/cn_proc.v:1]
	Parameter GROUP bound to: 6 - type: integer 
	Parameter WIDTH bound to: 8 - type: integer 
INFO: [Synth 8-6155] done synthesizing module 'cn_proc__parameterized2' (1#1) [/home/victor/open_baseband/openasip/custom_units/LDPC/LDPC_decoder/new/cn_proc.v:1]
INFO: [Synth 8-6157] synthesizing module 'cn_proc__parameterized3' [/home/victor/open_baseband/openasip/custom_units/LDPC/LDPC_decoder/new/cn_proc.v:1]
	Parameter GROUP bound to: 7 - type: integer 
	Parameter WIDTH bound to: 8 - type: integer 
INFO: [Synth 8-6155] done synthesizing module 'cn_proc__parameterized3' (1#1) [/home/victor/open_baseband/openasip/custom_units/LDPC/LDPC_decoder/new/cn_proc.v:1]
INFO: [Synth 8-6157] synthesizing module 'cn_proc__parameterized4' [/home/victor/open_baseband/openasip/custom_units/LDPC/LDPC_decoder/new/cn_proc.v:1]
	Parameter GROUP bound to: 8 - type: integer 
	Parameter WIDTH bound to: 8 - type: integer 
INFO: [Synth 8-6155] done synthesizing module 'cn_proc__parameterized4' (1#1) [/home/victor/open_baseband/openasip/custom_units/LDPC/LDPC_decoder/new/cn_proc.v:1]
INFO: [Synth 8-6157] synthesizing module 'cn_proc__parameterized5' [/home/victor/open_baseband/openasip/custom_units/LDPC/LDPC_decoder/new/cn_proc.v:1]
	Parameter GROUP bound to: 9 - type: integer 
	Parameter WIDTH bound to: 8 - type: integer 
INFO: [Synth 8-6155] done synthesizing module 'cn_proc__parameterized5' (1#1) [/home/victor/open_baseband/openasip/custom_units/LDPC/LDPC_decoder/new/cn_proc.v:1]
INFO: [Synth 8-6157] synthesizing module 'cn_proc__parameterized6' [/home/victor/open_baseband/openasip/custom_units/LDPC/LDPC_decoder/new/cn_proc.v:1]
	Parameter GROUP bound to: 10 - type: integer 
	Parameter WIDTH bound to: 8 - type: integer 
INFO: [Synth 8-6155] done synthesizing module 'cn_proc__parameterized6' (1#1) [/home/victor/open_baseband/openasip/custom_units/LDPC/LDPC_decoder/new/cn_proc.v:1]
INFO: [Synth 8-6157] synthesizing module 'cn_proc__parameterized7' [/home/victor/open_baseband/openasip/custom_units/LDPC/LDPC_decoder/new/cn_proc.v:1]
	Parameter GROUP bound to: 19 - type: integer 
	Parameter WIDTH bound to: 8 - type: integer 
INFO: [Synth 8-6155] done synthesizing module 'cn_proc__parameterized7' (1#1) [/home/victor/open_baseband/openasip/custom_units/LDPC/LDPC_decoder/new/cn_proc.v:1]
INFO: [Synth 8-6157] synthesizing module 'min_2x1' [/home/victor/open_baseband/openasip/custom_units/LDPC/LDPC_decoder/new/cn_core.v:4]
	Parameter WIDTH bound to: 8 - type: integer 
INFO: [Synth 8-6155] done synthesizing module 'min_2x1' (2#1) [/home/victor/open_baseband/openasip/custom_units/LDPC/LDPC_decoder/new/cn_core.v:4]
INFO: [Synth 8-6157] synthesizing module 'mul_2x1' [/home/victor/open_baseband/openasip/custom_units/LDPC/LDPC_decoder/new/cn_core.v:24]
	Parameter WIDTH bound to: 8 - type: integer 
INFO: [Synth 8-6155] done synthesizing module 'mul_2x1' (3#1) [/home/victor/open_baseband/openasip/custom_units/LDPC/LDPC_decoder/new/cn_core.v:24]
INFO: [Synth 8-6155] done synthesizing module 'cn_core' (4#1) [/home/victor/open_baseband/openasip/custom_units/LDPC/LDPC_decoder/new/cn_core.v:41]
INFO: [Synth 8-6155] done synthesizing module 'ldpc' (5#1) [/home/victor/open_baseband/openasip/custom_units/LDPC/LDPC_decoder/new/project_1.srcs/sources_1/imports/new/ldpc.v:3]
---------------------------------------------------------------------------------
Finished Synthesize : Time (s): cpu = 00:00:04 ; elapsed = 00:00:04 . Memory (MB): peak = 13122.027 ; gain = 0.000 ; free physical = 1742 ; free virtual = 10742
---------------------------------------------------------------------------------
Copyright 1986-2022 Xilinx, Inc. All Rights Reserved. Copyright 2022-2025 Advanced Micro Devices, Inc. All Rights Reserved.
---------------------------------------------------------------------------------------------------------------------------------------------
| Tool Version : Vivado v.2025.2 (lin64) Build 6299465 Fri Nov 14 12:34:56 MST 2025
| Date         : Thu Jun  4 19:12:41 2026
| Host         : victor-IdeaPad-Slim-3-15ARP10 running 64-bit Ubuntu 24.04.4 LTS
---------------------------------------------------------------------------------------------------------------------------------------------

RTL Linter Report

Table of Contents
-----------------
1. Summary

1. Summary
----------

+----------+------------------+--------------+----------+
| Rule ID  | Severity         | # Violations | # Waived |
+----------+------------------+--------------+----------+
| ASSIGN-5 | WARNING          | 18           | 0        |
| ASSIGN-6 | WARNING          | 29           | 0        |
| ASSIGN-7 | CRITICAL WARNING | 1            | 0        |
+----------+------------------+--------------+----------+


WARNING: [Synth 37-124] [ASSIGN-5]Some bits in 'gen_cn_buses_19.in_cn_proc_10' are not set. First unset bit index is 0. 
RTL Name 'gen_cn_buses_19.in_cn_proc_10', Hierarchy 'cn_core', File 'cn_core.v', Line 278.
WARNING: [Synth 37-124] [ASSIGN-5]Some bits in 'gen_cn_buses_19.in_cn_proc_3' are not set. First unset bit index is 0. 
RTL Name 'gen_cn_buses_19.in_cn_proc_3', Hierarchy 'cn_core', File 'cn_core.v', Line 243.
WARNING: [Synth 37-124] [ASSIGN-5]Some bits in 'gen_cn_buses_19.in_cn_proc_4' are not set. First unset bit index is 0. 
RTL Name 'gen_cn_buses_19.in_cn_proc_4', Hierarchy 'cn_core', File 'cn_core.v', Line 248.
WARNING: [Synth 37-124] [ASSIGN-5]Some bits in 'gen_cn_buses_19.in_cn_proc_5' are not set. First unset bit index is 0. 
RTL Name 'gen_cn_buses_19.in_cn_proc_5', Hierarchy 'cn_core', File 'cn_core.v', Line 253.
WARNING: [Synth 37-124] [ASSIGN-5]Some bits in 'gen_cn_buses_19.in_cn_proc_6' are not set. First unset bit index is 0. 
RTL Name 'gen_cn_buses_19.in_cn_proc_6', Hierarchy 'cn_core', File 'cn_core.v', Line 258.
WARNING: [Synth 37-124] [ASSIGN-5]Some bits in 'gen_cn_buses_19.in_cn_proc_7' are not set. First unset bit index is 0. 
RTL Name 'gen_cn_buses_19.in_cn_proc_7', Hierarchy 'cn_core', File 'cn_core.v', Line 263.
WARNING: [Synth 37-124] [ASSIGN-5]Some bits in 'gen_cn_buses_19.in_cn_proc_8' are not set. First unset bit index is 0. 
RTL Name 'gen_cn_buses_19.in_cn_proc_8', Hierarchy 'cn_core', File 'cn_core.v', Line 268.
WARNING: [Synth 37-124] [ASSIGN-5]Some bits in 'gen_cn_buses_19.in_cn_proc_9' are not set. First unset bit index is 0. 
RTL Name 'gen_cn_buses_19.in_cn_proc_9', Hierarchy 'cn_core', File 'cn_core.v', Line 273.
WARNING: [Synth 37-124] [ASSIGN-5]Some bits in 'gen_min_mul_buses_19.out_demux_min_1' are not set. First unset bit index is 0. 
RTL Name 'gen_min_mul_buses_19.out_demux_min_1', Hierarchy 'cn_core', File 'cn_core.v', Line 894.
WARNING: [Synth 37-124] [ASSIGN-5]Some bits in 'gen_min_mul_buses_19.out_demux_min_2' are not set. First unset bit index is 0. 
RTL Name 'gen_min_mul_buses_19.out_demux_min_2', Hierarchy 'cn_core', File 'cn_core.v', Line 895.
WARNING: [Synth 37-124] [ASSIGN-5]Some bits in 'gen_min_mul_buses_19.out_demux_mul_1' are not set. First unset bit index is 0. 
RTL Name 'gen_min_mul_buses_19.out_demux_mul_1', Hierarchy 'cn_core', File 'cn_core.v', Line 897.
WARNING: [Synth 37-124] [ASSIGN-5]Some bits in 'gen_min_mul_buses_19.out_demux_mul_2' are not set. First unset bit index is 0. 
RTL Name 'gen_min_mul_buses_19.out_demux_mul_2', Hierarchy 'cn_core', File 'cn_core.v', Line 898.
WARNING: [Synth 37-124] [ASSIGN-5]Some bits in 'gen_out_buses_5_6_7_19.in_1_demux_min_31' are not set. First unset bit index is 0. 
RTL Name 'gen_out_buses_5_6_7_19.in_1_demux_min_31', Hierarchy 'cn_core', File 'cn_core.v', Line 1483.
WARNING: [Synth 37-124] [ASSIGN-5]Some bits in 'gen_out_buses_5_6_7_19.in_1_min_0' are not set. First unset bit index is 0. 
RTL Name 'gen_out_buses_5_6_7_19.in_1_min_0', Hierarchy 'cn_core', File 'cn_core.v', Line 1473.
WARNING: [Synth 37-124] [ASSIGN-5]Some bits in 'gen_out_buses_5_6_7_19.in_1_min_1' are not set. First unset bit index is 0. 
RTL Name 'gen_out_buses_5_6_7_19.in_1_min_1', Hierarchy 'cn_core', File 'cn_core.v', Line 1476.
WARNING: [Synth 37-124] [ASSIGN-5]Some bits in 'gen_out_buses_5_6_7_19.in_1_mul_0' are not set. First unset bit index is 0. 
RTL Name 'gen_out_buses_5_6_7_19.in_1_mul_0', Hierarchy 'cn_core', File 'cn_core.v', Line 1488.
WARNING: [Synth 37-124] [ASSIGN-5]Some bits in 'gen_out_buses_5_6_7_19.in_1_mul_1' are not set. First unset bit index is 0. 
RTL Name 'gen_out_buses_5_6_7_19.in_1_mul_1', Hierarchy 'cn_core', File 'cn_core.v', Line 1491.
WARNING: [Synth 37-124] [ASSIGN-5]Some bits in 'gen_out_buses_5_6_7_19.out_min_1' are not set. First unset bit index is 0. 
RTL Name 'gen_out_buses_5_6_7_19.out_min_1', Hierarchy 'cn_core', File 'cn_core.v', Line 1477.
WARNING: [Synth 37-117] [ASSIGN-6] 3 signals within array 'in_cn_proc_10' are not read, switch to verbose mode to see all details. 
RTL Name 'in_cn_proc_10', Hierarchy 'cn_core', File '/home/victor/open_baseband/openasip/custom_units/LDPC/LDPC_decoder/new/cn_core.v', Line 144.
WARNING: [Synth 37-117] [ASSIGN-6] 3 signals within array 'in_cn_proc_3' are not read, switch to verbose mode to see all details. 
RTL Name 'in_cn_proc_3', Hierarchy 'cn_core', File '/home/victor/open_baseband/openasip/custom_units/LDPC/LDPC_decoder/new/cn_core.v', Line 137.
WARNING: [Synth 37-117] [ASSIGN-6] 3 signals within array 'in_cn_proc_4' are not read, switch to verbose mode to see all details. 
RTL Name 'in_cn_proc_4', Hierarchy 'cn_core', File '/home/victor/open_baseband/openasip/custom_units/LDPC/LDPC_decoder/new/cn_core.v', Line 138.
WARNING: [Synth 37-117] [ASSIGN-6] 3 signals within array 'in_cn_proc_5' are not read, switch to verbose mode to see all details. 
RTL Name 'in_cn_proc_5', Hierarchy 'cn_core', File '/home/victor/open_baseband/openasip/custom_units/LDPC/LDPC_decoder/new/cn_core.v', Line 139.
WARNING: [Synth 37-117] [ASSIGN-6] 3 signals within array 'in_cn_proc_6' are not read, switch to verbose mode to see all details. 
RTL Name 'in_cn_proc_6', Hierarchy 'cn_core', File '/home/victor/open_baseband/openasip/custom_units/LDPC/LDPC_decoder/new/cn_core.v', Line 140.
WARNING: [Synth 37-117] [ASSIGN-6] 3 signals within array 'in_cn_proc_7' are not read, switch to verbose mode to see all details. 
RTL Name 'in_cn_proc_7', Hierarchy 'cn_core', File '/home/victor/open_baseband/openasip/custom_units/LDPC/LDPC_decoder/new/cn_core.v', Line 141.
WARNING: [Synth 37-117] [ASSIGN-6] 3 signals within array 'in_cn_proc_8' are not read, switch to verbose mode to see all details. 
RTL Name 'in_cn_proc_8', Hierarchy 'cn_core', File '/home/victor/open_baseband/openasip/custom_units/LDPC/LDPC_decoder/new/cn_core.v', Line 142.
WARNING: [Synth 37-117] [ASSIGN-6] 3 signals within array 'in_cn_proc_9' are not read, switch to verbose mode to see all details. 
RTL Name 'in_cn_proc_9', Hierarchy 'cn_core', File '/home/victor/open_baseband/openasip/custom_units/LDPC/LDPC_decoder/new/cn_core.v', Line 143.
WARNING: [Synth 37-117] [ASSIGN-6] 2 signals within array 'in_cn_proc_19' are not read, switch to verbose mode to see all details. 
RTL Name 'in_cn_proc_19', Hierarchy 'cn_core', File '/home/victor/open_baseband/openasip/custom_units/LDPC/LDPC_decoder/new/cn_core.v', Line 145.
WARNING: [Synth 37-93] [ASSIGN-6]Signal 'gen_cn_buses_19.min_cn_proc_10' was assigned but not read. 
RTL Name 'gen_cn_buses_19.min_cn_proc_10', Hierarchy 'cn_core', File '/home/victor/open_baseband/openasip/custom_units/LDPC/LDPC_decoder/new/cn_core.v', Line 280.
WARNING: [Synth 37-93] [ASSIGN-6]Signal 'gen_cn_buses_19.min_cn_proc_3' was assigned but not read. 
RTL Name 'gen_cn_buses_19.min_cn_proc_3', Hierarchy 'cn_core', File '/home/victor/open_baseband/openasip/custom_units/LDPC/LDPC_decoder/new/cn_core.v', Line 245.
WARNING: [Synth 37-93] [ASSIGN-6]Signal 'gen_cn_buses_19.min_cn_proc_4' was assigned but not read. 
RTL Name 'gen_cn_buses_19.min_cn_proc_4', Hierarchy 'cn_core', File '/home/victor/open_baseband/openasip/custom_units/LDPC/LDPC_decoder/new/cn_core.v', Line 250.
WARNING: [Synth 37-93] [ASSIGN-6]Signal 'gen_cn_buses_19.min_cn_proc_5' was assigned but not read. 
RTL Name 'gen_cn_buses_19.min_cn_proc_5', Hierarchy 'cn_core', File '/home/victor/open_baseband/openasip/custom_units/LDPC/LDPC_decoder/new/cn_core.v', Line 255.
WARNING: [Synth 37-93] [ASSIGN-6]Signal 'gen_cn_buses_19.min_cn_proc_6' was assigned but not read. 
RTL Name 'gen_cn_buses_19.min_cn_proc_6', Hierarchy 'cn_core', File '/home/victor/open_baseband/openasip/custom_units/LDPC/LDPC_decoder/new/cn_core.v', Line 260.
WARNING: [Synth 37-93] [ASSIGN-6]Signal 'gen_cn_buses_19.min_cn_proc_7' was assigned but not read. 
RTL Name 'gen_cn_buses_19.min_cn_proc_7', Hierarchy 'cn_core', File '/home/victor/open_baseband/openasip/custom_units/LDPC/LDPC_decoder/new/cn_core.v', Line 265.
WARNING: [Synth 37-93] [ASSIGN-6]Signal 'gen_cn_buses_19.min_cn_proc_8' was assigned but not read. 
RTL Name 'gen_cn_buses_19.min_cn_proc_8', Hierarchy 'cn_core', File '/home/victor/open_baseband/openasip/custom_units/LDPC/LDPC_decoder/new/cn_core.v', Line 270.
WARNING: [Synth 37-93] [ASSIGN-6]Signal 'gen_cn_buses_19.min_cn_proc_9' was assigned but not read. 
RTL Name 'gen_cn_buses_19.min_cn_proc_9', Hierarchy 'cn_core', File '/home/victor/open_baseband/openasip/custom_units/LDPC/LDPC_decoder/new/cn_core.v', Line 275.
WARNING: [Synth 37-93] [ASSIGN-6]Signal 'gen_cn_buses_19.sgn_mul_cn_proc_10' was assigned but not read. 
RTL Name 'gen_cn_buses_19.sgn_mul_cn_proc_10', Hierarchy 'cn_core', File '/home/victor/open_baseband/openasip/custom_units/LDPC/LDPC_decoder/new/cn_core.v', Line 281.
WARNING: [Synth 37-93] [ASSIGN-6]Signal 'gen_cn_buses_19.sgn_mul_cn_proc_3' was assigned but not read. 
RTL Name 'gen_cn_buses_19.sgn_mul_cn_proc_3', Hierarchy 'cn_core', File '/home/victor/open_baseband/openasip/custom_units/LDPC/LDPC_decoder/new/cn_core.v', Line 246.
WARNING: [Synth 37-93] [ASSIGN-6]Signal 'gen_cn_buses_19.sgn_mul_cn_proc_4' was assigned but not read. 
RTL Name 'gen_cn_buses_19.sgn_mul_cn_proc_4', Hierarchy 'cn_core', File '/home/victor/open_baseband/openasip/custom_units/LDPC/LDPC_decoder/new/cn_core.v', Line 251.
WARNING: [Synth 37-93] [ASSIGN-6]Signal 'gen_cn_buses_19.sgn_mul_cn_proc_5' was assigned but not read. 
RTL Name 'gen_cn_buses_19.sgn_mul_cn_proc_5', Hierarchy 'cn_core', File '/home/victor/open_baseband/openasip/custom_units/LDPC/LDPC_decoder/new/cn_core.v', Line 256.
WARNING: [Synth 37-93] [ASSIGN-6]Signal 'gen_cn_buses_19.sgn_mul_cn_proc_6' was assigned but not read. 
RTL Name 'gen_cn_buses_19.sgn_mul_cn_proc_6', Hierarchy 'cn_core', File '/home/victor/open_baseband/openasip/custom_units/LDPC/LDPC_decoder/new/cn_core.v', Line 261.
WARNING: [Synth 37-93] [ASSIGN-6]Signal 'gen_cn_buses_19.sgn_mul_cn_proc_7' was assigned but not read. 
RTL Name 'gen_cn_buses_19.sgn_mul_cn_proc_7', Hierarchy 'cn_core', File '/home/victor/open_baseband/openasip/custom_units/LDPC/LDPC_decoder/new/cn_core.v', Line 266.
WARNING: [Synth 37-93] [ASSIGN-6]Signal 'gen_cn_buses_19.sgn_mul_cn_proc_8' was assigned but not read. 
RTL Name 'gen_cn_buses_19.sgn_mul_cn_proc_8', Hierarchy 'cn_core', File '/home/victor/open_baseband/openasip/custom_units/LDPC/LDPC_decoder/new/cn_core.v', Line 271.
WARNING: [Synth 37-93] [ASSIGN-6]Signal 'gen_cn_buses_19.sgn_mul_cn_proc_9' was assigned but not read. 
RTL Name 'gen_cn_buses_19.sgn_mul_cn_proc_9', Hierarchy 'cn_core', File '/home/victor/open_baseband/openasip/custom_units/LDPC/LDPC_decoder/new/cn_core.v', Line 276.
WARNING: [Synth 37-93] [ASSIGN-6]Signal 'gen_out_buses_5_6_7_19.in_1_demux_min_30' was assigned but not read. 
RTL Name 'gen_out_buses_5_6_7_19.in_1_demux_min_30', Hierarchy 'cn_core', File '/home/victor/open_baseband/openasip/custom_units/LDPC/LDPC_decoder/new/cn_core.v', Line 1479.
WARNING: [Synth 37-93] [ASSIGN-6]Signal 'gen_out_buses_5_6_7_19.in_1_demux_min_31' was assigned but not read. 
RTL Name 'gen_out_buses_5_6_7_19.in_1_demux_min_31', Hierarchy 'cn_core', File '/home/victor/open_baseband/openasip/custom_units/LDPC/LDPC_decoder/new/cn_core.v', Line 1483.
WARNING: [Synth 37-93] [ASSIGN-6]Signal 'gen_out_buses_5_6_7_19.in_1_demux_mul_30' was assigned but not read. 
RTL Name 'gen_out_buses_5_6_7_19.in_1_demux_mul_30', Hierarchy 'cn_core', File '/home/victor/open_baseband/openasip/custom_units/LDPC/LDPC_decoder/new/cn_core.v', Line 1494.
WARNING: [Synth 37-93] [ASSIGN-6]Signal 'gen_out_buses_5_6_7_19.in_1_demux_mul_31' was assigned but not read. 
RTL Name 'gen_out_buses_5_6_7_19.in_1_demux_mul_31', Hierarchy 'cn_core', File '/home/victor/open_baseband/openasip/custom_units/LDPC/LDPC_decoder/new/cn_core.v', Line 1498.
CRITICAL WARNING: [Synth 37-90] [ASSIGN-7]Multiple assignments detected on array gen_out_buses_5_6_7_19.out_min_0, first multi-driven bit index is 0.
RTL Name 'gen_out_buses_5_6_7_19.out_min_0', Hierarchy 'cn_core', File '/home/victor/open_baseband/openasip/custom_units/LDPC/LDPC_decoder/new/cn_core.v', Line 1474.
INFO: [Synth 37-85] Total of 48 linter message(s) generated.
INFO: [Synth 37-45] Linter Run Finished!
Synthesis Optimization Runtime : Time (s): cpu = 00:00:04 ; elapsed = 00:00:04 . Memory (MB): peak = 13122.027 ; gain = 0.000 ; free physical = 1728 ; free virtual = 10728
INFO: [Common 17-83] Releasing license: Synthesis
31 Infos, 47 Warnings, 1 Critical Warnings and 0 Errors encountered.
synth_design completed successfully
reset_run synth_1
INFO: [Project 1-1161] Replacing file /home/victor/open_baseband/openasip/custom_units/LDPC/LDPC_decoder/new/project_1.srcs/utils_1/imports/synth_1/cn_core.dcp with file /home/victor/open_baseband/openasip/custom_units/LDPC/LDPC_decoder/new/project_1.runs/synth_1/ldpc.dcp
launch_runs synth_1 -jobs 15
[Thu Jun  4 19:14:09 2026] Launched synth_1...
Run output will be captured here: /home/victor/open_baseband/openasip/custom_units/LDPC/LDPC_decoder/new/project_1.runs/synth_1/runme.log
close_design
open_run synth_1 -name synth_1
Design is defaulting to impl run constrset: constrs_1
Design is defaulting to synth run part: xczu7ev-ffvc1156-2-e
INFO: [Project 1-5699] Read binary netlist with skipMacroContent - 1
Netlist sorting complete. Time (s): cpu = 00:00:00 ; elapsed = 00:00:00.01 . Memory (MB): peak = 13122.027 ; gain = 0.000 ; free physical = 2523 ; free virtual = 11084
INFO: [Netlist 29-17] Analyzing 52 Unisim elements for replacement
INFO: [Netlist 29-28] Unisim Transformation completed in 0 CPU seconds
INFO: [Project 1-479] Netlist was created with Vivado 2025.2
INFO: [Project 1-570] Preparing netlist for logic optimization
INFO: [Opt 31-138] Pushed 0 inverter(s) to 0 load pin(s).
Netlist sorting complete. Time (s): cpu = 00:00:00 ; elapsed = 00:00:00 . Memory (MB): peak = 13122.027 ; gain = 0.000 ; free physical = 2534 ; free virtual = 11095
INFO: [Project 1-111] Unisim Transformation Summary:
  A total of 10 instances were transformed.
  IBUF => IBUF (IBUFCTRL, INBUF): 10 instances

open_run: Time (s): cpu = 00:00:14 ; elapsed = 00:00:10 . Memory (MB): peak = 13122.027 ; gain = 0.000 ; free physical = 2470 ; free virtual = 11059
exit
INFO: [Common 17-206] Exiting Vivado at Thu Jun  4 19:36:29 2026...
