#-----------------------------------------------------------
# Vivado v2025.2 (64-bit)
# SW Build 6299465 on Fri Nov 14 12:34:56 MST 2025
# IP Build 6300035 on Fri Nov 14 10:48:45 MST 2025
# SharedData Build 6298862 on Thu Nov 13 04:50:51 MST 2025
# Start of session at: Sun May  3 11:57:06 2026
# Process ID         : 499817
# Current directory  : /home/victor/open_baseband/openasip/custom_units/LDPC/LDPC_decoder/new
# Command line       : vivado
# Log file           : /home/victor/open_baseband/openasip/custom_units/LDPC/LDPC_decoder/new/vivado.log
# Journal file       : /home/victor/open_baseband/openasip/custom_units/LDPC/LDPC_decoder/new/vivado.jou
# Running On         : victor-IdeaPad-Slim-3-15ARP10
# Platform           : Ubuntu
# Operating System   : Ubuntu 24.04.4 LTS
# Processor Detail   : AMD Ryzen 7 7735HS with Radeon Graphics
# CPU Frequency      : 3074.788 MHz
# CPU Physical cores : 8
# CPU Logical cores  : 16
# Host memory        : 14319 MB
# Swap memory        : 7999 MB
# Total Virtual      : 22319 MB
# Available Virtual  : 17151 MB
#-----------------------------------------------------------
start_gui
WARNING: [Board 49-26] cannot add Board Part xilinx.com:kc705:part0:1.6 available at /opt/Xilinx/2025.2/data/xhub/boards/XilinxBoardStore/boards/Xilinx/kc705/1.6/board.xml as part xc7k325tffg900-2 specified in board_part file is either invalid or not available
WARNING: [Board 49-26] cannot add Board Part xilinx.com:kc705:part0:1.7 available at /opt/Xilinx/2025.2/data/xhub/boards/XilinxBoardStore/boards/Xilinx/kc705/1.7/board.xml as part xc7k325tffg900-2 specified in board_part file is either invalid or not available
WARNING: [Board 49-26] cannot add Board Part xilinx.com:kcu105:part0:1.6 available at /opt/Xilinx/2025.2/data/xhub/boards/XilinxBoardStore/boards/Xilinx/kcu105/1.6/board.xml as part xcku040-ffva1156-2-e specified in board_part file is either invalid or not available
WARNING: [Board 49-26] cannot add Board Part xilinx.com:kcu105:part0:1.7 available at /opt/Xilinx/2025.2/data/xhub/boards/XilinxBoardStore/boards/Xilinx/kcu105/1.7/board.xml as part xcku040-ffva1156-2-e specified in board_part file is either invalid or not available
WARNING: [Board 49-26] cannot add Board Part xilinx.com:vc707:part0:1.4 available at /opt/Xilinx/2025.2/data/xhub/boards/XilinxBoardStore/boards/Xilinx/vc707/1.4/board.xml as part xc7vx485tffg1761-2 specified in board_part file is either invalid or not available
WARNING: [Board 49-26] cannot add Board Part xilinx.com:vc707:part0:1.5 available at /opt/Xilinx/2025.2/data/xhub/boards/XilinxBoardStore/boards/Xilinx/vc707/1.5/board.xml as part xc7vx485tffg1761-2 specified in board_part file is either invalid or not available
WARNING: [Board 49-26] cannot add Board Part xilinx.com:vc709:part0:1.8 available at /opt/Xilinx/2025.2/data/xhub/boards/XilinxBoardStore/boards/Xilinx/vc709/1.8/board.xml as part xc7vx690tffg1761-2 specified in board_part file is either invalid or not available
WARNING: [Board 49-26] cannot add Board Part xilinx.com:vcu108:part0:1.6 available at /opt/Xilinx/2025.2/data/xhub/boards/XilinxBoardStore/boards/Xilinx/vcu108/1.6/board.xml as part xcvu095-ffva2104-2-e specified in board_part file is either invalid or not available
WARNING: [Board 49-26] cannot add Board Part xilinx.com:vcu108:part0:1.7 available at /opt/Xilinx/2025.2/data/xhub/boards/XilinxBoardStore/boards/Xilinx/vcu108/1.7/board.xml as part xcvu095-ffva2104-2-e specified in board_part file is either invalid or not available
WARNING: [Board 49-26] cannot add Board Part xilinx.com:vcu110:part0:1.4 available at /opt/Xilinx/2025.2/data/xhub/boards/XilinxBoardStore/boards/Xilinx/vcu110/1.4/board.xml as part xcvu190-flgc2104-2-e specified in board_part file is either invalid or not available
WARNING: [Board 49-26] cannot add Board Part xilinx.com:vcu129:part0:1.0 available at /opt/Xilinx/2025.2/data/xhub/boards/XilinxBoardStore/boards/Xilinx/vcu129/production/1.0/board.xml as part xcvu29p-fsga2577-2l-e specified in board_part file is either invalid or not available
WARNING: [Board 49-26] cannot add Board Part xilinx.com:vek280:part0:1.0 available at /opt/Xilinx/2025.2/data/xhub/boards/XilinxBoardStore/boards/Xilinx/vek280/production/1.0/board.xml as part xcve2802-vsvh1760-2mp-e-s specified in board_part file is either invalid or not available
WARNING: [Board 49-26] cannot add Board Part xilinx.com:vek280:part0:1.1 available at /opt/Xilinx/2025.2/data/xhub/boards/XilinxBoardStore/boards/Xilinx/vek280/production/1.1/board.xml as part xcve2802-vsvh1760-2mp-e-s specified in board_part file is either invalid or not available
WARNING: [Board 49-26] cannot add Board Part xilinx.com:vek280:part0:1.2 available at /opt/Xilinx/2025.2/data/xhub/boards/XilinxBoardStore/boards/Xilinx/vek280/production/1.2/board.xml as part xcve2802-vsvh1760-2mp-e-s specified in board_part file is either invalid or not available
WARNING: [Board 49-26] cannot add Board Part xilinx.com:vek385:part0:1.0 available at /opt/Xilinx/2025.2/data/xhub/boards/XilinxBoardStore/boards/Xilinx/vek385/1.0/board.xml as part xc2ve3858-ssva2112-2mp-e-s specified in board_part file is either invalid or not available
WARNING: [Board 49-26] cannot add Board Part xilinx.com:vek385:part0:1.1 available at /opt/Xilinx/2025.2/data/xhub/boards/XilinxBoardStore/boards/Xilinx/vek385/1.1/board.xml as part xc2ve3858-ssva2112-2mp-e-s specified in board_part file is either invalid or not available
WARNING: [Board 49-26] cannot add Board Part xilinx.com:vek385_1:part0:1.0 available at /opt/Xilinx/2025.2/data/xhub/boards/XilinxBoardStore/boards/Xilinx/vek385_2/1.0/board.xml as part xc2ve3858-ssva2112-2mp-e-s specified in board_part file is either invalid or not available
WARNING: [Board 49-26] cannot add Board Part xilinx.com:vermeo_t1_rfsoc:part0:1.0 available at /opt/Xilinx/2025.2/data/xhub/boards/XilinxBoardStore/boards/Xilinx/vermeo_t1_rfsoc/1.0/board.xml as part xczu21dr-ffvd1156-2l-e specified in board_part file is either invalid or not available
WARNING: [Board 49-26] cannot add Board Part xilinx.com:vhk158:part0:1.0 available at /opt/Xilinx/2025.2/data/xhub/boards/XilinxBoardStore/boards/Xilinx/vhk158/production/1.0/board.xml as part xcvh1582-vsva3697-2mp-e-s specified in board_part file is either invalid or not available
WARNING: [Board 49-26] cannot add Board Part xilinx.com:vhk158:part0:1.1 available at /opt/Xilinx/2025.2/data/xhub/boards/XilinxBoardStore/boards/Xilinx/vhk158/production/1.1/board.xml as part xcvh1582-vsva3697-2mp-e-s specified in board_part file is either invalid or not available
WARNING: [Board 49-26] cannot add Board Part xilinx.com:vhk158:part0:1.2 available at /opt/Xilinx/2025.2/data/xhub/boards/XilinxBoardStore/boards/Xilinx/vhk158/production/1.2/board.xml as part xcvh1582-vsva3697-2mp-e-s specified in board_part file is either invalid or not available
WARNING: [Board 49-26] cannot add Board Part xilinx.com:vpk180:part0:1.0 available at /opt/Xilinx/2025.2/data/xhub/boards/XilinxBoardStore/boards/Xilinx/vpk180/production/1.0/board.xml as part xcvp1802-lsvc4072-2mp-e-s specified in board_part file is either invalid or not available
WARNING: [Board 49-26] cannot add Board Part xilinx.com:vpk180:part0:1.1 available at /opt/Xilinx/2025.2/data/xhub/boards/XilinxBoardStore/boards/Xilinx/vpk180/production/1.1/board.xml as part xcvp1802-lsvc4072-2mp-e-s specified in board_part file is either invalid or not available
WARNING: [Board 49-26] cannot add Board Part xilinx.com:vpk180:part0:1.2 available at /opt/Xilinx/2025.2/data/xhub/boards/XilinxBoardStore/boards/Xilinx/vpk180/production/1.2/board.xml as part xcvp1802-lsvc4072-2mp-e-s specified in board_part file is either invalid or not available
WARNING: [Board 49-26] cannot add Board Part xilinx.com:vrk160:part0:1.0 available at /opt/Xilinx/2025.2/data/xhub/boards/XilinxBoardStore/boards/Xilinx/vrk160/1.0/board.xml as part xcvr1602-vsva2488-2mp-e-s-es1 specified in board_part file is either invalid or not available
WARNING: [Board 49-26] cannot add Board Part xilinx.com:vrk160:part0:1.1 available at /opt/Xilinx/2025.2/data/xhub/boards/XilinxBoardStore/boards/Xilinx/vrk160/1.1/board.xml as part xcvr1602-vsva2488-2mp-e-s-es1 specified in board_part file is either invalid or not available
WARNING: [Board 49-26] cannot add Board Part xilinx.com:zcu111:part0:1.2 available at /opt/Xilinx/2025.2/data/xhub/boards/XilinxBoardStore/boards/Xilinx/zcu111/1.2/board.xml as part xczu28dr-ffvg1517-2-e specified in board_part file is either invalid or not available
WARNING: [Board 49-26] cannot add Board Part xilinx.com:zcu111:part0:1.3 available at /opt/Xilinx/2025.2/data/xhub/boards/XilinxBoardStore/boards/Xilinx/zcu111/1.3/board.xml as part xczu28dr-ffvg1517-2-e specified in board_part file is either invalid or not available
WARNING: [Board 49-26] cannot add Board Part xilinx.com:zcu111:part0:1.4 available at /opt/Xilinx/2025.2/data/xhub/boards/XilinxBoardStore/boards/Xilinx/zcu111/1.4/board.xml as part xczu28dr-ffvg1517-2-e specified in board_part file is either invalid or not available
WARNING: [Board 49-26] cannot add Board Part xilinx.com:zcu1275:part0:1.0 available at /opt/Xilinx/2025.2/data/xhub/boards/XilinxBoardStore/boards/Xilinx/zcu1275/1.0/board.xml as part xczu29dr-ffvf1760-2-e specified in board_part file is either invalid or not available
WARNING: [Board 49-26] cannot add Board Part xilinx.com:zcu1285:part0:1.0 available at /opt/Xilinx/2025.2/data/xhub/boards/XilinxBoardStore/boards/Xilinx/zcu1285/1.0/board.xml as part xczu39dr-ffvf1760-2-i specified in board_part file is either invalid or not available
WARNING: [Board 49-26] cannot add Board Part xilinx.com:zcu208:part0:2.0 available at /opt/Xilinx/2025.2/data/xhub/boards/XilinxBoardStore/boards/Xilinx/zcu208/production/2.0/board.xml as part xczu48dr-fsvg1517-2-e specified in board_part file is either invalid or not available
WARNING: [Board 49-26] cannot add Board Part xilinx.com:zcu208ld:part0:2.0 available at /opt/Xilinx/2025.2/data/xhub/boards/XilinxBoardStore/boards/Xilinx/zcu208ld/production/2.0/board.xml as part xczu58dr-fsvg1517-2-i specified in board_part file is either invalid or not available
WARNING: [Board 49-26] cannot add Board Part xilinx.com:zcu216:part0:2.0 available at /opt/Xilinx/2025.2/data/xhub/boards/XilinxBoardStore/boards/Xilinx/zcu216/production/2.0/board.xml as part xczu49dr-ffvf1760-2-e specified in board_part file is either invalid or not available
WARNING: [Board 49-26] cannot add Board Part xilinx.com:zcu216ld:part0:2.0 available at /opt/Xilinx/2025.2/data/xhub/boards/XilinxBoardStore/boards/Xilinx/zcu216ld/production/2.0/board.xml as part xczu59dr-ffvf1760-2-i specified in board_part file is either invalid or not available
WARNING: [Board 49-26] cannot add Board Part xilinx.com:zcu670:part0:2.0 available at /opt/Xilinx/2025.2/data/xhub/boards/XilinxBoardStore/boards/Xilinx/zcu670/2.0/board.xml as part xczu67dr-fsve1156-2-i specified in board_part file is either invalid or not available
WARNING: [Board 49-26] cannot add Board Part xilinx.com:zcu670ld:part0:1.0 available at /opt/Xilinx/2025.2/data/xhub/boards/XilinxBoardStore/boards/Xilinx/zcu670ld/1.0/board.xml as part xczu57dr-fsve1156-2-i specified in board_part file is either invalid or not available
WARNING: [Board 49-26] cannot add Board Part xilinx.com:kc705:part0:1.6 available at /opt/Xilinx/2025.2/data/xhub/boards/XilinxBoardStore/boards/Xilinx/kc705/1.6/board.xml as part xc7k325tffg900-2 specified in board_part file is either invalid or not available
WARNING: [Board 49-26] cannot add Board Part xilinx.com:kc705:part0:1.7 available at /opt/Xilinx/2025.2/data/xhub/boards/XilinxBoardStore/boards/Xilinx/kc705/1.7/board.xml as part xc7k325tffg900-2 specified in board_part file is either invalid or not available
WARNING: [Board 49-26] cannot add Board Part xilinx.com:kcu105:part0:1.6 available at /opt/Xilinx/2025.2/data/xhub/boards/XilinxBoardStore/boards/Xilinx/kcu105/1.6/board.xml as part xcku040-ffva1156-2-e specified in board_part file is either invalid or not available
WARNING: [Board 49-26] cannot add Board Part xilinx.com:kcu105:part0:1.7 available at /opt/Xilinx/2025.2/data/xhub/boards/XilinxBoardStore/boards/Xilinx/kcu105/1.7/board.xml as part xcku040-ffva1156-2-e specified in board_part file is either invalid or not available
WARNING: [Board 49-26] cannot add Board Part xilinx.com:vc707:part0:1.4 available at /opt/Xilinx/2025.2/data/xhub/boards/XilinxBoardStore/boards/Xilinx/vc707/1.4/board.xml as part xc7vx485tffg1761-2 specified in board_part file is either invalid or not available
WARNING: [Board 49-26] cannot add Board Part xilinx.com:vc707:part0:1.5 available at /opt/Xilinx/2025.2/data/xhub/boards/XilinxBoardStore/boards/Xilinx/vc707/1.5/board.xml as part xc7vx485tffg1761-2 specified in board_part file is either invalid or not available
WARNING: [Board 49-26] cannot add Board Part xilinx.com:vc709:part0:1.8 available at /opt/Xilinx/2025.2/data/xhub/boards/XilinxBoardStore/boards/Xilinx/vc709/1.8/board.xml as part xc7vx690tffg1761-2 specified in board_part file is either invalid or not available
WARNING: [Board 49-26] cannot add Board Part xilinx.com:vcu108:part0:1.6 available at /opt/Xilinx/2025.2/data/xhub/boards/XilinxBoardStore/boards/Xilinx/vcu108/1.6/board.xml as part xcvu095-ffva2104-2-e specified in board_part file is either invalid or not available
WARNING: [Board 49-26] cannot add Board Part xilinx.com:vcu108:part0:1.7 available at /opt/Xilinx/2025.2/data/xhub/boards/XilinxBoardStore/boards/Xilinx/vcu108/1.7/board.xml as part xcvu095-ffva2104-2-e specified in board_part file is either invalid or not available
WARNING: [Board 49-26] cannot add Board Part xilinx.com:vcu110:part0:1.4 available at /opt/Xilinx/2025.2/data/xhub/boards/XilinxBoardStore/boards/Xilinx/vcu110/1.4/board.xml as part xcvu190-flgc2104-2-e specified in board_part file is either invalid or not available
WARNING: [Board 49-26] cannot add Board Part xilinx.com:vcu129:part0:1.0 available at /opt/Xilinx/2025.2/data/xhub/boards/XilinxBoardStore/boards/Xilinx/vcu129/production/1.0/board.xml as part xcvu29p-fsga2577-2l-e specified in board_part file is either invalid or not available
WARNING: [Board 49-26] cannot add Board Part xilinx.com:vek280:part0:1.0 available at /opt/Xilinx/2025.2/data/xhub/boards/XilinxBoardStore/boards/Xilinx/vek280/production/1.0/board.xml as part xcve2802-vsvh1760-2mp-e-s specified in board_part file is either invalid or not available
WARNING: [Board 49-26] cannot add Board Part xilinx.com:vek280:part0:1.1 available at /opt/Xilinx/2025.2/data/xhub/boards/XilinxBoardStore/boards/Xilinx/vek280/production/1.1/board.xml as part xcve2802-vsvh1760-2mp-e-s specified in board_part file is either invalid or not available
WARNING: [Board 49-26] cannot add Board Part xilinx.com:vek280:part0:1.2 available at /opt/Xilinx/2025.2/data/xhub/boards/XilinxBoardStore/boards/Xilinx/vek280/production/1.2/board.xml as part xcve2802-vsvh1760-2mp-e-s specified in board_part file is either invalid or not available
WARNING: [Board 49-26] cannot add Board Part xilinx.com:vek385:part0:1.0 available at /opt/Xilinx/2025.2/data/xhub/boards/XilinxBoardStore/boards/Xilinx/vek385/1.0/board.xml as part xc2ve3858-ssva2112-2mp-e-s specified in board_part file is either invalid or not available
WARNING: [Board 49-26] cannot add Board Part xilinx.com:vek385:part0:1.1 available at /opt/Xilinx/2025.2/data/xhub/boards/XilinxBoardStore/boards/Xilinx/vek385/1.1/board.xml as part xc2ve3858-ssva2112-2mp-e-s specified in board_part file is either invalid or not available
WARNING: [Board 49-26] cannot add Board Part xilinx.com:vek385_1:part0:1.0 available at /opt/Xilinx/2025.2/data/xhub/boards/XilinxBoardStore/boards/Xilinx/vek385_2/1.0/board.xml as part xc2ve3858-ssva2112-2mp-e-s specified in board_part file is either invalid or not available
WARNING: [Board 49-26] cannot add Board Part xilinx.com:vermeo_t1_rfsoc:part0:1.0 available at /opt/Xilinx/2025.2/data/xhub/boards/XilinxBoardStore/boards/Xilinx/vermeo_t1_rfsoc/1.0/board.xml as part xczu21dr-ffvd1156-2l-e specified in board_part file is either invalid or not available
WARNING: [Board 49-26] cannot add Board Part xilinx.com:vhk158:part0:1.0 available at /opt/Xilinx/2025.2/data/xhub/boards/XilinxBoardStore/boards/Xilinx/vhk158/production/1.0/board.xml as part xcvh1582-vsva3697-2mp-e-s specified in board_part file is either invalid or not available
WARNING: [Board 49-26] cannot add Board Part xilinx.com:vhk158:part0:1.1 available at /opt/Xilinx/2025.2/data/xhub/boards/XilinxBoardStore/boards/Xilinx/vhk158/production/1.1/board.xml as part xcvh1582-vsva3697-2mp-e-s specified in board_part file is either invalid or not available
WARNING: [Board 49-26] cannot add Board Part xilinx.com:vhk158:part0:1.2 available at /opt/Xilinx/2025.2/data/xhub/boards/XilinxBoardStore/boards/Xilinx/vhk158/production/1.2/board.xml as part xcvh1582-vsva3697-2mp-e-s specified in board_part file is either invalid or not available
WARNING: [Board 49-26] cannot add Board Part xilinx.com:vpk180:part0:1.0 available at /opt/Xilinx/2025.2/data/xhub/boards/XilinxBoardStore/boards/Xilinx/vpk180/production/1.0/board.xml as part xcvp1802-lsvc4072-2mp-e-s specified in board_part file is either invalid or not available
WARNING: [Board 49-26] cannot add Board Part xilinx.com:vpk180:part0:1.1 available at /opt/Xilinx/2025.2/data/xhub/boards/XilinxBoardStore/boards/Xilinx/vpk180/production/1.1/board.xml as part xcvp1802-lsvc4072-2mp-e-s specified in board_part file is either invalid or not available
WARNING: [Board 49-26] cannot add Board Part xilinx.com:vpk180:part0:1.2 available at /opt/Xilinx/2025.2/data/xhub/boards/XilinxBoardStore/boards/Xilinx/vpk180/production/1.2/board.xml as part xcvp1802-lsvc4072-2mp-e-s specified in board_part file is either invalid or not available
WARNING: [Board 49-26] cannot add Board Part xilinx.com:vrk160:part0:1.0 available at /opt/Xilinx/2025.2/data/xhub/boards/XilinxBoardStore/boards/Xilinx/vrk160/1.0/board.xml as part xcvr1602-vsva2488-2mp-e-s-es1 specified in board_part file is either invalid or not available
WARNING: [Board 49-26] cannot add Board Part xilinx.com:vrk160:part0:1.1 available at /opt/Xilinx/2025.2/data/xhub/boards/XilinxBoardStore/boards/Xilinx/vrk160/1.1/board.xml as part xcvr1602-vsva2488-2mp-e-s-es1 specified in board_part file is either invalid or not available
WARNING: [Board 49-26] cannot add Board Part xilinx.com:zcu111:part0:1.2 available at /opt/Xilinx/2025.2/data/xhub/boards/XilinxBoardStore/boards/Xilinx/zcu111/1.2/board.xml as part xczu28dr-ffvg1517-2-e specified in board_part file is either invalid or not available
WARNING: [Board 49-26] cannot add Board Part xilinx.com:zcu111:part0:1.3 available at /opt/Xilinx/2025.2/data/xhub/boards/XilinxBoardStore/boards/Xilinx/zcu111/1.3/board.xml as part xczu28dr-ffvg1517-2-e specified in board_part file is either invalid or not available
WARNING: [Board 49-26] cannot add Board Part xilinx.com:zcu111:part0:1.4 available at /opt/Xilinx/2025.2/data/xhub/boards/XilinxBoardStore/boards/Xilinx/zcu111/1.4/board.xml as part xczu28dr-ffvg1517-2-e specified in board_part file is either invalid or not available
WARNING: [Board 49-26] cannot add Board Part xilinx.com:zcu1275:part0:1.0 available at /opt/Xilinx/2025.2/data/xhub/boards/XilinxBoardStore/boards/Xilinx/zcu1275/1.0/board.xml as part xczu29dr-ffvf1760-2-e specified in board_part file is either invalid or not available
WARNING: [Board 49-26] cannot add Board Part xilinx.com:zcu1285:part0:1.0 available at /opt/Xilinx/2025.2/data/xhub/boards/XilinxBoardStore/boards/Xilinx/zcu1285/1.0/board.xml as part xczu39dr-ffvf1760-2-i specified in board_part file is either invalid or not available
WARNING: [Board 49-26] cannot add Board Part xilinx.com:zcu208:part0:2.0 available at /opt/Xilinx/2025.2/data/xhub/boards/XilinxBoardStore/boards/Xilinx/zcu208/production/2.0/board.xml as part xczu48dr-fsvg1517-2-e specified in board_part file is either invalid or not available
WARNING: [Board 49-26] cannot add Board Part xilinx.com:zcu208ld:part0:2.0 available at /opt/Xilinx/2025.2/data/xhub/boards/XilinxBoardStore/boards/Xilinx/zcu208ld/production/2.0/board.xml as part xczu58dr-fsvg1517-2-i specified in board_part file is either invalid or not available
WARNING: [Board 49-26] cannot add Board Part xilinx.com:zcu216:part0:2.0 available at /opt/Xilinx/2025.2/data/xhub/boards/XilinxBoardStore/boards/Xilinx/zcu216/production/2.0/board.xml as part xczu49dr-ffvf1760-2-e specified in board_part file is either invalid or not available
WARNING: [Board 49-26] cannot add Board Part xilinx.com:zcu216ld:part0:2.0 available at /opt/Xilinx/2025.2/data/xhub/boards/XilinxBoardStore/boards/Xilinx/zcu216ld/production/2.0/board.xml as part xczu59dr-ffvf1760-2-i specified in board_part file is either invalid or not available
WARNING: [Board 49-26] cannot add Board Part xilinx.com:zcu670:part0:2.0 available at /opt/Xilinx/2025.2/data/xhub/boards/XilinxBoardStore/boards/Xilinx/zcu670/2.0/board.xml as part xczu67dr-fsve1156-2-i specified in board_part file is either invalid or not available
WARNING: [Board 49-26] cannot add Board Part xilinx.com:zcu670ld:part0:1.0 available at /opt/Xilinx/2025.2/data/xhub/boards/XilinxBoardStore/boards/Xilinx/zcu670ld/1.0/board.xml as part xczu57dr-fsve1156-2-i specified in board_part file is either invalid or not available
WARNING: [Board 49-26] cannot add Board Part xilinx.com:kc705:part0:1.6 available at /opt/Xilinx/2025.2/data/xhub/boards/XilinxBoardStore/boards/Xilinx/kc705/1.6/board.xml as part xc7k325tffg900-2 specified in board_part file is either invalid or not available
WARNING: [Board 49-26] cannot add Board Part xilinx.com:kc705:part0:1.7 available at /opt/Xilinx/2025.2/data/xhub/boards/XilinxBoardStore/boards/Xilinx/kc705/1.7/board.xml as part xc7k325tffg900-2 specified in board_part file is either invalid or not available
WARNING: [Board 49-26] cannot add Board Part xilinx.com:kcu105:part0:1.6 available at /opt/Xilinx/2025.2/data/xhub/boards/XilinxBoardStore/boards/Xilinx/kcu105/1.6/board.xml as part xcku040-ffva1156-2-e specified in board_part file is either invalid or not available
WARNING: [Board 49-26] cannot add Board Part xilinx.com:kcu105:part0:1.7 available at /opt/Xilinx/2025.2/data/xhub/boards/XilinxBoardStore/boards/Xilinx/kcu105/1.7/board.xml as part xcku040-ffva1156-2-e specified in board_part file is either invalid or not available
WARNING: [Board 49-26] cannot add Board Part xilinx.com:vc707:part0:1.4 available at /opt/Xilinx/2025.2/data/xhub/boards/XilinxBoardStore/boards/Xilinx/vc707/1.4/board.xml as part xc7vx485tffg1761-2 specified in board_part file is either invalid or not available
WARNING: [Board 49-26] cannot add Board Part xilinx.com:vc707:part0:1.5 available at /opt/Xilinx/2025.2/data/xhub/boards/XilinxBoardStore/boards/Xilinx/vc707/1.5/board.xml as part xc7vx485tffg1761-2 specified in board_part file is either invalid or not available
WARNING: [Board 49-26] cannot add Board Part xilinx.com:vc709:part0:1.8 available at /opt/Xilinx/2025.2/data/xhub/boards/XilinxBoardStore/boards/Xilinx/vc709/1.8/board.xml as part xc7vx690tffg1761-2 specified in board_part file is either invalid or not available
WARNING: [Board 49-26] cannot add Board Part xilinx.com:vcu108:part0:1.6 available at /opt/Xilinx/2025.2/data/xhub/boards/XilinxBoardStore/boards/Xilinx/vcu108/1.6/board.xml as part xcvu095-ffva2104-2-e specified in board_part file is either invalid or not available
WARNING: [Board 49-26] cannot add Board Part xilinx.com:vcu108:part0:1.7 available at /opt/Xilinx/2025.2/data/xhub/boards/XilinxBoardStore/boards/Xilinx/vcu108/1.7/board.xml as part xcvu095-ffva2104-2-e specified in board_part file is either invalid or not available
WARNING: [Board 49-26] cannot add Board Part xilinx.com:vcu110:part0:1.4 available at /opt/Xilinx/2025.2/data/xhub/boards/XilinxBoardStore/boards/Xilinx/vcu110/1.4/board.xml as part xcvu190-flgc2104-2-e specified in board_part file is either invalid or not available
WARNING: [Board 49-26] cannot add Board Part xilinx.com:vcu129:part0:1.0 available at /opt/Xilinx/2025.2/data/xhub/boards/XilinxBoardStore/boards/Xilinx/vcu129/production/1.0/board.xml as part xcvu29p-fsga2577-2l-e specified in board_part file is either invalid or not available
WARNING: [Board 49-26] cannot add Board Part xilinx.com:vek280:part0:1.0 available at /opt/Xilinx/2025.2/data/xhub/boards/XilinxBoardStore/boards/Xilinx/vek280/production/1.0/board.xml as part xcve2802-vsvh1760-2mp-e-s specified in board_part file is either invalid or not available
WARNING: [Board 49-26] cannot add Board Part xilinx.com:vek280:part0:1.1 available at /opt/Xilinx/2025.2/data/xhub/boards/XilinxBoardStore/boards/Xilinx/vek280/production/1.1/board.xml as part xcve2802-vsvh1760-2mp-e-s specified in board_part file is either invalid or not available
WARNING: [Board 49-26] cannot add Board Part xilinx.com:vek280:part0:1.2 available at /opt/Xilinx/2025.2/data/xhub/boards/XilinxBoardStore/boards/Xilinx/vek280/production/1.2/board.xml as part xcve2802-vsvh1760-2mp-e-s specified in board_part file is either invalid or not available
WARNING: [Board 49-26] cannot add Board Part xilinx.com:vek385:part0:1.0 available at /opt/Xilinx/2025.2/data/xhub/boards/XilinxBoardStore/boards/Xilinx/vek385/1.0/board.xml as part xc2ve3858-ssva2112-2mp-e-s specified in board_part file is either invalid or not available
WARNING: [Board 49-26] cannot add Board Part xilinx.com:vek385:part0:1.1 available at /opt/Xilinx/2025.2/data/xhub/boards/XilinxBoardStore/boards/Xilinx/vek385/1.1/board.xml as part xc2ve3858-ssva2112-2mp-e-s specified in board_part file is either invalid or not available
WARNING: [Board 49-26] cannot add Board Part xilinx.com:vek385_1:part0:1.0 available at /opt/Xilinx/2025.2/data/xhub/boards/XilinxBoardStore/boards/Xilinx/vek385_2/1.0/board.xml as part xc2ve3858-ssva2112-2mp-e-s specified in board_part file is either invalid or not available
WARNING: [Board 49-26] cannot add Board Part xilinx.com:vermeo_t1_rfsoc:part0:1.0 available at /opt/Xilinx/2025.2/data/xhub/boards/XilinxBoardStore/boards/Xilinx/vermeo_t1_rfsoc/1.0/board.xml as part xczu21dr-ffvd1156-2l-e specified in board_part file is either invalid or not available
WARNING: [Board 49-26] cannot add Board Part xilinx.com:vhk158:part0:1.0 available at /opt/Xilinx/2025.2/data/xhub/boards/XilinxBoardStore/boards/Xilinx/vhk158/production/1.0/board.xml as part xcvh1582-vsva3697-2mp-e-s specified in board_part file is either invalid or not available
WARNING: [Board 49-26] cannot add Board Part xilinx.com:vhk158:part0:1.1 available at /opt/Xilinx/2025.2/data/xhub/boards/XilinxBoardStore/boards/Xilinx/vhk158/production/1.1/board.xml as part xcvh1582-vsva3697-2mp-e-s specified in board_part file is either invalid or not available
WARNING: [Board 49-26] cannot add Board Part xilinx.com:vhk158:part0:1.2 available at /opt/Xilinx/2025.2/data/xhub/boards/XilinxBoardStore/boards/Xilinx/vhk158/production/1.2/board.xml as part xcvh1582-vsva3697-2mp-e-s specified in board_part file is either invalid or not available
WARNING: [Board 49-26] cannot add Board Part xilinx.com:vpk180:part0:1.0 available at /opt/Xilinx/2025.2/data/xhub/boards/XilinxBoardStore/boards/Xilinx/vpk180/production/1.0/board.xml as part xcvp1802-lsvc4072-2mp-e-s specified in board_part file is either invalid or not available
WARNING: [Board 49-26] cannot add Board Part xilinx.com:vpk180:part0:1.1 available at /opt/Xilinx/2025.2/data/xhub/boards/XilinxBoardStore/boards/Xilinx/vpk180/production/1.1/board.xml as part xcvp1802-lsvc4072-2mp-e-s specified in board_part file is either invalid or not available
WARNING: [Board 49-26] cannot add Board Part xilinx.com:vpk180:part0:1.2 available at /opt/Xilinx/2025.2/data/xhub/boards/XilinxBoardStore/boards/Xilinx/vpk180/production/1.2/board.xml as part xcvp1802-lsvc4072-2mp-e-s specified in board_part file is either invalid or not available
WARNING: [Board 49-26] cannot add Board Part xilinx.com:vrk160:part0:1.0 available at /opt/Xilinx/2025.2/data/xhub/boards/XilinxBoardStore/boards/Xilinx/vrk160/1.0/board.xml as part xcvr1602-vsva2488-2mp-e-s-es1 specified in board_part file is either invalid or not available
WARNING: [Board 49-26] cannot add Board Part xilinx.com:vrk160:part0:1.1 available at /opt/Xilinx/2025.2/data/xhub/boards/XilinxBoardStore/boards/Xilinx/vrk160/1.1/board.xml as part xcvr1602-vsva2488-2mp-e-s-es1 specified in board_part file is either invalid or not available
INFO: [Common 17-14] Message 'Board 49-26' appears 100 times and further instances of the messages will be disabled. Use the Tcl command set_msg_config to change the current settings.
Gtk-Message: 11:57:56.317: Not loading module "atk-bridge": The functionality is provided by GTK natively. Please try to not load it.
create_project project_1 . -part xczu7ev-ffvc1156-2-e
INFO: [IP_Flow 19-234] Refreshing IP repositories
INFO: [IP_Flow 19-1704] No user IP repositories specified
INFO: [IP_Flow 19-2313] Loaded Vivado IP repository '/opt/Xilinx/2025.2/data/ip'.
set_property board_part xilinx.com:zcu106:part0:2.6 [current_project]
add_files -scan_for_includes {/home/victor/open_baseband/openasip/custom_units/LDPC/LDPC_decoder/new/mux_1x9.v /home/victor/open_baseband/openasip/custom_units/LDPC/LDPC_decoder/new/cn_core.v /home/victor/open_baseband/openasip/custom_units/LDPC/LDPC_decoder/new/cn_proc.v}
INFO: [filemgmt 56-200] Setting project included file '/home/victor/open_baseband/openasip/custom_units/LDPC/LDPC_decoder/new/cn_proc.v' to type 'Verilog Header'.
import_files {/home/victor/open_baseband/openasip/custom_units/LDPC/LDPC_decoder/new/mux_1x9.v /home/victor/open_baseband/openasip/custom_units/LDPC/LDPC_decoder/new/cn_core.v /home/victor/open_baseband/openasip/custom_units/LDPC/LDPC_decoder/new/cn_proc.v}
update_compile_order -fileset sources_1
synth_design -top cn_core -part xczu7ev-ffvc1156-2-e -lint 
Command: synth_design -top cn_core -part xczu7ev-ffvc1156-2-e -lint
Starting synth_design
Attempting to get a license for feature 'Synthesis' and/or device 'xczu7ev'
INFO: [Common 17-349] Got license for feature 'Synthesis' and/or device 'xczu7ev'
INFO: [Synth 8-7079] Multithreading enabled for synth_design using a maximum of 7 processes.
INFO: [Synth 8-7078] Launching helper process for spawning children vivado processes
INFO: [Synth 8-7075] Helper process launched with PID 500526
---------------------------------------------------------------------------------
Starting Synthesize : Time (s): cpu = 00:00:04 ; elapsed = 00:00:03 . Memory (MB): peak = 10658.730 ; gain = 446.648 ; free physical = 2895 ; free virtual = 14459
---------------------------------------------------------------------------------
Clean up Linter database...
ERROR: [Synth 8-35] 'MAX_LEVEL_CN_PROC_AGGREGATION' is not a constant [/home/victor/open_baseband/openasip/custom_units/LDPC/LDPC_decoder/new/project_1.srcs/sources_1/imports/new/cn_core.v:96]
ERROR: [Synth 8-35] 'MAX_LEVEL_CN_PROC_AGGREGATION' is not a constant [/home/victor/open_baseband/openasip/custom_units/LDPC/LDPC_decoder/new/project_1.srcs/sources_1/imports/new/cn_core.v:105]
ERROR: [Synth 8-35] 'MAX_LEVEL_CN_PROC_AGGREGATION' is not a constant [/home/victor/open_baseband/openasip/custom_units/LDPC/LDPC_decoder/new/project_1.srcs/sources_1/imports/new/cn_core.v:116]
ERROR: [Synth 8-35] 'MAX_LEVEL_CN_PROC_AGGREGATION' is not a constant [/home/victor/open_baseband/openasip/custom_units/LDPC/LDPC_decoder/new/project_1.srcs/sources_1/imports/new/cn_core.v:129]
ERROR: [Synth 8-35] 'MAX_LEVEL_CN_PROC_AGGREGATION' is not a constant [/home/victor/open_baseband/openasip/custom_units/LDPC/LDPC_decoder/new/project_1.srcs/sources_1/imports/new/cn_core.v:144]
ERROR: [Synth 8-35] 'sel_mux_cn_proc_3' is not a constant [/home/victor/open_baseband/openasip/custom_units/LDPC/LDPC_decoder/new/project_1.srcs/sources_1/imports/new/cn_core.v:175]
ERROR: [Synth 8-35] 'sel_mux_cn_proc_4' is not a constant [/home/victor/open_baseband/openasip/custom_units/LDPC/LDPC_decoder/new/project_1.srcs/sources_1/imports/new/cn_core.v:188]
ERROR: [Synth 8-35] 'sel_mux_cn_proc_3' is not a constant [/home/victor/open_baseband/openasip/custom_units/LDPC/LDPC_decoder/new/project_1.srcs/sources_1/imports/new/cn_core.v:204]
ERROR: [Synth 8-35] 'sel_mux_cn_proc_4' is not a constant [/home/victor/open_baseband/openasip/custom_units/LDPC/LDPC_decoder/new/project_1.srcs/sources_1/imports/new/cn_core.v:217]
ERROR: [Synth 8-35] 'sel_mux_cn_proc_5' is not a constant [/home/victor/open_baseband/openasip/custom_units/LDPC/LDPC_decoder/new/project_1.srcs/sources_1/imports/new/cn_core.v:230]
ERROR: [Synth 8-35] 'sel_mux_cn_proc_3' is not a constant [/home/victor/open_baseband/openasip/custom_units/LDPC/LDPC_decoder/new/project_1.srcs/sources_1/imports/new/cn_core.v:246]
ERROR: [Synth 8-35] 'sel_mux_cn_proc_4' is not a constant [/home/victor/open_baseband/openasip/custom_units/LDPC/LDPC_decoder/new/project_1.srcs/sources_1/imports/new/cn_core.v:259]
ERROR: [Synth 8-35] 'sel_mux_cn_proc_5' is not a constant [/home/victor/open_baseband/openasip/custom_units/LDPC/LDPC_decoder/new/project_1.srcs/sources_1/imports/new/cn_core.v:272]
ERROR: [Synth 8-35] 'sel_mux_cn_proc_6' is not a constant [/home/victor/open_baseband/openasip/custom_units/LDPC/LDPC_decoder/new/project_1.srcs/sources_1/imports/new/cn_core.v:285]
ERROR: [Synth 8-35] 'sel_mux_cn_proc_3' is not a constant [/home/victor/open_baseband/openasip/custom_units/LDPC/LDPC_decoder/new/project_1.srcs/sources_1/imports/new/cn_core.v:301]
ERROR: [Synth 8-35] 'sel_mux_cn_proc_4' is not a constant [/home/victor/open_baseband/openasip/custom_units/LDPC/LDPC_decoder/new/project_1.srcs/sources_1/imports/new/cn_core.v:314]
ERROR: [Synth 8-35] 'sel_mux_cn_proc_5' is not a constant [/home/victor/open_baseband/openasip/custom_units/LDPC/LDPC_decoder/new/project_1.srcs/sources_1/imports/new/cn_core.v:327]
ERROR: [Synth 8-35] 'sel_mux_cn_proc_6' is not a constant [/home/victor/open_baseband/openasip/custom_units/LDPC/LDPC_decoder/new/project_1.srcs/sources_1/imports/new/cn_core.v:340]
ERROR: [Synth 8-35] 'sel_mux_cn_proc_7' is not a constant [/home/victor/open_baseband/openasip/custom_units/LDPC/LDPC_decoder/new/project_1.srcs/sources_1/imports/new/cn_core.v:353]
ERROR: [Synth 8-12188] Failed to read verilog '/home/victor/open_baseband/openasip/custom_units/LDPC/LDPC_decoder/new/project_1.srcs/sources_1/imports/new/cn_core.v'
---------------------------------------------------------------------------------
Finished Synthesize : Time (s): cpu = 00:00:05 ; elapsed = 00:00:04 . Memory (MB): peak = 10740.668 ; gain = 528.586 ; free physical = 2847 ; free virtual = 14412
---------------------------------------------------------------------------------
synthesize failed
INFO: [Common 17-83] Releasing license: Synthesis
5 Infos, 0 Warnings, 0 Critical Warnings and 20 Errors encountered.
synth_design completed successfully
ERROR: [Common 17-39] 'synth_design' failed due to earlier errors.
update_files -from_files /home/victor/open_baseband/openasip/custom_units/LDPC/LDPC_decoder/new/cn_core.v -to_files /home/victor/open_baseband/openasip/custom_units/LDPC/LDPC_decoder/new/project_1.srcs/sources_1/imports/new/cn_core.v -filesets [get_filesets *]
INFO: [filemgmt 20-762] Replacing file '/home/victor/open_baseband/openasip/custom_units/LDPC/LDPC_decoder/new/project_1.srcs/sources_1/imports/new/cn_core.v' with file '/home/victor/open_baseband/openasip/custom_units/LDPC/LDPC_decoder/new/cn_core.v'.
INFO: [filemgmt 20-1080] Importing file from '/home/victor/open_baseband/openasip/custom_units/LDPC/LDPC_decoder/new/cn_core.v' to '/home/victor/open_baseband/openasip/custom_units/LDPC/LDPC_decoder/new/project_1.srcs/sources_1/imports/new/cn_core.v'.
synth_design -top cn_core -part xczu7ev-ffvc1156-2-e -lint 
Command: synth_design -top cn_core -part xczu7ev-ffvc1156-2-e -lint
Starting synth_design
Attempting to get a license for feature 'Synthesis' and/or device 'xczu7ev'
INFO: [Common 17-349] Got license for feature 'Synthesis' and/or device 'xczu7ev'
INFO: [Synth 8-7079] Multithreading enabled for synth_design using a maximum of 7 processes.
---------------------------------------------------------------------------------
Starting Synthesize : Time (s): cpu = 00:00:03 ; elapsed = 00:00:03 . Memory (MB): peak = 10816.680 ; gain = 0.000 ; free physical = 2983 ; free virtual = 14566
---------------------------------------------------------------------------------
Clean up Linter database...
ERROR: [Synth 8-36] 'MAX_LEVEL_CN_PROC_AGGREGATION' is not declared [/home/victor/open_baseband/openasip/custom_units/LDPC/LDPC_decoder/new/project_1.srcs/sources_1/imports/new/cn_core.v:96]
ERROR: [Synth 8-36] 'MAX_LEVEL_CN_PROC_AGGREGATION' is not declared [/home/victor/open_baseband/openasip/custom_units/LDPC/LDPC_decoder/new/project_1.srcs/sources_1/imports/new/cn_core.v:105]
ERROR: [Synth 8-36] 'MAX_LEVEL_CN_PROC_AGGREGATION' is not declared [/home/victor/open_baseband/openasip/custom_units/LDPC/LDPC_decoder/new/project_1.srcs/sources_1/imports/new/cn_core.v:116]
ERROR: [Synth 8-36] 'MAX_LEVEL_CN_PROC_AGGREGATION' is not declared [/home/victor/open_baseband/openasip/custom_units/LDPC/LDPC_decoder/new/project_1.srcs/sources_1/imports/new/cn_core.v:129]
ERROR: [Synth 8-36] 'MAX_LEVEL_CN_PROC_AGGREGATION' is not declared [/home/victor/open_baseband/openasip/custom_units/LDPC/LDPC_decoder/new/project_1.srcs/sources_1/imports/new/cn_core.v:144]
ERROR: [Synth 8-35] 'sel_mux_cn_proc_3' is not a constant [/home/victor/open_baseband/openasip/custom_units/LDPC/LDPC_decoder/new/project_1.srcs/sources_1/imports/new/cn_core.v:175]
ERROR: [Synth 8-35] 'sel_mux_cn_proc_4' is not a constant [/home/victor/open_baseband/openasip/custom_units/LDPC/LDPC_decoder/new/project_1.srcs/sources_1/imports/new/cn_core.v:188]
ERROR: [Synth 8-35] 'sel_mux_cn_proc_3' is not a constant [/home/victor/open_baseband/openasip/custom_units/LDPC/LDPC_decoder/new/project_1.srcs/sources_1/imports/new/cn_core.v:204]
ERROR: [Synth 8-35] 'sel_mux_cn_proc_4' is not a constant [/home/victor/open_baseband/openasip/custom_units/LDPC/LDPC_decoder/new/project_1.srcs/sources_1/imports/new/cn_core.v:217]
ERROR: [Synth 8-35] 'sel_mux_cn_proc_5' is not a constant [/home/victor/open_baseband/openasip/custom_units/LDPC/LDPC_decoder/new/project_1.srcs/sources_1/imports/new/cn_core.v:230]
ERROR: [Synth 8-35] 'sel_mux_cn_proc_3' is not a constant [/home/victor/open_baseband/openasip/custom_units/LDPC/LDPC_decoder/new/project_1.srcs/sources_1/imports/new/cn_core.v:246]
ERROR: [Synth 8-35] 'sel_mux_cn_proc_4' is not a constant [/home/victor/open_baseband/openasip/custom_units/LDPC/LDPC_decoder/new/project_1.srcs/sources_1/imports/new/cn_core.v:259]
ERROR: [Synth 8-35] 'sel_mux_cn_proc_5' is not a constant [/home/victor/open_baseband/openasip/custom_units/LDPC/LDPC_decoder/new/project_1.srcs/sources_1/imports/new/cn_core.v:272]
ERROR: [Synth 8-35] 'sel_mux_cn_proc_6' is not a constant [/home/victor/open_baseband/openasip/custom_units/LDPC/LDPC_decoder/new/project_1.srcs/sources_1/imports/new/cn_core.v:285]
ERROR: [Synth 8-35] 'sel_mux_cn_proc_3' is not a constant [/home/victor/open_baseband/openasip/custom_units/LDPC/LDPC_decoder/new/project_1.srcs/sources_1/imports/new/cn_core.v:301]
ERROR: [Synth 8-35] 'sel_mux_cn_proc_4' is not a constant [/home/victor/open_baseband/openasip/custom_units/LDPC/LDPC_decoder/new/project_1.srcs/sources_1/imports/new/cn_core.v:314]
ERROR: [Synth 8-35] 'sel_mux_cn_proc_5' is not a constant [/home/victor/open_baseband/openasip/custom_units/LDPC/LDPC_decoder/new/project_1.srcs/sources_1/imports/new/cn_core.v:327]
ERROR: [Synth 8-35] 'sel_mux_cn_proc_6' is not a constant [/home/victor/open_baseband/openasip/custom_units/LDPC/LDPC_decoder/new/project_1.srcs/sources_1/imports/new/cn_core.v:340]
ERROR: [Synth 8-35] 'sel_mux_cn_proc_7' is not a constant [/home/victor/open_baseband/openasip/custom_units/LDPC/LDPC_decoder/new/project_1.srcs/sources_1/imports/new/cn_core.v:353]
ERROR: [Synth 8-12188] Failed to read verilog '/home/victor/open_baseband/openasip/custom_units/LDPC/LDPC_decoder/new/project_1.srcs/sources_1/imports/new/cn_core.v'
---------------------------------------------------------------------------------
Finished Synthesize : Time (s): cpu = 00:00:04 ; elapsed = 00:00:04 . Memory (MB): peak = 10816.680 ; gain = 0.000 ; free physical = 2987 ; free virtual = 14570
---------------------------------------------------------------------------------
synthesize failed
INFO: [Common 17-83] Releasing license: Synthesis
3 Infos, 0 Warnings, 0 Critical Warnings and 20 Errors encountered.
synth_design completed successfully
ERROR: [Common 17-39] 'synth_design' failed due to earlier errors.
synth_design -top cn_core -part xczu7ev-ffvc1156-2-e -lint 
Command: synth_design -top cn_core -part xczu7ev-ffvc1156-2-e -lint
Starting synth_design
Attempting to get a license for feature 'Synthesis' and/or device 'xczu7ev'
INFO: [Common 17-349] Got license for feature 'Synthesis' and/or device 'xczu7ev'
INFO: [Synth 8-7079] Multithreading enabled for synth_design using a maximum of 7 processes.
---------------------------------------------------------------------------------
Starting Synthesize : Time (s): cpu = 00:00:03 ; elapsed = 00:00:03 . Memory (MB): peak = 10831.453 ; gain = 14.773 ; free physical = 2990 ; free virtual = 14574
---------------------------------------------------------------------------------
Clean up Linter database...
ERROR: [Synth 8-36] 'MAX_LEVEL_CN_PROC_AGGREGATION' is not declared [/home/victor/open_baseband/openasip/custom_units/LDPC/LDPC_decoder/new/project_1.srcs/sources_1/imports/new/cn_core.v:96]
ERROR: [Synth 8-36] 'MAX_LEVEL_CN_PROC_AGGREGATION' is not declared [/home/victor/open_baseband/openasip/custom_units/LDPC/LDPC_decoder/new/project_1.srcs/sources_1/imports/new/cn_core.v:105]
ERROR: [Synth 8-36] 'MAX_LEVEL_CN_PROC_AGGREGATION' is not declared [/home/victor/open_baseband/openasip/custom_units/LDPC/LDPC_decoder/new/project_1.srcs/sources_1/imports/new/cn_core.v:116]
ERROR: [Synth 8-36] 'MAX_LEVEL_CN_PROC_AGGREGATION' is not declared [/home/victor/open_baseband/openasip/custom_units/LDPC/LDPC_decoder/new/project_1.srcs/sources_1/imports/new/cn_core.v:129]
ERROR: [Synth 8-36] 'MAX_LEVEL_CN_PROC_AGGREGATION' is not declared [/home/victor/open_baseband/openasip/custom_units/LDPC/LDPC_decoder/new/project_1.srcs/sources_1/imports/new/cn_core.v:144]
ERROR: [Synth 8-35] 'sel_mux_cn_proc_3' is not a constant [/home/victor/open_baseband/openasip/custom_units/LDPC/LDPC_decoder/new/project_1.srcs/sources_1/imports/new/cn_core.v:175]
ERROR: [Synth 8-35] 'sel_mux_cn_proc_4' is not a constant [/home/victor/open_baseband/openasip/custom_units/LDPC/LDPC_decoder/new/project_1.srcs/sources_1/imports/new/cn_core.v:188]
ERROR: [Synth 8-35] 'sel_mux_cn_proc_3' is not a constant [/home/victor/open_baseband/openasip/custom_units/LDPC/LDPC_decoder/new/project_1.srcs/sources_1/imports/new/cn_core.v:204]
ERROR: [Synth 8-35] 'sel_mux_cn_proc_4' is not a constant [/home/victor/open_baseband/openasip/custom_units/LDPC/LDPC_decoder/new/project_1.srcs/sources_1/imports/new/cn_core.v:217]
ERROR: [Synth 8-35] 'sel_mux_cn_proc_5' is not a constant [/home/victor/open_baseband/openasip/custom_units/LDPC/LDPC_decoder/new/project_1.srcs/sources_1/imports/new/cn_core.v:230]
ERROR: [Synth 8-35] 'sel_mux_cn_proc_3' is not a constant [/home/victor/open_baseband/openasip/custom_units/LDPC/LDPC_decoder/new/project_1.srcs/sources_1/imports/new/cn_core.v:246]
ERROR: [Synth 8-35] 'sel_mux_cn_proc_4' is not a constant [/home/victor/open_baseband/openasip/custom_units/LDPC/LDPC_decoder/new/project_1.srcs/sources_1/imports/new/cn_core.v:259]
ERROR: [Synth 8-35] 'sel_mux_cn_proc_5' is not a constant [/home/victor/open_baseband/openasip/custom_units/LDPC/LDPC_decoder/new/project_1.srcs/sources_1/imports/new/cn_core.v:272]
ERROR: [Synth 8-35] 'sel_mux_cn_proc_6' is not a constant [/home/victor/open_baseband/openasip/custom_units/LDPC/LDPC_decoder/new/project_1.srcs/sources_1/imports/new/cn_core.v:285]
ERROR: [Synth 8-35] 'sel_mux_cn_proc_3' is not a constant [/home/victor/open_baseband/openasip/custom_units/LDPC/LDPC_decoder/new/project_1.srcs/sources_1/imports/new/cn_core.v:301]
ERROR: [Synth 8-35] 'sel_mux_cn_proc_4' is not a constant [/home/victor/open_baseband/openasip/custom_units/LDPC/LDPC_decoder/new/project_1.srcs/sources_1/imports/new/cn_core.v:314]
ERROR: [Synth 8-35] 'sel_mux_cn_proc_5' is not a constant [/home/victor/open_baseband/openasip/custom_units/LDPC/LDPC_decoder/new/project_1.srcs/sources_1/imports/new/cn_core.v:327]
ERROR: [Synth 8-35] 'sel_mux_cn_proc_6' is not a constant [/home/victor/open_baseband/openasip/custom_units/LDPC/LDPC_decoder/new/project_1.srcs/sources_1/imports/new/cn_core.v:340]
ERROR: [Synth 8-35] 'sel_mux_cn_proc_7' is not a constant [/home/victor/open_baseband/openasip/custom_units/LDPC/LDPC_decoder/new/project_1.srcs/sources_1/imports/new/cn_core.v:353]
ERROR: [Synth 8-12188] Failed to read verilog '/home/victor/open_baseband/openasip/custom_units/LDPC/LDPC_decoder/new/project_1.srcs/sources_1/imports/new/cn_core.v'
---------------------------------------------------------------------------------
Finished Synthesize : Time (s): cpu = 00:00:04 ; elapsed = 00:00:04 . Memory (MB): peak = 10831.453 ; gain = 14.773 ; free physical = 2982 ; free virtual = 14566
---------------------------------------------------------------------------------
synthesize failed
INFO: [Common 17-83] Releasing license: Synthesis
3 Infos, 0 Warnings, 0 Critical Warnings and 20 Errors encountered.
synth_design completed successfully
ERROR: [Common 17-39] 'synth_design' failed due to earlier errors.
synth_design -top cn_core -part xczu7ev-ffvc1156-2-e -lint 
Command: synth_design -top cn_core -part xczu7ev-ffvc1156-2-e -lint
Starting synth_design
Attempting to get a license for feature 'Synthesis' and/or device 'xczu7ev'
INFO: [Common 17-349] Got license for feature 'Synthesis' and/or device 'xczu7ev'
INFO: [Synth 8-7079] Multithreading enabled for synth_design using a maximum of 7 processes.
---------------------------------------------------------------------------------
Starting Synthesize : Time (s): cpu = 00:00:03 ; elapsed = 00:00:03 . Memory (MB): peak = 10843.328 ; gain = 11.875 ; free physical = 2977 ; free virtual = 14561
---------------------------------------------------------------------------------
Clean up Linter database...
ERROR: [Synth 8-36] 'MAX_LEVEL_CN_PROC_AGGREGATION' is not declared [/home/victor/open_baseband/openasip/custom_units/LDPC/LDPC_decoder/new/project_1.srcs/sources_1/imports/new/cn_core.v:96]
ERROR: [Synth 8-36] 'MAX_LEVEL_CN_PROC_AGGREGATION' is not declared [/home/victor/open_baseband/openasip/custom_units/LDPC/LDPC_decoder/new/project_1.srcs/sources_1/imports/new/cn_core.v:105]
ERROR: [Synth 8-36] 'MAX_LEVEL_CN_PROC_AGGREGATION' is not declared [/home/victor/open_baseband/openasip/custom_units/LDPC/LDPC_decoder/new/project_1.srcs/sources_1/imports/new/cn_core.v:116]
ERROR: [Synth 8-36] 'MAX_LEVEL_CN_PROC_AGGREGATION' is not declared [/home/victor/open_baseband/openasip/custom_units/LDPC/LDPC_decoder/new/project_1.srcs/sources_1/imports/new/cn_core.v:129]
ERROR: [Synth 8-36] 'MAX_LEVEL_CN_PROC_AGGREGATION' is not declared [/home/victor/open_baseband/openasip/custom_units/LDPC/LDPC_decoder/new/project_1.srcs/sources_1/imports/new/cn_core.v:144]
ERROR: [Synth 8-35] 'sel_mux_cn_proc_3' is not a constant [/home/victor/open_baseband/openasip/custom_units/LDPC/LDPC_decoder/new/project_1.srcs/sources_1/imports/new/cn_core.v:175]
ERROR: [Synth 8-35] 'sel_mux_cn_proc_4' is not a constant [/home/victor/open_baseband/openasip/custom_units/LDPC/LDPC_decoder/new/project_1.srcs/sources_1/imports/new/cn_core.v:188]
ERROR: [Synth 8-35] 'sel_mux_cn_proc_3' is not a constant [/home/victor/open_baseband/openasip/custom_units/LDPC/LDPC_decoder/new/project_1.srcs/sources_1/imports/new/cn_core.v:204]
ERROR: [Synth 8-35] 'sel_mux_cn_proc_4' is not a constant [/home/victor/open_baseband/openasip/custom_units/LDPC/LDPC_decoder/new/project_1.srcs/sources_1/imports/new/cn_core.v:217]
ERROR: [Synth 8-35] 'sel_mux_cn_proc_5' is not a constant [/home/victor/open_baseband/openasip/custom_units/LDPC/LDPC_decoder/new/project_1.srcs/sources_1/imports/new/cn_core.v:230]
ERROR: [Synth 8-35] 'sel_mux_cn_proc_3' is not a constant [/home/victor/open_baseband/openasip/custom_units/LDPC/LDPC_decoder/new/project_1.srcs/sources_1/imports/new/cn_core.v:246]
ERROR: [Synth 8-35] 'sel_mux_cn_proc_4' is not a constant [/home/victor/open_baseband/openasip/custom_units/LDPC/LDPC_decoder/new/project_1.srcs/sources_1/imports/new/cn_core.v:259]
ERROR: [Synth 8-35] 'sel_mux_cn_proc_5' is not a constant [/home/victor/open_baseband/openasip/custom_units/LDPC/LDPC_decoder/new/project_1.srcs/sources_1/imports/new/cn_core.v:272]
ERROR: [Synth 8-35] 'sel_mux_cn_proc_6' is not a constant [/home/victor/open_baseband/openasip/custom_units/LDPC/LDPC_decoder/new/project_1.srcs/sources_1/imports/new/cn_core.v:285]
ERROR: [Synth 8-35] 'sel_mux_cn_proc_3' is not a constant [/home/victor/open_baseband/openasip/custom_units/LDPC/LDPC_decoder/new/project_1.srcs/sources_1/imports/new/cn_core.v:301]
ERROR: [Synth 8-35] 'sel_mux_cn_proc_4' is not a constant [/home/victor/open_baseband/openasip/custom_units/LDPC/LDPC_decoder/new/project_1.srcs/sources_1/imports/new/cn_core.v:314]
ERROR: [Synth 8-35] 'sel_mux_cn_proc_5' is not a constant [/home/victor/open_baseband/openasip/custom_units/LDPC/LDPC_decoder/new/project_1.srcs/sources_1/imports/new/cn_core.v:327]
ERROR: [Synth 8-35] 'sel_mux_cn_proc_6' is not a constant [/home/victor/open_baseband/openasip/custom_units/LDPC/LDPC_decoder/new/project_1.srcs/sources_1/imports/new/cn_core.v:340]
ERROR: [Synth 8-35] 'sel_mux_cn_proc_7' is not a constant [/home/victor/open_baseband/openasip/custom_units/LDPC/LDPC_decoder/new/project_1.srcs/sources_1/imports/new/cn_core.v:353]
ERROR: [Synth 8-12188] Failed to read verilog '/home/victor/open_baseband/openasip/custom_units/LDPC/LDPC_decoder/new/project_1.srcs/sources_1/imports/new/cn_core.v'
---------------------------------------------------------------------------------
Finished Synthesize : Time (s): cpu = 00:00:04 ; elapsed = 00:00:04 . Memory (MB): peak = 10843.328 ; gain = 11.875 ; free physical = 2977 ; free virtual = 14561
---------------------------------------------------------------------------------
synthesize failed
INFO: [Common 17-83] Releasing license: Synthesis
3 Infos, 0 Warnings, 0 Critical Warnings and 20 Errors encountered.
synth_design completed successfully
ERROR: [Common 17-39] 'synth_design' failed due to earlier errors.
update_files -from_files /home/victor/open_baseband/openasip/custom_units/LDPC/LDPC_decoder/new/cn_core.v -to_files /home/victor/open_baseband/openasip/custom_units/LDPC/LDPC_decoder/new/project_1.srcs/sources_1/imports/new/cn_core.v -filesets [get_filesets *]
INFO: [filemgmt 20-762] Replacing file '/home/victor/open_baseband/openasip/custom_units/LDPC/LDPC_decoder/new/project_1.srcs/sources_1/imports/new/cn_core.v' with file '/home/victor/open_baseband/openasip/custom_units/LDPC/LDPC_decoder/new/cn_core.v'.
INFO: [filemgmt 20-1080] Importing file from '/home/victor/open_baseband/openasip/custom_units/LDPC/LDPC_decoder/new/cn_core.v' to '/home/victor/open_baseband/openasip/custom_units/LDPC/LDPC_decoder/new/project_1.srcs/sources_1/imports/new/cn_core.v'.
synth_design -top cn_core -part xczu7ev-ffvc1156-2-e -lint 
Command: synth_design -top cn_core -part xczu7ev-ffvc1156-2-e -lint
Starting synth_design
Attempting to get a license for feature 'Synthesis' and/or device 'xczu7ev'
INFO: [Common 17-349] Got license for feature 'Synthesis' and/or device 'xczu7ev'
INFO: [Synth 8-7079] Multithreading enabled for synth_design using a maximum of 7 processes.
---------------------------------------------------------------------------------
Starting Synthesize : Time (s): cpu = 00:00:03 ; elapsed = 00:00:03 . Memory (MB): peak = 10862.305 ; gain = 2.898 ; free physical = 2941 ; free virtual = 14528
---------------------------------------------------------------------------------
Clean up Linter database...
ERROR: [Synth 8-36] 'MAX_LEVEL_CN_PROC_AGGREGATION' is not declared [/home/victor/open_baseband/openasip/custom_units/LDPC/LDPC_decoder/new/project_1.srcs/sources_1/imports/new/cn_core.v:95]
ERROR: [Synth 8-36] 'MAX_LEVEL_CN_PROC_AGGREGATION' is not declared [/home/victor/open_baseband/openasip/custom_units/LDPC/LDPC_decoder/new/project_1.srcs/sources_1/imports/new/cn_core.v:104]
ERROR: [Synth 8-36] 'MAX_LEVEL_CN_PROC_AGGREGATION' is not declared [/home/victor/open_baseband/openasip/custom_units/LDPC/LDPC_decoder/new/project_1.srcs/sources_1/imports/new/cn_core.v:115]
ERROR: [Synth 8-36] 'MAX_LEVEL_CN_PROC_AGGREGATION' is not declared [/home/victor/open_baseband/openasip/custom_units/LDPC/LDPC_decoder/new/project_1.srcs/sources_1/imports/new/cn_core.v:128]
ERROR: [Synth 8-36] 'MAX_LEVEL_CN_PROC_AGGREGATION' is not declared [/home/victor/open_baseband/openasip/custom_units/LDPC/LDPC_decoder/new/project_1.srcs/sources_1/imports/new/cn_core.v:143]
ERROR: [Synth 8-35] 'sel_mux_cn_proc_3' is not a constant [/home/victor/open_baseband/openasip/custom_units/LDPC/LDPC_decoder/new/project_1.srcs/sources_1/imports/new/cn_core.v:174]
ERROR: [Synth 8-35] 'sel_mux_cn_proc_4' is not a constant [/home/victor/open_baseband/openasip/custom_units/LDPC/LDPC_decoder/new/project_1.srcs/sources_1/imports/new/cn_core.v:187]
ERROR: [Synth 8-35] 'sel_mux_cn_proc_3' is not a constant [/home/victor/open_baseband/openasip/custom_units/LDPC/LDPC_decoder/new/project_1.srcs/sources_1/imports/new/cn_core.v:203]
ERROR: [Synth 8-35] 'sel_mux_cn_proc_4' is not a constant [/home/victor/open_baseband/openasip/custom_units/LDPC/LDPC_decoder/new/project_1.srcs/sources_1/imports/new/cn_core.v:216]
ERROR: [Synth 8-35] 'sel_mux_cn_proc_5' is not a constant [/home/victor/open_baseband/openasip/custom_units/LDPC/LDPC_decoder/new/project_1.srcs/sources_1/imports/new/cn_core.v:229]
ERROR: [Synth 8-35] 'sel_mux_cn_proc_3' is not a constant [/home/victor/open_baseband/openasip/custom_units/LDPC/LDPC_decoder/new/project_1.srcs/sources_1/imports/new/cn_core.v:245]
ERROR: [Synth 8-35] 'sel_mux_cn_proc_4' is not a constant [/home/victor/open_baseband/openasip/custom_units/LDPC/LDPC_decoder/new/project_1.srcs/sources_1/imports/new/cn_core.v:258]
ERROR: [Synth 8-35] 'sel_mux_cn_proc_5' is not a constant [/home/victor/open_baseband/openasip/custom_units/LDPC/LDPC_decoder/new/project_1.srcs/sources_1/imports/new/cn_core.v:271]
ERROR: [Synth 8-35] 'sel_mux_cn_proc_6' is not a constant [/home/victor/open_baseband/openasip/custom_units/LDPC/LDPC_decoder/new/project_1.srcs/sources_1/imports/new/cn_core.v:284]
ERROR: [Synth 8-35] 'sel_mux_cn_proc_3' is not a constant [/home/victor/open_baseband/openasip/custom_units/LDPC/LDPC_decoder/new/project_1.srcs/sources_1/imports/new/cn_core.v:300]
ERROR: [Synth 8-35] 'sel_mux_cn_proc_4' is not a constant [/home/victor/open_baseband/openasip/custom_units/LDPC/LDPC_decoder/new/project_1.srcs/sources_1/imports/new/cn_core.v:313]
ERROR: [Synth 8-35] 'sel_mux_cn_proc_5' is not a constant [/home/victor/open_baseband/openasip/custom_units/LDPC/LDPC_decoder/new/project_1.srcs/sources_1/imports/new/cn_core.v:326]
ERROR: [Synth 8-35] 'sel_mux_cn_proc_6' is not a constant [/home/victor/open_baseband/openasip/custom_units/LDPC/LDPC_decoder/new/project_1.srcs/sources_1/imports/new/cn_core.v:339]
ERROR: [Synth 8-35] 'sel_mux_cn_proc_7' is not a constant [/home/victor/open_baseband/openasip/custom_units/LDPC/LDPC_decoder/new/project_1.srcs/sources_1/imports/new/cn_core.v:352]
ERROR: [Synth 8-12188] Failed to read verilog '/home/victor/open_baseband/openasip/custom_units/LDPC/LDPC_decoder/new/project_1.srcs/sources_1/imports/new/cn_core.v'
---------------------------------------------------------------------------------
Finished Synthesize : Time (s): cpu = 00:00:04 ; elapsed = 00:00:04 . Memory (MB): peak = 10862.305 ; gain = 2.898 ; free physical = 2945 ; free virtual = 14532
---------------------------------------------------------------------------------
synthesize failed
INFO: [Common 17-83] Releasing license: Synthesis
3 Infos, 0 Warnings, 0 Critical Warnings and 20 Errors encountered.
synth_design completed successfully
ERROR: [Common 17-39] 'synth_design' failed due to earlier errors.
update_files -from_files /home/victor/open_baseband/openasip/custom_units/LDPC/LDPC_decoder/new/cn_core.v -to_files /home/victor/open_baseband/openasip/custom_units/LDPC/LDPC_decoder/new/project_1.srcs/sources_1/imports/new/cn_core.v -filesets [get_filesets *]
INFO: [filemgmt 20-762] Replacing file '/home/victor/open_baseband/openasip/custom_units/LDPC/LDPC_decoder/new/project_1.srcs/sources_1/imports/new/cn_core.v' with file '/home/victor/open_baseband/openasip/custom_units/LDPC/LDPC_decoder/new/cn_core.v'.
INFO: [filemgmt 20-1080] Importing file from '/home/victor/open_baseband/openasip/custom_units/LDPC/LDPC_decoder/new/cn_core.v' to '/home/victor/open_baseband/openasip/custom_units/LDPC/LDPC_decoder/new/project_1.srcs/sources_1/imports/new/cn_core.v'.
synth_design -top cn_core -part xczu7ev-ffvc1156-2-e -lint 
Command: synth_design -top cn_core -part xczu7ev-ffvc1156-2-e -lint
Starting synth_design
Attempting to get a license for feature 'Synthesis' and/or device 'xczu7ev'
INFO: [Common 17-349] Got license for feature 'Synthesis' and/or device 'xczu7ev'
INFO: [Synth 8-7079] Multithreading enabled for synth_design using a maximum of 7 processes.
---------------------------------------------------------------------------------
Starting Synthesize : Time (s): cpu = 00:00:03 ; elapsed = 00:00:03 . Memory (MB): peak = 10890.309 ; gain = 9.930 ; free physical = 2923 ; free virtual = 14510
---------------------------------------------------------------------------------
Clean up Linter database...
ERROR: [Synth 8-36] 'MAX_LEVEL_CN_PROC_AGGREGATION' is not declared [/home/victor/open_baseband/openasip/custom_units/LDPC/LDPC_decoder/new/project_1.srcs/sources_1/imports/new/cn_core.v:94]
ERROR: [Synth 8-36] 'MAX_LEVEL_CN_PROC_AGGREGATION' is not declared [/home/victor/open_baseband/openasip/custom_units/LDPC/LDPC_decoder/new/project_1.srcs/sources_1/imports/new/cn_core.v:103]
ERROR: [Synth 8-36] 'MAX_LEVEL_CN_PROC_AGGREGATION' is not declared [/home/victor/open_baseband/openasip/custom_units/LDPC/LDPC_decoder/new/project_1.srcs/sources_1/imports/new/cn_core.v:114]
ERROR: [Synth 8-36] 'MAX_LEVEL_CN_PROC_AGGREGATION' is not declared [/home/victor/open_baseband/openasip/custom_units/LDPC/LDPC_decoder/new/project_1.srcs/sources_1/imports/new/cn_core.v:127]
ERROR: [Synth 8-36] 'MAX_LEVEL_CN_PROC_AGGREGATION' is not declared [/home/victor/open_baseband/openasip/custom_units/LDPC/LDPC_decoder/new/project_1.srcs/sources_1/imports/new/cn_core.v:142]
ERROR: [Synth 8-35] 'sel_mux_cn_proc_3' is not a constant [/home/victor/open_baseband/openasip/custom_units/LDPC/LDPC_decoder/new/project_1.srcs/sources_1/imports/new/cn_core.v:173]
ERROR: [Synth 8-35] 'sel_mux_cn_proc_4' is not a constant [/home/victor/open_baseband/openasip/custom_units/LDPC/LDPC_decoder/new/project_1.srcs/sources_1/imports/new/cn_core.v:186]
ERROR: [Synth 8-35] 'sel_mux_cn_proc_3' is not a constant [/home/victor/open_baseband/openasip/custom_units/LDPC/LDPC_decoder/new/project_1.srcs/sources_1/imports/new/cn_core.v:202]
ERROR: [Synth 8-35] 'sel_mux_cn_proc_4' is not a constant [/home/victor/open_baseband/openasip/custom_units/LDPC/LDPC_decoder/new/project_1.srcs/sources_1/imports/new/cn_core.v:215]
ERROR: [Synth 8-35] 'sel_mux_cn_proc_5' is not a constant [/home/victor/open_baseband/openasip/custom_units/LDPC/LDPC_decoder/new/project_1.srcs/sources_1/imports/new/cn_core.v:228]
ERROR: [Synth 8-35] 'sel_mux_cn_proc_3' is not a constant [/home/victor/open_baseband/openasip/custom_units/LDPC/LDPC_decoder/new/project_1.srcs/sources_1/imports/new/cn_core.v:244]
ERROR: [Synth 8-35] 'sel_mux_cn_proc_4' is not a constant [/home/victor/open_baseband/openasip/custom_units/LDPC/LDPC_decoder/new/project_1.srcs/sources_1/imports/new/cn_core.v:257]
ERROR: [Synth 8-35] 'sel_mux_cn_proc_5' is not a constant [/home/victor/open_baseband/openasip/custom_units/LDPC/LDPC_decoder/new/project_1.srcs/sources_1/imports/new/cn_core.v:270]
ERROR: [Synth 8-35] 'sel_mux_cn_proc_6' is not a constant [/home/victor/open_baseband/openasip/custom_units/LDPC/LDPC_decoder/new/project_1.srcs/sources_1/imports/new/cn_core.v:283]
ERROR: [Synth 8-35] 'sel_mux_cn_proc_3' is not a constant [/home/victor/open_baseband/openasip/custom_units/LDPC/LDPC_decoder/new/project_1.srcs/sources_1/imports/new/cn_core.v:299]
ERROR: [Synth 8-35] 'sel_mux_cn_proc_4' is not a constant [/home/victor/open_baseband/openasip/custom_units/LDPC/LDPC_decoder/new/project_1.srcs/sources_1/imports/new/cn_core.v:312]
ERROR: [Synth 8-35] 'sel_mux_cn_proc_5' is not a constant [/home/victor/open_baseband/openasip/custom_units/LDPC/LDPC_decoder/new/project_1.srcs/sources_1/imports/new/cn_core.v:325]
ERROR: [Synth 8-35] 'sel_mux_cn_proc_6' is not a constant [/home/victor/open_baseband/openasip/custom_units/LDPC/LDPC_decoder/new/project_1.srcs/sources_1/imports/new/cn_core.v:338]
ERROR: [Synth 8-35] 'sel_mux_cn_proc_7' is not a constant [/home/victor/open_baseband/openasip/custom_units/LDPC/LDPC_decoder/new/project_1.srcs/sources_1/imports/new/cn_core.v:351]
ERROR: [Synth 8-12188] Failed to read verilog '/home/victor/open_baseband/openasip/custom_units/LDPC/LDPC_decoder/new/project_1.srcs/sources_1/imports/new/cn_core.v'
---------------------------------------------------------------------------------
Finished Synthesize : Time (s): cpu = 00:00:04 ; elapsed = 00:00:04 . Memory (MB): peak = 10890.309 ; gain = 9.930 ; free physical = 2929 ; free virtual = 14517
---------------------------------------------------------------------------------
synthesize failed
INFO: [Common 17-83] Releasing license: Synthesis
3 Infos, 0 Warnings, 0 Critical Warnings and 20 Errors encountered.
synth_design completed successfully
ERROR: [Common 17-39] 'synth_design' failed due to earlier errors.
synth_design -top cn_core -part xczu7ev-ffvc1156-2-e -lint 
Command: synth_design -top cn_core -part xczu7ev-ffvc1156-2-e -lint
Starting synth_design
Attempting to get a license for feature 'Synthesis' and/or device 'xczu7ev'
INFO: [Common 17-349] Got license for feature 'Synthesis' and/or device 'xczu7ev'
INFO: [Synth 8-7079] Multithreading enabled for synth_design using a maximum of 7 processes.
---------------------------------------------------------------------------------
Starting Synthesize : Time (s): cpu = 00:00:03 ; elapsed = 00:00:03 . Memory (MB): peak = 10890.309 ; gain = 0.000 ; free physical = 2953 ; free virtual = 14541
---------------------------------------------------------------------------------
Clean up Linter database...
ERROR: [Synth 8-36] 'MAX_LEVEL_CN_PROC_AGGREGATION' is not declared [/home/victor/open_baseband/openasip/custom_units/LDPC/LDPC_decoder/new/project_1.srcs/sources_1/imports/new/cn_core.v:94]
ERROR: [Synth 8-36] 'MAX_LEVEL_CN_PROC_AGGREGATION' is not declared [/home/victor/open_baseband/openasip/custom_units/LDPC/LDPC_decoder/new/project_1.srcs/sources_1/imports/new/cn_core.v:103]
ERROR: [Synth 8-36] 'MAX_LEVEL_CN_PROC_AGGREGATION' is not declared [/home/victor/open_baseband/openasip/custom_units/LDPC/LDPC_decoder/new/project_1.srcs/sources_1/imports/new/cn_core.v:114]
ERROR: [Synth 8-36] 'MAX_LEVEL_CN_PROC_AGGREGATION' is not declared [/home/victor/open_baseband/openasip/custom_units/LDPC/LDPC_decoder/new/project_1.srcs/sources_1/imports/new/cn_core.v:127]
ERROR: [Synth 8-36] 'MAX_LEVEL_CN_PROC_AGGREGATION' is not declared [/home/victor/open_baseband/openasip/custom_units/LDPC/LDPC_decoder/new/project_1.srcs/sources_1/imports/new/cn_core.v:142]
ERROR: [Synth 8-35] 'sel_mux_cn_proc_3' is not a constant [/home/victor/open_baseband/openasip/custom_units/LDPC/LDPC_decoder/new/project_1.srcs/sources_1/imports/new/cn_core.v:173]
ERROR: [Synth 8-35] 'sel_mux_cn_proc_4' is not a constant [/home/victor/open_baseband/openasip/custom_units/LDPC/LDPC_decoder/new/project_1.srcs/sources_1/imports/new/cn_core.v:186]
ERROR: [Synth 8-35] 'sel_mux_cn_proc_3' is not a constant [/home/victor/open_baseband/openasip/custom_units/LDPC/LDPC_decoder/new/project_1.srcs/sources_1/imports/new/cn_core.v:202]
ERROR: [Synth 8-35] 'sel_mux_cn_proc_4' is not a constant [/home/victor/open_baseband/openasip/custom_units/LDPC/LDPC_decoder/new/project_1.srcs/sources_1/imports/new/cn_core.v:215]
ERROR: [Synth 8-35] 'sel_mux_cn_proc_5' is not a constant [/home/victor/open_baseband/openasip/custom_units/LDPC/LDPC_decoder/new/project_1.srcs/sources_1/imports/new/cn_core.v:228]
ERROR: [Synth 8-35] 'sel_mux_cn_proc_3' is not a constant [/home/victor/open_baseband/openasip/custom_units/LDPC/LDPC_decoder/new/project_1.srcs/sources_1/imports/new/cn_core.v:244]
ERROR: [Synth 8-35] 'sel_mux_cn_proc_4' is not a constant [/home/victor/open_baseband/openasip/custom_units/LDPC/LDPC_decoder/new/project_1.srcs/sources_1/imports/new/cn_core.v:257]
ERROR: [Synth 8-35] 'sel_mux_cn_proc_5' is not a constant [/home/victor/open_baseband/openasip/custom_units/LDPC/LDPC_decoder/new/project_1.srcs/sources_1/imports/new/cn_core.v:270]
ERROR: [Synth 8-35] 'sel_mux_cn_proc_6' is not a constant [/home/victor/open_baseband/openasip/custom_units/LDPC/LDPC_decoder/new/project_1.srcs/sources_1/imports/new/cn_core.v:283]
ERROR: [Synth 8-35] 'sel_mux_cn_proc_3' is not a constant [/home/victor/open_baseband/openasip/custom_units/LDPC/LDPC_decoder/new/project_1.srcs/sources_1/imports/new/cn_core.v:299]
ERROR: [Synth 8-35] 'sel_mux_cn_proc_4' is not a constant [/home/victor/open_baseband/openasip/custom_units/LDPC/LDPC_decoder/new/project_1.srcs/sources_1/imports/new/cn_core.v:312]
ERROR: [Synth 8-35] 'sel_mux_cn_proc_5' is not a constant [/home/victor/open_baseband/openasip/custom_units/LDPC/LDPC_decoder/new/project_1.srcs/sources_1/imports/new/cn_core.v:325]
ERROR: [Synth 8-35] 'sel_mux_cn_proc_6' is not a constant [/home/victor/open_baseband/openasip/custom_units/LDPC/LDPC_decoder/new/project_1.srcs/sources_1/imports/new/cn_core.v:338]
ERROR: [Synth 8-35] 'sel_mux_cn_proc_7' is not a constant [/home/victor/open_baseband/openasip/custom_units/LDPC/LDPC_decoder/new/project_1.srcs/sources_1/imports/new/cn_core.v:351]
ERROR: [Synth 8-12188] Failed to read verilog '/home/victor/open_baseband/openasip/custom_units/LDPC/LDPC_decoder/new/project_1.srcs/sources_1/imports/new/cn_core.v'
---------------------------------------------------------------------------------
Finished Synthesize : Time (s): cpu = 00:00:04 ; elapsed = 00:00:04 . Memory (MB): peak = 10890.309 ; gain = 0.000 ; free physical = 2954 ; free virtual = 14542
---------------------------------------------------------------------------------
synthesize failed
INFO: [Common 17-83] Releasing license: Synthesis
3 Infos, 0 Warnings, 0 Critical Warnings and 20 Errors encountered.
synth_design completed successfully
ERROR: [Common 17-39] 'synth_design' failed due to earlier errors.
update_files -from_files /home/victor/open_baseband/openasip/custom_units/LDPC/LDPC_decoder/new/cn_core.v -to_files /home/victor/open_baseband/openasip/custom_units/LDPC/LDPC_decoder/new/project_1.srcs/sources_1/imports/new/cn_core.v -filesets [get_filesets *]
INFO: [filemgmt 20-762] Replacing file '/home/victor/open_baseband/openasip/custom_units/LDPC/LDPC_decoder/new/project_1.srcs/sources_1/imports/new/cn_core.v' with file '/home/victor/open_baseband/openasip/custom_units/LDPC/LDPC_decoder/new/cn_core.v'.
INFO: [filemgmt 20-1080] Importing file from '/home/victor/open_baseband/openasip/custom_units/LDPC/LDPC_decoder/new/cn_core.v' to '/home/victor/open_baseband/openasip/custom_units/LDPC/LDPC_decoder/new/project_1.srcs/sources_1/imports/new/cn_core.v'.
update_files -from_files /home/victor/open_baseband/openasip/custom_units/LDPC/LDPC_decoder/new/cn_core.v -to_files /home/victor/open_baseband/openasip/custom_units/LDPC/LDPC_decoder/new/project_1.srcs/sources_1/imports/new/cn_core.v -filesets [get_filesets *]
INFO: [filemgmt 20-762] Replacing file '/home/victor/open_baseband/openasip/custom_units/LDPC/LDPC_decoder/new/project_1.srcs/sources_1/imports/new/cn_core.v' with file '/home/victor/open_baseband/openasip/custom_units/LDPC/LDPC_decoder/new/cn_core.v'.
INFO: [filemgmt 20-1080] Importing file from '/home/victor/open_baseband/openasip/custom_units/LDPC/LDPC_decoder/new/cn_core.v' to '/home/victor/open_baseband/openasip/custom_units/LDPC/LDPC_decoder/new/project_1.srcs/sources_1/imports/new/cn_core.v'.
synth_design -top cn_core -part xczu7ev-ffvc1156-2-e -lint 
Command: synth_design -top cn_core -part xczu7ev-ffvc1156-2-e -lint
Starting synth_design
Attempting to get a license for feature 'Synthesis' and/or device 'xczu7ev'
INFO: [Common 17-349] Got license for feature 'Synthesis' and/or device 'xczu7ev'
INFO: [Synth 8-7079] Multithreading enabled for synth_design using a maximum of 7 processes.
---------------------------------------------------------------------------------
Starting Synthesize : Time (s): cpu = 00:00:03 ; elapsed = 00:00:03 . Memory (MB): peak = 10908.352 ; gain = 0.000 ; free physical = 2838 ; free virtual = 14431
---------------------------------------------------------------------------------
Clean up Linter database...
ERROR: [Synth 8-36] 'MAX_LEVEL_CN_PROC_AGGREGATION' is not declared [/home/victor/open_baseband/openasip/custom_units/LDPC/LDPC_decoder/new/project_1.srcs/sources_1/imports/new/cn_core.v:96]
ERROR: [Synth 8-36] 'MAX_LEVEL_CN_PROC_AGGREGATION' is not declared [/home/victor/open_baseband/openasip/custom_units/LDPC/LDPC_decoder/new/project_1.srcs/sources_1/imports/new/cn_core.v:105]
ERROR: [Synth 8-36] 'MAX_LEVEL_CN_PROC_AGGREGATION' is not declared [/home/victor/open_baseband/openasip/custom_units/LDPC/LDPC_decoder/new/project_1.srcs/sources_1/imports/new/cn_core.v:116]
ERROR: [Synth 8-36] 'MAX_LEVEL_CN_PROC_AGGREGATION' is not declared [/home/victor/open_baseband/openasip/custom_units/LDPC/LDPC_decoder/new/project_1.srcs/sources_1/imports/new/cn_core.v:129]
ERROR: [Synth 8-36] 'MAX_LEVEL_CN_PROC_AGGREGATION' is not declared [/home/victor/open_baseband/openasip/custom_units/LDPC/LDPC_decoder/new/project_1.srcs/sources_1/imports/new/cn_core.v:144]
ERROR: [Synth 8-35] 'sel_mux_cn_proc_3' is not a constant [/home/victor/open_baseband/openasip/custom_units/LDPC/LDPC_decoder/new/project_1.srcs/sources_1/imports/new/cn_core.v:175]
ERROR: [Synth 8-35] 'sel_mux_cn_proc_4' is not a constant [/home/victor/open_baseband/openasip/custom_units/LDPC/LDPC_decoder/new/project_1.srcs/sources_1/imports/new/cn_core.v:188]
ERROR: [Synth 8-35] 'sel_mux_cn_proc_3' is not a constant [/home/victor/open_baseband/openasip/custom_units/LDPC/LDPC_decoder/new/project_1.srcs/sources_1/imports/new/cn_core.v:204]
ERROR: [Synth 8-35] 'sel_mux_cn_proc_4' is not a constant [/home/victor/open_baseband/openasip/custom_units/LDPC/LDPC_decoder/new/project_1.srcs/sources_1/imports/new/cn_core.v:217]
ERROR: [Synth 8-35] 'sel_mux_cn_proc_5' is not a constant [/home/victor/open_baseband/openasip/custom_units/LDPC/LDPC_decoder/new/project_1.srcs/sources_1/imports/new/cn_core.v:230]
ERROR: [Synth 8-35] 'sel_mux_cn_proc_3' is not a constant [/home/victor/open_baseband/openasip/custom_units/LDPC/LDPC_decoder/new/project_1.srcs/sources_1/imports/new/cn_core.v:246]
ERROR: [Synth 8-35] 'sel_mux_cn_proc_4' is not a constant [/home/victor/open_baseband/openasip/custom_units/LDPC/LDPC_decoder/new/project_1.srcs/sources_1/imports/new/cn_core.v:259]
ERROR: [Synth 8-35] 'sel_mux_cn_proc_5' is not a constant [/home/victor/open_baseband/openasip/custom_units/LDPC/LDPC_decoder/new/project_1.srcs/sources_1/imports/new/cn_core.v:272]
ERROR: [Synth 8-35] 'sel_mux_cn_proc_6' is not a constant [/home/victor/open_baseband/openasip/custom_units/LDPC/LDPC_decoder/new/project_1.srcs/sources_1/imports/new/cn_core.v:285]
ERROR: [Synth 8-35] 'sel_mux_cn_proc_3' is not a constant [/home/victor/open_baseband/openasip/custom_units/LDPC/LDPC_decoder/new/project_1.srcs/sources_1/imports/new/cn_core.v:301]
ERROR: [Synth 8-35] 'sel_mux_cn_proc_4' is not a constant [/home/victor/open_baseband/openasip/custom_units/LDPC/LDPC_decoder/new/project_1.srcs/sources_1/imports/new/cn_core.v:314]
ERROR: [Synth 8-35] 'sel_mux_cn_proc_5' is not a constant [/home/victor/open_baseband/openasip/custom_units/LDPC/LDPC_decoder/new/project_1.srcs/sources_1/imports/new/cn_core.v:327]
ERROR: [Synth 8-35] 'sel_mux_cn_proc_6' is not a constant [/home/victor/open_baseband/openasip/custom_units/LDPC/LDPC_decoder/new/project_1.srcs/sources_1/imports/new/cn_core.v:340]
ERROR: [Synth 8-35] 'sel_mux_cn_proc_7' is not a constant [/home/victor/open_baseband/openasip/custom_units/LDPC/LDPC_decoder/new/project_1.srcs/sources_1/imports/new/cn_core.v:353]
ERROR: [Synth 8-12188] Failed to read verilog '/home/victor/open_baseband/openasip/custom_units/LDPC/LDPC_decoder/new/project_1.srcs/sources_1/imports/new/cn_core.v'
---------------------------------------------------------------------------------
Finished Synthesize : Time (s): cpu = 00:00:04 ; elapsed = 00:00:04 . Memory (MB): peak = 10908.352 ; gain = 0.000 ; free physical = 2842 ; free virtual = 14436
---------------------------------------------------------------------------------
synthesize failed
INFO: [Common 17-83] Releasing license: Synthesis
3 Infos, 0 Warnings, 0 Critical Warnings and 20 Errors encountered.
synth_design completed successfully
ERROR: [Common 17-39] 'synth_design' failed due to earlier errors.
update_files -from_files /home/victor/open_baseband/openasip/custom_units/LDPC/LDPC_decoder/new/cn_core.v -to_files /home/victor/open_baseband/openasip/custom_units/LDPC/LDPC_decoder/new/project_1.srcs/sources_1/imports/new/cn_core.v -filesets [get_filesets *]
INFO: [filemgmt 20-762] Replacing file '/home/victor/open_baseband/openasip/custom_units/LDPC/LDPC_decoder/new/project_1.srcs/sources_1/imports/new/cn_core.v' with file '/home/victor/open_baseband/openasip/custom_units/LDPC/LDPC_decoder/new/cn_core.v'.
INFO: [filemgmt 20-1080] Importing file from '/home/victor/open_baseband/openasip/custom_units/LDPC/LDPC_decoder/new/cn_core.v' to '/home/victor/open_baseband/openasip/custom_units/LDPC/LDPC_decoder/new/project_1.srcs/sources_1/imports/new/cn_core.v'.
synth_design -top cn_core -part xczu7ev-ffvc1156-2-e -lint 
Command: synth_design -top cn_core -part xczu7ev-ffvc1156-2-e -lint
Starting synth_design
Attempting to get a license for feature 'Synthesis' and/or device 'xczu7ev'
INFO: [Common 17-349] Got license for feature 'Synthesis' and/or device 'xczu7ev'
INFO: [Synth 8-7079] Multithreading enabled for synth_design using a maximum of 7 processes.
---------------------------------------------------------------------------------
Starting Synthesize : Time (s): cpu = 00:00:03 ; elapsed = 00:00:03 . Memory (MB): peak = 10925.395 ; gain = 0.000 ; free physical = 2626 ; free virtual = 14266
---------------------------------------------------------------------------------
Clean up Linter database...
ERROR: [Synth 8-36] 'MAX_LEVEL_CN_PROC_AGGREGATION' is not declared [/home/victor/open_baseband/openasip/custom_units/LDPC/LDPC_decoder/new/project_1.srcs/sources_1/imports/new/cn_core.v:96]
ERROR: [Synth 8-36] 'MAX_LEVEL_CN_PROC_AGGREGATION' is not declared [/home/victor/open_baseband/openasip/custom_units/LDPC/LDPC_decoder/new/project_1.srcs/sources_1/imports/new/cn_core.v:105]
ERROR: [Synth 8-36] 'MAX_LEVEL_CN_PROC_AGGREGATION' is not declared [/home/victor/open_baseband/openasip/custom_units/LDPC/LDPC_decoder/new/project_1.srcs/sources_1/imports/new/cn_core.v:116]
ERROR: [Synth 8-36] 'MAX_LEVEL_CN_PROC_AGGREGATION' is not declared [/home/victor/open_baseband/openasip/custom_units/LDPC/LDPC_decoder/new/project_1.srcs/sources_1/imports/new/cn_core.v:129]
ERROR: [Synth 8-36] 'MAX_LEVEL_CN_PROC_AGGREGATION' is not declared [/home/victor/open_baseband/openasip/custom_units/LDPC/LDPC_decoder/new/project_1.srcs/sources_1/imports/new/cn_core.v:144]
ERROR: [Synth 8-35] 'sel_mux_cn_proc_3' is not a constant [/home/victor/open_baseband/openasip/custom_units/LDPC/LDPC_decoder/new/project_1.srcs/sources_1/imports/new/cn_core.v:175]
ERROR: [Synth 8-35] 'sel_mux_cn_proc_4' is not a constant [/home/victor/open_baseband/openasip/custom_units/LDPC/LDPC_decoder/new/project_1.srcs/sources_1/imports/new/cn_core.v:188]
ERROR: [Synth 8-35] 'sel_mux_cn_proc_3' is not a constant [/home/victor/open_baseband/openasip/custom_units/LDPC/LDPC_decoder/new/project_1.srcs/sources_1/imports/new/cn_core.v:204]
ERROR: [Synth 8-35] 'sel_mux_cn_proc_4' is not a constant [/home/victor/open_baseband/openasip/custom_units/LDPC/LDPC_decoder/new/project_1.srcs/sources_1/imports/new/cn_core.v:217]
ERROR: [Synth 8-35] 'sel_mux_cn_proc_5' is not a constant [/home/victor/open_baseband/openasip/custom_units/LDPC/LDPC_decoder/new/project_1.srcs/sources_1/imports/new/cn_core.v:230]
ERROR: [Synth 8-35] 'sel_mux_cn_proc_3' is not a constant [/home/victor/open_baseband/openasip/custom_units/LDPC/LDPC_decoder/new/project_1.srcs/sources_1/imports/new/cn_core.v:246]
ERROR: [Synth 8-35] 'sel_mux_cn_proc_4' is not a constant [/home/victor/open_baseband/openasip/custom_units/LDPC/LDPC_decoder/new/project_1.srcs/sources_1/imports/new/cn_core.v:259]
ERROR: [Synth 8-35] 'sel_mux_cn_proc_5' is not a constant [/home/victor/open_baseband/openasip/custom_units/LDPC/LDPC_decoder/new/project_1.srcs/sources_1/imports/new/cn_core.v:272]
ERROR: [Synth 8-35] 'sel_mux_cn_proc_6' is not a constant [/home/victor/open_baseband/openasip/custom_units/LDPC/LDPC_decoder/new/project_1.srcs/sources_1/imports/new/cn_core.v:285]
ERROR: [Synth 8-35] 'sel_mux_cn_proc_3' is not a constant [/home/victor/open_baseband/openasip/custom_units/LDPC/LDPC_decoder/new/project_1.srcs/sources_1/imports/new/cn_core.v:301]
ERROR: [Synth 8-35] 'sel_mux_cn_proc_4' is not a constant [/home/victor/open_baseband/openasip/custom_units/LDPC/LDPC_decoder/new/project_1.srcs/sources_1/imports/new/cn_core.v:314]
ERROR: [Synth 8-35] 'sel_mux_cn_proc_5' is not a constant [/home/victor/open_baseband/openasip/custom_units/LDPC/LDPC_decoder/new/project_1.srcs/sources_1/imports/new/cn_core.v:327]
ERROR: [Synth 8-35] 'sel_mux_cn_proc_6' is not a constant [/home/victor/open_baseband/openasip/custom_units/LDPC/LDPC_decoder/new/project_1.srcs/sources_1/imports/new/cn_core.v:340]
ERROR: [Synth 8-35] 'sel_mux_cn_proc_7' is not a constant [/home/victor/open_baseband/openasip/custom_units/LDPC/LDPC_decoder/new/project_1.srcs/sources_1/imports/new/cn_core.v:353]
ERROR: [Synth 8-12188] Failed to read verilog '/home/victor/open_baseband/openasip/custom_units/LDPC/LDPC_decoder/new/project_1.srcs/sources_1/imports/new/cn_core.v'
---------------------------------------------------------------------------------
Finished Synthesize : Time (s): cpu = 00:00:04 ; elapsed = 00:00:04 . Memory (MB): peak = 10925.395 ; gain = 0.000 ; free physical = 2631 ; free virtual = 14271
---------------------------------------------------------------------------------
synthesize failed
INFO: [Common 17-83] Releasing license: Synthesis
3 Infos, 0 Warnings, 0 Critical Warnings and 20 Errors encountered.
synth_design completed successfully
ERROR: [Common 17-39] 'synth_design' failed due to earlier errors.
update_files -from_files /home/victor/open_baseband/openasip/custom_units/LDPC/LDPC_decoder/new/cn_core.v -to_files /home/victor/open_baseband/openasip/custom_units/LDPC/LDPC_decoder/new/project_1.srcs/sources_1/imports/new/cn_core.v -filesets [get_filesets *]
INFO: [filemgmt 20-762] Replacing file '/home/victor/open_baseband/openasip/custom_units/LDPC/LDPC_decoder/new/project_1.srcs/sources_1/imports/new/cn_core.v' with file '/home/victor/open_baseband/openasip/custom_units/LDPC/LDPC_decoder/new/cn_core.v'.
INFO: [filemgmt 20-1080] Importing file from '/home/victor/open_baseband/openasip/custom_units/LDPC/LDPC_decoder/new/cn_core.v' to '/home/victor/open_baseband/openasip/custom_units/LDPC/LDPC_decoder/new/project_1.srcs/sources_1/imports/new/cn_core.v'.
synth_design -top cn_core -part xczu7ev-ffvc1156-2-e -lint 
Command: synth_design -top cn_core -part xczu7ev-ffvc1156-2-e -lint
Starting synth_design
Attempting to get a license for feature 'Synthesis' and/or device 'xczu7ev'
INFO: [Common 17-349] Got license for feature 'Synthesis' and/or device 'xczu7ev'
INFO: [Synth 8-7079] Multithreading enabled for synth_design using a maximum of 7 processes.
---------------------------------------------------------------------------------
Starting Synthesize : Time (s): cpu = 00:00:03 ; elapsed = 00:00:03 . Memory (MB): peak = 10941.402 ; gain = 0.000 ; free physical = 2650 ; free virtual = 14291
---------------------------------------------------------------------------------
Clean up Linter database...
ERROR: [Synth 8-36] 'MAX_LEVEL_CN_PROC_AGGREGATION' is not declared [/home/victor/open_baseband/openasip/custom_units/LDPC/LDPC_decoder/new/project_1.srcs/sources_1/imports/new/cn_core.v:96]
ERROR: [Synth 8-36] 'MAX_LEVEL_CN_PROC_AGGREGATION' is not declared [/home/victor/open_baseband/openasip/custom_units/LDPC/LDPC_decoder/new/project_1.srcs/sources_1/imports/new/cn_core.v:105]
ERROR: [Synth 8-36] 'MAX_LEVEL_CN_PROC_AGGREGATION' is not declared [/home/victor/open_baseband/openasip/custom_units/LDPC/LDPC_decoder/new/project_1.srcs/sources_1/imports/new/cn_core.v:116]
ERROR: [Synth 8-36] 'MAX_LEVEL_CN_PROC_AGGREGATION' is not declared [/home/victor/open_baseband/openasip/custom_units/LDPC/LDPC_decoder/new/project_1.srcs/sources_1/imports/new/cn_core.v:129]
ERROR: [Synth 8-36] 'MAX_LEVEL_CN_PROC_AGGREGATION' is not declared [/home/victor/open_baseband/openasip/custom_units/LDPC/LDPC_decoder/new/project_1.srcs/sources_1/imports/new/cn_core.v:144]
ERROR: [Synth 8-35] 'sel_mux_cn_proc_3' is not a constant [/home/victor/open_baseband/openasip/custom_units/LDPC/LDPC_decoder/new/project_1.srcs/sources_1/imports/new/cn_core.v:175]
ERROR: [Synth 8-35] 'sel_mux_cn_proc_4' is not a constant [/home/victor/open_baseband/openasip/custom_units/LDPC/LDPC_decoder/new/project_1.srcs/sources_1/imports/new/cn_core.v:188]
ERROR: [Synth 8-35] 'sel_mux_cn_proc_3' is not a constant [/home/victor/open_baseband/openasip/custom_units/LDPC/LDPC_decoder/new/project_1.srcs/sources_1/imports/new/cn_core.v:204]
ERROR: [Synth 8-35] 'sel_mux_cn_proc_4' is not a constant [/home/victor/open_baseband/openasip/custom_units/LDPC/LDPC_decoder/new/project_1.srcs/sources_1/imports/new/cn_core.v:217]
ERROR: [Synth 8-35] 'sel_mux_cn_proc_5' is not a constant [/home/victor/open_baseband/openasip/custom_units/LDPC/LDPC_decoder/new/project_1.srcs/sources_1/imports/new/cn_core.v:230]
ERROR: [Synth 8-35] 'sel_mux_cn_proc_3' is not a constant [/home/victor/open_baseband/openasip/custom_units/LDPC/LDPC_decoder/new/project_1.srcs/sources_1/imports/new/cn_core.v:246]
ERROR: [Synth 8-35] 'sel_mux_cn_proc_4' is not a constant [/home/victor/open_baseband/openasip/custom_units/LDPC/LDPC_decoder/new/project_1.srcs/sources_1/imports/new/cn_core.v:259]
ERROR: [Synth 8-35] 'sel_mux_cn_proc_5' is not a constant [/home/victor/open_baseband/openasip/custom_units/LDPC/LDPC_decoder/new/project_1.srcs/sources_1/imports/new/cn_core.v:272]
ERROR: [Synth 8-35] 'sel_mux_cn_proc_6' is not a constant [/home/victor/open_baseband/openasip/custom_units/LDPC/LDPC_decoder/new/project_1.srcs/sources_1/imports/new/cn_core.v:285]
ERROR: [Synth 8-35] 'sel_mux_cn_proc_3' is not a constant [/home/victor/open_baseband/openasip/custom_units/LDPC/LDPC_decoder/new/project_1.srcs/sources_1/imports/new/cn_core.v:301]
ERROR: [Synth 8-35] 'sel_mux_cn_proc_4' is not a constant [/home/victor/open_baseband/openasip/custom_units/LDPC/LDPC_decoder/new/project_1.srcs/sources_1/imports/new/cn_core.v:314]
ERROR: [Synth 8-35] 'sel_mux_cn_proc_5' is not a constant [/home/victor/open_baseband/openasip/custom_units/LDPC/LDPC_decoder/new/project_1.srcs/sources_1/imports/new/cn_core.v:327]
ERROR: [Synth 8-35] 'sel_mux_cn_proc_6' is not a constant [/home/victor/open_baseband/openasip/custom_units/LDPC/LDPC_decoder/new/project_1.srcs/sources_1/imports/new/cn_core.v:340]
ERROR: [Synth 8-35] 'sel_mux_cn_proc_7' is not a constant [/home/victor/open_baseband/openasip/custom_units/LDPC/LDPC_decoder/new/project_1.srcs/sources_1/imports/new/cn_core.v:353]
ERROR: [Synth 8-12188] Failed to read verilog '/home/victor/open_baseband/openasip/custom_units/LDPC/LDPC_decoder/new/project_1.srcs/sources_1/imports/new/cn_core.v'
---------------------------------------------------------------------------------
Finished Synthesize : Time (s): cpu = 00:00:04 ; elapsed = 00:00:04 . Memory (MB): peak = 10941.402 ; gain = 0.000 ; free physical = 2652 ; free virtual = 14293
---------------------------------------------------------------------------------
synthesize failed
INFO: [Common 17-83] Releasing license: Synthesis
3 Infos, 0 Warnings, 0 Critical Warnings and 20 Errors encountered.
synth_design completed successfully
ERROR: [Common 17-39] 'synth_design' failed due to earlier errors.
update_files -from_files /home/victor/open_baseband/openasip/custom_units/LDPC/LDPC_decoder/new/cn_core.v -to_files /home/victor/open_baseband/openasip/custom_units/LDPC/LDPC_decoder/new/project_1.srcs/sources_1/imports/new/cn_core.v -filesets [get_filesets *]
INFO: [filemgmt 20-762] Replacing file '/home/victor/open_baseband/openasip/custom_units/LDPC/LDPC_decoder/new/project_1.srcs/sources_1/imports/new/cn_core.v' with file '/home/victor/open_baseband/openasip/custom_units/LDPC/LDPC_decoder/new/cn_core.v'.
INFO: [filemgmt 20-1080] Importing file from '/home/victor/open_baseband/openasip/custom_units/LDPC/LDPC_decoder/new/cn_core.v' to '/home/victor/open_baseband/openasip/custom_units/LDPC/LDPC_decoder/new/project_1.srcs/sources_1/imports/new/cn_core.v'.
synth_design -top cn_core -part xczu7ev-ffvc1156-2-e -lint 
Command: synth_design -top cn_core -part xczu7ev-ffvc1156-2-e -lint
Starting synth_design
Attempting to get a license for feature 'Synthesis' and/or device 'xczu7ev'
INFO: [Common 17-349] Got license for feature 'Synthesis' and/or device 'xczu7ev'
INFO: [Synth 8-7079] Multithreading enabled for synth_design using a maximum of 7 processes.
---------------------------------------------------------------------------------
Starting Synthesize : Time (s): cpu = 00:00:03 ; elapsed = 00:00:03 . Memory (MB): peak = 10959.406 ; gain = 0.000 ; free physical = 2635 ; free virtual = 14278
---------------------------------------------------------------------------------
Clean up Linter database...
ERROR: [Synth 8-36] 'MAX_LEVEL_CN_PROC_AGGREGATION' is not declared [/home/victor/open_baseband/openasip/custom_units/LDPC/LDPC_decoder/new/project_1.srcs/sources_1/imports/new/cn_core.v:94]
ERROR: [Synth 8-36] 'MAX_LEVEL_CN_PROC_AGGREGATION' is not declared [/home/victor/open_baseband/openasip/custom_units/LDPC/LDPC_decoder/new/project_1.srcs/sources_1/imports/new/cn_core.v:103]
ERROR: [Synth 8-36] 'MAX_LEVEL_CN_PROC_AGGREGATION' is not declared [/home/victor/open_baseband/openasip/custom_units/LDPC/LDPC_decoder/new/project_1.srcs/sources_1/imports/new/cn_core.v:114]
ERROR: [Synth 8-36] 'MAX_LEVEL_CN_PROC_AGGREGATION' is not declared [/home/victor/open_baseband/openasip/custom_units/LDPC/LDPC_decoder/new/project_1.srcs/sources_1/imports/new/cn_core.v:127]
ERROR: [Synth 8-36] 'MAX_LEVEL_CN_PROC_AGGREGATION' is not declared [/home/victor/open_baseband/openasip/custom_units/LDPC/LDPC_decoder/new/project_1.srcs/sources_1/imports/new/cn_core.v:142]
ERROR: [Synth 8-35] 'sel_mux_cn_proc_3' is not a constant [/home/victor/open_baseband/openasip/custom_units/LDPC/LDPC_decoder/new/project_1.srcs/sources_1/imports/new/cn_core.v:173]
ERROR: [Synth 8-35] 'sel_mux_cn_proc_4' is not a constant [/home/victor/open_baseband/openasip/custom_units/LDPC/LDPC_decoder/new/project_1.srcs/sources_1/imports/new/cn_core.v:186]
ERROR: [Synth 8-35] 'sel_mux_cn_proc_3' is not a constant [/home/victor/open_baseband/openasip/custom_units/LDPC/LDPC_decoder/new/project_1.srcs/sources_1/imports/new/cn_core.v:202]
ERROR: [Synth 8-35] 'sel_mux_cn_proc_4' is not a constant [/home/victor/open_baseband/openasip/custom_units/LDPC/LDPC_decoder/new/project_1.srcs/sources_1/imports/new/cn_core.v:215]
ERROR: [Synth 8-35] 'sel_mux_cn_proc_5' is not a constant [/home/victor/open_baseband/openasip/custom_units/LDPC/LDPC_decoder/new/project_1.srcs/sources_1/imports/new/cn_core.v:228]
ERROR: [Synth 8-35] 'sel_mux_cn_proc_3' is not a constant [/home/victor/open_baseband/openasip/custom_units/LDPC/LDPC_decoder/new/project_1.srcs/sources_1/imports/new/cn_core.v:244]
ERROR: [Synth 8-35] 'sel_mux_cn_proc_4' is not a constant [/home/victor/open_baseband/openasip/custom_units/LDPC/LDPC_decoder/new/project_1.srcs/sources_1/imports/new/cn_core.v:257]
ERROR: [Synth 8-35] 'sel_mux_cn_proc_5' is not a constant [/home/victor/open_baseband/openasip/custom_units/LDPC/LDPC_decoder/new/project_1.srcs/sources_1/imports/new/cn_core.v:270]
ERROR: [Synth 8-35] 'sel_mux_cn_proc_6' is not a constant [/home/victor/open_baseband/openasip/custom_units/LDPC/LDPC_decoder/new/project_1.srcs/sources_1/imports/new/cn_core.v:283]
ERROR: [Synth 8-35] 'sel_mux_cn_proc_3' is not a constant [/home/victor/open_baseband/openasip/custom_units/LDPC/LDPC_decoder/new/project_1.srcs/sources_1/imports/new/cn_core.v:299]
ERROR: [Synth 8-35] 'sel_mux_cn_proc_4' is not a constant [/home/victor/open_baseband/openasip/custom_units/LDPC/LDPC_decoder/new/project_1.srcs/sources_1/imports/new/cn_core.v:312]
ERROR: [Synth 8-35] 'sel_mux_cn_proc_5' is not a constant [/home/victor/open_baseband/openasip/custom_units/LDPC/LDPC_decoder/new/project_1.srcs/sources_1/imports/new/cn_core.v:325]
ERROR: [Synth 8-35] 'sel_mux_cn_proc_6' is not a constant [/home/victor/open_baseband/openasip/custom_units/LDPC/LDPC_decoder/new/project_1.srcs/sources_1/imports/new/cn_core.v:338]
ERROR: [Synth 8-35] 'sel_mux_cn_proc_7' is not a constant [/home/victor/open_baseband/openasip/custom_units/LDPC/LDPC_decoder/new/project_1.srcs/sources_1/imports/new/cn_core.v:351]
ERROR: [Synth 8-12188] Failed to read verilog '/home/victor/open_baseband/openasip/custom_units/LDPC/LDPC_decoder/new/project_1.srcs/sources_1/imports/new/cn_core.v'
---------------------------------------------------------------------------------
Finished Synthesize : Time (s): cpu = 00:00:04 ; elapsed = 00:00:04 . Memory (MB): peak = 10959.406 ; gain = 0.000 ; free physical = 2643 ; free virtual = 14286
---------------------------------------------------------------------------------
synthesize failed
INFO: [Common 17-83] Releasing license: Synthesis
3 Infos, 0 Warnings, 0 Critical Warnings and 20 Errors encountered.
synth_design completed successfully
ERROR: [Common 17-39] 'synth_design' failed due to earlier errors.
add_files -norecurse -scan_for_includes /home/victor/open_baseband/openasip/custom_units/LDPC/LDPC_decoder/new/defines.vh
import_files -norecurse /home/victor/open_baseband/openasip/custom_units/LDPC/LDPC_decoder/new/defines.vh
synth_design -top cn_core -part xczu7ev-ffvc1156-2-e -lint 
Command: synth_design -top cn_core -part xczu7ev-ffvc1156-2-e -lint
Starting synth_design
Attempting to get a license for feature 'Synthesis' and/or device 'xczu7ev'
INFO: [Common 17-349] Got license for feature 'Synthesis' and/or device 'xczu7ev'
INFO: [Synth 8-7079] Multithreading enabled for synth_design using a maximum of 7 processes.
---------------------------------------------------------------------------------
Starting Synthesize : Time (s): cpu = 00:00:03 ; elapsed = 00:00:03 . Memory (MB): peak = 10976.406 ; gain = 0.000 ; free physical = 2643 ; free virtual = 14286
---------------------------------------------------------------------------------
Clean up Linter database...
ERROR: [Synth 8-36] 'MAX_LEVEL_CN_PROC_AGGREGATION' is not declared [/home/victor/open_baseband/openasip/custom_units/LDPC/LDPC_decoder/new/project_1.srcs/sources_1/imports/new/cn_core.v:94]
ERROR: [Synth 8-36] 'MAX_LEVEL_CN_PROC_AGGREGATION' is not declared [/home/victor/open_baseband/openasip/custom_units/LDPC/LDPC_decoder/new/project_1.srcs/sources_1/imports/new/cn_core.v:103]
ERROR: [Synth 8-36] 'MAX_LEVEL_CN_PROC_AGGREGATION' is not declared [/home/victor/open_baseband/openasip/custom_units/LDPC/LDPC_decoder/new/project_1.srcs/sources_1/imports/new/cn_core.v:114]
ERROR: [Synth 8-36] 'MAX_LEVEL_CN_PROC_AGGREGATION' is not declared [/home/victor/open_baseband/openasip/custom_units/LDPC/LDPC_decoder/new/project_1.srcs/sources_1/imports/new/cn_core.v:127]
ERROR: [Synth 8-36] 'MAX_LEVEL_CN_PROC_AGGREGATION' is not declared [/home/victor/open_baseband/openasip/custom_units/LDPC/LDPC_decoder/new/project_1.srcs/sources_1/imports/new/cn_core.v:142]
ERROR: [Synth 8-35] 'sel_mux_cn_proc_3' is not a constant [/home/victor/open_baseband/openasip/custom_units/LDPC/LDPC_decoder/new/project_1.srcs/sources_1/imports/new/cn_core.v:173]
ERROR: [Synth 8-35] 'sel_mux_cn_proc_4' is not a constant [/home/victor/open_baseband/openasip/custom_units/LDPC/LDPC_decoder/new/project_1.srcs/sources_1/imports/new/cn_core.v:186]
ERROR: [Synth 8-35] 'sel_mux_cn_proc_3' is not a constant [/home/victor/open_baseband/openasip/custom_units/LDPC/LDPC_decoder/new/project_1.srcs/sources_1/imports/new/cn_core.v:202]
ERROR: [Synth 8-35] 'sel_mux_cn_proc_4' is not a constant [/home/victor/open_baseband/openasip/custom_units/LDPC/LDPC_decoder/new/project_1.srcs/sources_1/imports/new/cn_core.v:215]
ERROR: [Synth 8-35] 'sel_mux_cn_proc_5' is not a constant [/home/victor/open_baseband/openasip/custom_units/LDPC/LDPC_decoder/new/project_1.srcs/sources_1/imports/new/cn_core.v:228]
ERROR: [Synth 8-35] 'sel_mux_cn_proc_3' is not a constant [/home/victor/open_baseband/openasip/custom_units/LDPC/LDPC_decoder/new/project_1.srcs/sources_1/imports/new/cn_core.v:244]
ERROR: [Synth 8-35] 'sel_mux_cn_proc_4' is not a constant [/home/victor/open_baseband/openasip/custom_units/LDPC/LDPC_decoder/new/project_1.srcs/sources_1/imports/new/cn_core.v:257]
ERROR: [Synth 8-35] 'sel_mux_cn_proc_5' is not a constant [/home/victor/open_baseband/openasip/custom_units/LDPC/LDPC_decoder/new/project_1.srcs/sources_1/imports/new/cn_core.v:270]
ERROR: [Synth 8-35] 'sel_mux_cn_proc_6' is not a constant [/home/victor/open_baseband/openasip/custom_units/LDPC/LDPC_decoder/new/project_1.srcs/sources_1/imports/new/cn_core.v:283]
ERROR: [Synth 8-35] 'sel_mux_cn_proc_3' is not a constant [/home/victor/open_baseband/openasip/custom_units/LDPC/LDPC_decoder/new/project_1.srcs/sources_1/imports/new/cn_core.v:299]
ERROR: [Synth 8-35] 'sel_mux_cn_proc_4' is not a constant [/home/victor/open_baseband/openasip/custom_units/LDPC/LDPC_decoder/new/project_1.srcs/sources_1/imports/new/cn_core.v:312]
ERROR: [Synth 8-35] 'sel_mux_cn_proc_5' is not a constant [/home/victor/open_baseband/openasip/custom_units/LDPC/LDPC_decoder/new/project_1.srcs/sources_1/imports/new/cn_core.v:325]
ERROR: [Synth 8-35] 'sel_mux_cn_proc_6' is not a constant [/home/victor/open_baseband/openasip/custom_units/LDPC/LDPC_decoder/new/project_1.srcs/sources_1/imports/new/cn_core.v:338]
ERROR: [Synth 8-35] 'sel_mux_cn_proc_7' is not a constant [/home/victor/open_baseband/openasip/custom_units/LDPC/LDPC_decoder/new/project_1.srcs/sources_1/imports/new/cn_core.v:351]
ERROR: [Synth 8-12188] Failed to read verilog '/home/victor/open_baseband/openasip/custom_units/LDPC/LDPC_decoder/new/project_1.srcs/sources_1/imports/new/cn_core.v'
---------------------------------------------------------------------------------
Finished Synthesize : Time (s): cpu = 00:00:04 ; elapsed = 00:00:04 . Memory (MB): peak = 10976.406 ; gain = 0.000 ; free physical = 2644 ; free virtual = 14287
---------------------------------------------------------------------------------
synthesize failed
INFO: [Common 17-83] Releasing license: Synthesis
3 Infos, 0 Warnings, 0 Critical Warnings and 20 Errors encountered.
synth_design completed successfully
ERROR: [Common 17-39] 'synth_design' failed due to earlier errors.
set_property source_mgmt_mode DisplayOnly [current_project]
reorder_files -before /home/victor/open_baseband/openasip/custom_units/LDPC/LDPC_decoder/new/project_1.srcs/sources_1/imports/new/cn_proc.v /home/victor/open_baseband/openasip/custom_units/LDPC/LDPC_decoder/new/project_1.srcs/sources_1/imports/new/defines.vh
WARNING: [filemgmt 56-199] Attempt to get parsing info during refresh. "On-the-fly" syntax checking information may be incorrect. [/home/victor/open_baseband/openasip/custom_units/LDPC/LDPC_decoder/new/project_1.srcs/sources_1/imports/new/cn_core.v:]
WARNING: [filemgmt 56-199] Attempt to get parsing info during refresh. "On-the-fly" syntax checking information may be incorrect. [/home/victor/open_baseband/openasip/custom_units/LDPC/LDPC_decoder/new/project_1.srcs/sources_1/imports/new/defines.vh:]
WARNING: [filemgmt 56-199] Attempt to get parsing info during refresh. "On-the-fly" syntax checking information may be incorrect. [/home/victor/open_baseband/openasip/custom_units/LDPC/LDPC_decoder/new/project_1.srcs/sources_1/imports/new/cn_core.v:]
WARNING: [filemgmt 56-199] Attempt to get parsing info during refresh. "On-the-fly" syntax checking information may be incorrect. [/home/victor/open_baseband/openasip/custom_units/LDPC/LDPC_decoder/new/project_1.srcs/sources_1/imports/new/cn_core.v:]
reorder_files -before /home/victor/open_baseband/openasip/custom_units/LDPC/LDPC_decoder/new/project_1.srcs/sources_1/imports/new/mux_1x9.v /home/victor/open_baseband/openasip/custom_units/LDPC/LDPC_decoder/new/project_1.srcs/sources_1/imports/new/defines.vh
WARNING: [filemgmt 56-199] Attempt to get parsing info during refresh. "On-the-fly" syntax checking information may be incorrect. [/home/victor/open_baseband/openasip/custom_units/LDPC/LDPC_decoder/new/project_1.srcs/sources_1/imports/new/cn_core.v:]
WARNING: [filemgmt 56-199] Attempt to get parsing info during refresh. "On-the-fly" syntax checking information may be incorrect. [/home/victor/open_baseband/openasip/custom_units/LDPC/LDPC_decoder/new/project_1.srcs/sources_1/imports/new/defines.vh:]
WARNING: [filemgmt 56-199] Attempt to get parsing info during refresh. "On-the-fly" syntax checking information may be incorrect. [/home/victor/open_baseband/openasip/custom_units/LDPC/LDPC_decoder/new/project_1.srcs/sources_1/imports/new/cn_core.v:]
WARNING: [filemgmt 56-199] Attempt to get parsing info during refresh. "On-the-fly" syntax checking information may be incorrect. [/home/victor/open_baseband/openasip/custom_units/LDPC/LDPC_decoder/new/project_1.srcs/sources_1/imports/new/cn_core.v:]
reorder_files -after /home/victor/open_baseband/openasip/custom_units/LDPC/LDPC_decoder/new/project_1.srcs/sources_1/imports/new/mux_1x9.v /home/victor/open_baseband/openasip/custom_units/LDPC/LDPC_decoder/new/project_1.srcs/sources_1/imports/new/mux_1x9.v
reorder_files -after /home/victor/open_baseband/openasip/custom_units/LDPC/LDPC_decoder/new/project_1.srcs/sources_1/imports/new/cn_proc.v /home/victor/open_baseband/openasip/custom_units/LDPC/LDPC_decoder/new/project_1.srcs/sources_1/imports/new/mux_1x9.v
WARNING: [filemgmt 56-199] Attempt to get parsing info during refresh. "On-the-fly" syntax checking information may be incorrect. [/home/victor/open_baseband/openasip/custom_units/LDPC/LDPC_decoder/new/project_1.srcs/sources_1/imports/new/cn_core.v:]
WARNING: [filemgmt 56-199] Attempt to get parsing info during refresh. "On-the-fly" syntax checking information may be incorrect. [/home/victor/open_baseband/openasip/custom_units/LDPC/LDPC_decoder/new/project_1.srcs/sources_1/imports/new/defines.vh:]
WARNING: [filemgmt 56-199] Attempt to get parsing info during refresh. "On-the-fly" syntax checking information may be incorrect. [/home/victor/open_baseband/openasip/custom_units/LDPC/LDPC_decoder/new/project_1.srcs/sources_1/imports/new/cn_core.v:]
WARNING: [filemgmt 56-199] Attempt to get parsing info during refresh. "On-the-fly" syntax checking information may be incorrect. [/home/victor/open_baseband/openasip/custom_units/LDPC/LDPC_decoder/new/project_1.srcs/sources_1/imports/new/cn_core.v:]
synth_design -top cn_core -part xczu7ev-ffvc1156-2-e -lint 
Command: synth_design -top cn_core -part xczu7ev-ffvc1156-2-e -lint
Starting synth_design
Attempting to get a license for feature 'Synthesis' and/or device 'xczu7ev'
INFO: [Common 17-349] Got license for feature 'Synthesis' and/or device 'xczu7ev'
INFO: [Synth 8-7079] Multithreading enabled for synth_design using a maximum of 7 processes.
---------------------------------------------------------------------------------
Starting Synthesize : Time (s): cpu = 00:00:03 ; elapsed = 00:00:03 . Memory (MB): peak = 11034.375 ; gain = 0.000 ; free physical = 2631 ; free virtual = 14275
---------------------------------------------------------------------------------
Clean up Linter database...
ERROR: [Synth 8-36] 'MAX_LEVEL_CN_PROC_AGGREGATION' is not declared [/home/victor/open_baseband/openasip/custom_units/LDPC/LDPC_decoder/new/project_1.srcs/sources_1/imports/new/cn_core.v:94]
ERROR: [Synth 8-36] 'MAX_LEVEL_CN_PROC_AGGREGATION' is not declared [/home/victor/open_baseband/openasip/custom_units/LDPC/LDPC_decoder/new/project_1.srcs/sources_1/imports/new/cn_core.v:103]
ERROR: [Synth 8-36] 'MAX_LEVEL_CN_PROC_AGGREGATION' is not declared [/home/victor/open_baseband/openasip/custom_units/LDPC/LDPC_decoder/new/project_1.srcs/sources_1/imports/new/cn_core.v:114]
ERROR: [Synth 8-36] 'MAX_LEVEL_CN_PROC_AGGREGATION' is not declared [/home/victor/open_baseband/openasip/custom_units/LDPC/LDPC_decoder/new/project_1.srcs/sources_1/imports/new/cn_core.v:127]
ERROR: [Synth 8-36] 'MAX_LEVEL_CN_PROC_AGGREGATION' is not declared [/home/victor/open_baseband/openasip/custom_units/LDPC/LDPC_decoder/new/project_1.srcs/sources_1/imports/new/cn_core.v:142]
ERROR: [Synth 8-35] 'sel_mux_cn_proc_3' is not a constant [/home/victor/open_baseband/openasip/custom_units/LDPC/LDPC_decoder/new/project_1.srcs/sources_1/imports/new/cn_core.v:173]
ERROR: [Synth 8-35] 'sel_mux_cn_proc_4' is not a constant [/home/victor/open_baseband/openasip/custom_units/LDPC/LDPC_decoder/new/project_1.srcs/sources_1/imports/new/cn_core.v:186]
ERROR: [Synth 8-35] 'sel_mux_cn_proc_3' is not a constant [/home/victor/open_baseband/openasip/custom_units/LDPC/LDPC_decoder/new/project_1.srcs/sources_1/imports/new/cn_core.v:202]
ERROR: [Synth 8-35] 'sel_mux_cn_proc_4' is not a constant [/home/victor/open_baseband/openasip/custom_units/LDPC/LDPC_decoder/new/project_1.srcs/sources_1/imports/new/cn_core.v:215]
ERROR: [Synth 8-35] 'sel_mux_cn_proc_5' is not a constant [/home/victor/open_baseband/openasip/custom_units/LDPC/LDPC_decoder/new/project_1.srcs/sources_1/imports/new/cn_core.v:228]
ERROR: [Synth 8-35] 'sel_mux_cn_proc_3' is not a constant [/home/victor/open_baseband/openasip/custom_units/LDPC/LDPC_decoder/new/project_1.srcs/sources_1/imports/new/cn_core.v:244]
ERROR: [Synth 8-35] 'sel_mux_cn_proc_4' is not a constant [/home/victor/open_baseband/openasip/custom_units/LDPC/LDPC_decoder/new/project_1.srcs/sources_1/imports/new/cn_core.v:257]
ERROR: [Synth 8-35] 'sel_mux_cn_proc_5' is not a constant [/home/victor/open_baseband/openasip/custom_units/LDPC/LDPC_decoder/new/project_1.srcs/sources_1/imports/new/cn_core.v:270]
ERROR: [Synth 8-35] 'sel_mux_cn_proc_6' is not a constant [/home/victor/open_baseband/openasip/custom_units/LDPC/LDPC_decoder/new/project_1.srcs/sources_1/imports/new/cn_core.v:283]
ERROR: [Synth 8-35] 'sel_mux_cn_proc_3' is not a constant [/home/victor/open_baseband/openasip/custom_units/LDPC/LDPC_decoder/new/project_1.srcs/sources_1/imports/new/cn_core.v:299]
ERROR: [Synth 8-35] 'sel_mux_cn_proc_4' is not a constant [/home/victor/open_baseband/openasip/custom_units/LDPC/LDPC_decoder/new/project_1.srcs/sources_1/imports/new/cn_core.v:312]
ERROR: [Synth 8-35] 'sel_mux_cn_proc_5' is not a constant [/home/victor/open_baseband/openasip/custom_units/LDPC/LDPC_decoder/new/project_1.srcs/sources_1/imports/new/cn_core.v:325]
ERROR: [Synth 8-35] 'sel_mux_cn_proc_6' is not a constant [/home/victor/open_baseband/openasip/custom_units/LDPC/LDPC_decoder/new/project_1.srcs/sources_1/imports/new/cn_core.v:338]
ERROR: [Synth 8-35] 'sel_mux_cn_proc_7' is not a constant [/home/victor/open_baseband/openasip/custom_units/LDPC/LDPC_decoder/new/project_1.srcs/sources_1/imports/new/cn_core.v:351]
ERROR: [Synth 8-12188] Failed to read verilog '/home/victor/open_baseband/openasip/custom_units/LDPC/LDPC_decoder/new/project_1.srcs/sources_1/imports/new/cn_core.v'
---------------------------------------------------------------------------------
Finished Synthesize : Time (s): cpu = 00:00:04 ; elapsed = 00:00:04 . Memory (MB): peak = 11034.375 ; gain = 0.000 ; free physical = 2633 ; free virtual = 14277
---------------------------------------------------------------------------------
synthesize failed
INFO: [Common 17-83] Releasing license: Synthesis
3 Infos, 0 Warnings, 0 Critical Warnings and 20 Errors encountered.
synth_design completed successfully
ERROR: [Common 17-39] 'synth_design' failed due to earlier errors.
WARNING: [filemgmt 56-199] Attempt to get parsing info during refresh. "On-the-fly" syntax checking information may be incorrect. [/home/victor/open_baseband/openasip/custom_units/LDPC/LDPC_decoder/new/project_1.srcs/sources_1/imports/new/cn_core.v:]
WARNING: [filemgmt 56-199] Attempt to get parsing info during refresh. "On-the-fly" syntax checking information may be incorrect. [/home/victor/open_baseband/openasip/custom_units/LDPC/LDPC_decoder/new/project_1.srcs/sources_1/imports/new/defines.vh:]
WARNING: [filemgmt 56-199] Attempt to get parsing info during refresh. "On-the-fly" syntax checking information may be incorrect. [/home/victor/open_baseband/openasip/custom_units/LDPC/LDPC_decoder/new/project_1.srcs/sources_1/imports/new/cn_core.v:]
WARNING: [filemgmt 56-199] Attempt to get parsing info during refresh. "On-the-fly" syntax checking information may be incorrect. [/home/victor/open_baseband/openasip/custom_units/LDPC/LDPC_decoder/new/project_1.srcs/sources_1/imports/new/cn_core.v:]
update_files -from_files /home/victor/open_baseband/openasip/custom_units/LDPC/LDPC_decoder/new/cn_core.v -to_files /home/victor/open_baseband/openasip/custom_units/LDPC/LDPC_decoder/new/project_1.srcs/sources_1/imports/new/cn_core.v -filesets [get_filesets *]
INFO: [filemgmt 20-762] Replacing file '/home/victor/open_baseband/openasip/custom_units/LDPC/LDPC_decoder/new/project_1.srcs/sources_1/imports/new/cn_core.v' with file '/home/victor/open_baseband/openasip/custom_units/LDPC/LDPC_decoder/new/cn_core.v'.
INFO: [filemgmt 20-1080] Importing file from '/home/victor/open_baseband/openasip/custom_units/LDPC/LDPC_decoder/new/cn_core.v' to '/home/victor/open_baseband/openasip/custom_units/LDPC/LDPC_decoder/new/project_1.srcs/sources_1/imports/new/cn_core.v'.
WARNING: [filemgmt 56-199] Attempt to get parsing info during refresh. "On-the-fly" syntax checking information may be incorrect. [/home/victor/open_baseband/openasip/custom_units/LDPC/LDPC_decoder/new/project_1.srcs/sources_1/imports/new/cn_core.v:]
WARNING: [filemgmt 56-199] Attempt to get parsing info during refresh. "On-the-fly" syntax checking information may be incorrect. [/home/victor/open_baseband/openasip/custom_units/LDPC/LDPC_decoder/new/project_1.srcs/sources_1/imports/new/defines.vh:]
WARNING: [filemgmt 56-199] Attempt to get parsing info during refresh. "On-the-fly" syntax checking information may be incorrect. [/home/victor/open_baseband/openasip/custom_units/LDPC/LDPC_decoder/new/project_1.srcs/sources_1/imports/new/cn_core.v:]
WARNING: [filemgmt 56-199] Attempt to get parsing info during refresh. "On-the-fly" syntax checking information may be incorrect. [/home/victor/open_baseband/openasip/custom_units/LDPC/LDPC_decoder/new/project_1.srcs/sources_1/imports/new/cn_core.v:]
synth_design -top cn_core -part xczu7ev-ffvc1156-2-e -lint 
Command: synth_design -top cn_core -part xczu7ev-ffvc1156-2-e -lint
Starting synth_design
Attempting to get a license for feature 'Synthesis' and/or device 'xczu7ev'
INFO: [Common 17-349] Got license for feature 'Synthesis' and/or device 'xczu7ev'
INFO: [Synth 8-7079] Multithreading enabled for synth_design using a maximum of 7 processes.
---------------------------------------------------------------------------------
Starting Synthesize : Time (s): cpu = 00:00:03 ; elapsed = 00:00:03 . Memory (MB): peak = 11052.379 ; gain = 0.000 ; free physical = 2621 ; free virtual = 14271
---------------------------------------------------------------------------------
Clean up Linter database...
ERROR: [Synth 8-35] 'sel_mux_cn_proc_3' is not a constant [/home/victor/open_baseband/openasip/custom_units/LDPC/LDPC_decoder/new/project_1.srcs/sources_1/imports/new/cn_core.v:173]
ERROR: [Synth 8-35] 'sel_mux_cn_proc_4' is not a constant [/home/victor/open_baseband/openasip/custom_units/LDPC/LDPC_decoder/new/project_1.srcs/sources_1/imports/new/cn_core.v:186]
ERROR: [Synth 8-35] 'sel_mux_cn_proc_3' is not a constant [/home/victor/open_baseband/openasip/custom_units/LDPC/LDPC_decoder/new/project_1.srcs/sources_1/imports/new/cn_core.v:202]
ERROR: [Synth 8-35] 'sel_mux_cn_proc_4' is not a constant [/home/victor/open_baseband/openasip/custom_units/LDPC/LDPC_decoder/new/project_1.srcs/sources_1/imports/new/cn_core.v:215]
ERROR: [Synth 8-35] 'sel_mux_cn_proc_5' is not a constant [/home/victor/open_baseband/openasip/custom_units/LDPC/LDPC_decoder/new/project_1.srcs/sources_1/imports/new/cn_core.v:228]
ERROR: [Synth 8-35] 'sel_mux_cn_proc_3' is not a constant [/home/victor/open_baseband/openasip/custom_units/LDPC/LDPC_decoder/new/project_1.srcs/sources_1/imports/new/cn_core.v:244]
ERROR: [Synth 8-35] 'sel_mux_cn_proc_4' is not a constant [/home/victor/open_baseband/openasip/custom_units/LDPC/LDPC_decoder/new/project_1.srcs/sources_1/imports/new/cn_core.v:257]
ERROR: [Synth 8-35] 'sel_mux_cn_proc_5' is not a constant [/home/victor/open_baseband/openasip/custom_units/LDPC/LDPC_decoder/new/project_1.srcs/sources_1/imports/new/cn_core.v:270]
ERROR: [Synth 8-35] 'sel_mux_cn_proc_6' is not a constant [/home/victor/open_baseband/openasip/custom_units/LDPC/LDPC_decoder/new/project_1.srcs/sources_1/imports/new/cn_core.v:283]
ERROR: [Synth 8-35] 'sel_mux_cn_proc_3' is not a constant [/home/victor/open_baseband/openasip/custom_units/LDPC/LDPC_decoder/new/project_1.srcs/sources_1/imports/new/cn_core.v:299]
ERROR: [Synth 8-35] 'sel_mux_cn_proc_4' is not a constant [/home/victor/open_baseband/openasip/custom_units/LDPC/LDPC_decoder/new/project_1.srcs/sources_1/imports/new/cn_core.v:312]
ERROR: [Synth 8-35] 'sel_mux_cn_proc_5' is not a constant [/home/victor/open_baseband/openasip/custom_units/LDPC/LDPC_decoder/new/project_1.srcs/sources_1/imports/new/cn_core.v:325]
ERROR: [Synth 8-35] 'sel_mux_cn_proc_6' is not a constant [/home/victor/open_baseband/openasip/custom_units/LDPC/LDPC_decoder/new/project_1.srcs/sources_1/imports/new/cn_core.v:338]
ERROR: [Synth 8-35] 'sel_mux_cn_proc_7' is not a constant [/home/victor/open_baseband/openasip/custom_units/LDPC/LDPC_decoder/new/project_1.srcs/sources_1/imports/new/cn_core.v:351]
ERROR: [Synth 8-35] 'sel_mux_cn_proc_3' is not a constant [/home/victor/open_baseband/openasip/custom_units/LDPC/LDPC_decoder/new/project_1.srcs/sources_1/imports/new/cn_core.v:367]
ERROR: [Synth 8-35] 'sel_mux_cn_proc_4' is not a constant [/home/victor/open_baseband/openasip/custom_units/LDPC/LDPC_decoder/new/project_1.srcs/sources_1/imports/new/cn_core.v:380]
ERROR: [Synth 8-35] 'sel_mux_cn_proc_5' is not a constant [/home/victor/open_baseband/openasip/custom_units/LDPC/LDPC_decoder/new/project_1.srcs/sources_1/imports/new/cn_core.v:393]
ERROR: [Synth 8-35] 'sel_mux_cn_proc_6' is not a constant [/home/victor/open_baseband/openasip/custom_units/LDPC/LDPC_decoder/new/project_1.srcs/sources_1/imports/new/cn_core.v:406]
ERROR: [Synth 8-35] 'sel_mux_cn_proc_7' is not a constant [/home/victor/open_baseband/openasip/custom_units/LDPC/LDPC_decoder/new/project_1.srcs/sources_1/imports/new/cn_core.v:419]
ERROR: [Synth 8-12188] Failed to read verilog '/home/victor/open_baseband/openasip/custom_units/LDPC/LDPC_decoder/new/project_1.srcs/sources_1/imports/new/cn_core.v'
---------------------------------------------------------------------------------
Finished Synthesize : Time (s): cpu = 00:00:04 ; elapsed = 00:00:04 . Memory (MB): peak = 11052.379 ; gain = 0.000 ; free physical = 2621 ; free virtual = 14271
---------------------------------------------------------------------------------
synthesize failed
INFO: [Common 17-83] Releasing license: Synthesis
3 Infos, 0 Warnings, 0 Critical Warnings and 20 Errors encountered.
synth_design completed successfully
ERROR: [Common 17-39] 'synth_design' failed due to earlier errors.
WARNING: [filemgmt 56-199] Attempt to get parsing info during refresh. "On-the-fly" syntax checking information may be incorrect. [/home/victor/open_baseband/openasip/custom_units/LDPC/LDPC_decoder/new/project_1.srcs/sources_1/imports/new/cn_core.v:]
WARNING: [filemgmt 56-199] Attempt to get parsing info during refresh. "On-the-fly" syntax checking information may be incorrect. [/home/victor/open_baseband/openasip/custom_units/LDPC/LDPC_decoder/new/project_1.srcs/sources_1/imports/new/defines.vh:]
WARNING: [filemgmt 56-199] Attempt to get parsing info during refresh. "On-the-fly" syntax checking information may be incorrect. [/home/victor/open_baseband/openasip/custom_units/LDPC/LDPC_decoder/new/project_1.srcs/sources_1/imports/new/cn_core.v:]
WARNING: [filemgmt 56-199] Attempt to get parsing info during refresh. "On-the-fly" syntax checking information may be incorrect. [/home/victor/open_baseband/openasip/custom_units/LDPC/LDPC_decoder/new/project_1.srcs/sources_1/imports/new/cn_core.v:]
update_files -from_files /home/victor/open_baseband/openasip/custom_units/LDPC/LDPC_decoder/new/cn_core.v -to_files /home/victor/open_baseband/openasip/custom_units/LDPC/LDPC_decoder/new/project_1.srcs/sources_1/imports/new/cn_core.v -filesets [get_filesets *]
INFO: [filemgmt 20-762] Replacing file '/home/victor/open_baseband/openasip/custom_units/LDPC/LDPC_decoder/new/project_1.srcs/sources_1/imports/new/cn_core.v' with file '/home/victor/open_baseband/openasip/custom_units/LDPC/LDPC_decoder/new/cn_core.v'.
INFO: [filemgmt 20-1080] Importing file from '/home/victor/open_baseband/openasip/custom_units/LDPC/LDPC_decoder/new/cn_core.v' to '/home/victor/open_baseband/openasip/custom_units/LDPC/LDPC_decoder/new/project_1.srcs/sources_1/imports/new/cn_core.v'.
WARNING: [filemgmt 56-199] Attempt to get parsing info during refresh. "On-the-fly" syntax checking information may be incorrect. [/home/victor/open_baseband/openasip/custom_units/LDPC/LDPC_decoder/new/project_1.srcs/sources_1/imports/new/cn_core.v:]
WARNING: [filemgmt 56-199] Attempt to get parsing info during refresh. "On-the-fly" syntax checking information may be incorrect. [/home/victor/open_baseband/openasip/custom_units/LDPC/LDPC_decoder/new/project_1.srcs/sources_1/imports/new/defines.vh:]
WARNING: [filemgmt 56-199] Attempt to get parsing info during refresh. "On-the-fly" syntax checking information may be incorrect. [/home/victor/open_baseband/openasip/custom_units/LDPC/LDPC_decoder/new/project_1.srcs/sources_1/imports/new/cn_core.v:]
WARNING: [filemgmt 56-199] Attempt to get parsing info during refresh. "On-the-fly" syntax checking information may be incorrect. [/home/victor/open_baseband/openasip/custom_units/LDPC/LDPC_decoder/new/project_1.srcs/sources_1/imports/new/cn_core.v:]
synth_design -top cn_core -part xczu7ev-ffvc1156-2-e -lint 
Command: synth_design -top cn_core -part xczu7ev-ffvc1156-2-e -lint
Starting synth_design
Attempting to get a license for feature 'Synthesis' and/or device 'xczu7ev'
INFO: [Common 17-349] Got license for feature 'Synthesis' and/or device 'xczu7ev'
INFO: [Synth 8-7079] Multithreading enabled for synth_design using a maximum of 7 processes.
---------------------------------------------------------------------------------
Starting Synthesize : Time (s): cpu = 00:00:03 ; elapsed = 00:00:03 . Memory (MB): peak = 11068.422 ; gain = 0.000 ; free physical = 2625 ; free virtual = 14303
---------------------------------------------------------------------------------
Clean up Linter database...
ERROR: [Synth 8-35] 'sel_mux_cn_proc_3' is not a constant [/home/victor/open_baseband/openasip/custom_units/LDPC/LDPC_decoder/new/project_1.srcs/sources_1/imports/new/cn_core.v:174]
ERROR: [Synth 8-35] 'sel_mux_cn_proc_4' is not a constant [/home/victor/open_baseband/openasip/custom_units/LDPC/LDPC_decoder/new/project_1.srcs/sources_1/imports/new/cn_core.v:187]
ERROR: [Synth 8-35] 'sel_mux_cn_proc_3' is not a constant [/home/victor/open_baseband/openasip/custom_units/LDPC/LDPC_decoder/new/project_1.srcs/sources_1/imports/new/cn_core.v:203]
ERROR: [Synth 8-35] 'sel_mux_cn_proc_4' is not a constant [/home/victor/open_baseband/openasip/custom_units/LDPC/LDPC_decoder/new/project_1.srcs/sources_1/imports/new/cn_core.v:216]
ERROR: [Synth 8-35] 'sel_mux_cn_proc_5' is not a constant [/home/victor/open_baseband/openasip/custom_units/LDPC/LDPC_decoder/new/project_1.srcs/sources_1/imports/new/cn_core.v:229]
ERROR: [Synth 8-35] 'sel_mux_cn_proc_3' is not a constant [/home/victor/open_baseband/openasip/custom_units/LDPC/LDPC_decoder/new/project_1.srcs/sources_1/imports/new/cn_core.v:245]
ERROR: [Synth 8-35] 'sel_mux_cn_proc_4' is not a constant [/home/victor/open_baseband/openasip/custom_units/LDPC/LDPC_decoder/new/project_1.srcs/sources_1/imports/new/cn_core.v:258]
ERROR: [Synth 8-35] 'sel_mux_cn_proc_5' is not a constant [/home/victor/open_baseband/openasip/custom_units/LDPC/LDPC_decoder/new/project_1.srcs/sources_1/imports/new/cn_core.v:271]
ERROR: [Synth 8-35] 'sel_mux_cn_proc_6' is not a constant [/home/victor/open_baseband/openasip/custom_units/LDPC/LDPC_decoder/new/project_1.srcs/sources_1/imports/new/cn_core.v:284]
ERROR: [Synth 8-35] 'sel_mux_cn_proc_3' is not a constant [/home/victor/open_baseband/openasip/custom_units/LDPC/LDPC_decoder/new/project_1.srcs/sources_1/imports/new/cn_core.v:300]
ERROR: [Synth 8-35] 'sel_mux_cn_proc_4' is not a constant [/home/victor/open_baseband/openasip/custom_units/LDPC/LDPC_decoder/new/project_1.srcs/sources_1/imports/new/cn_core.v:313]
ERROR: [Synth 8-35] 'sel_mux_cn_proc_5' is not a constant [/home/victor/open_baseband/openasip/custom_units/LDPC/LDPC_decoder/new/project_1.srcs/sources_1/imports/new/cn_core.v:326]
ERROR: [Synth 8-35] 'sel_mux_cn_proc_6' is not a constant [/home/victor/open_baseband/openasip/custom_units/LDPC/LDPC_decoder/new/project_1.srcs/sources_1/imports/new/cn_core.v:339]
ERROR: [Synth 8-35] 'sel_mux_cn_proc_7' is not a constant [/home/victor/open_baseband/openasip/custom_units/LDPC/LDPC_decoder/new/project_1.srcs/sources_1/imports/new/cn_core.v:352]
ERROR: [Synth 8-35] 'sel_mux_cn_proc_3' is not a constant [/home/victor/open_baseband/openasip/custom_units/LDPC/LDPC_decoder/new/project_1.srcs/sources_1/imports/new/cn_core.v:368]
ERROR: [Synth 8-35] 'sel_mux_cn_proc_4' is not a constant [/home/victor/open_baseband/openasip/custom_units/LDPC/LDPC_decoder/new/project_1.srcs/sources_1/imports/new/cn_core.v:381]
ERROR: [Synth 8-35] 'sel_mux_cn_proc_5' is not a constant [/home/victor/open_baseband/openasip/custom_units/LDPC/LDPC_decoder/new/project_1.srcs/sources_1/imports/new/cn_core.v:394]
ERROR: [Synth 8-35] 'sel_mux_cn_proc_6' is not a constant [/home/victor/open_baseband/openasip/custom_units/LDPC/LDPC_decoder/new/project_1.srcs/sources_1/imports/new/cn_core.v:407]
ERROR: [Synth 8-35] 'sel_mux_cn_proc_7' is not a constant [/home/victor/open_baseband/openasip/custom_units/LDPC/LDPC_decoder/new/project_1.srcs/sources_1/imports/new/cn_core.v:420]
ERROR: [Synth 8-12188] Failed to read verilog '/home/victor/open_baseband/openasip/custom_units/LDPC/LDPC_decoder/new/project_1.srcs/sources_1/imports/new/cn_core.v'
---------------------------------------------------------------------------------
Finished Synthesize : Time (s): cpu = 00:00:04 ; elapsed = 00:00:04 . Memory (MB): peak = 11068.422 ; gain = 0.000 ; free physical = 2626 ; free virtual = 14303
---------------------------------------------------------------------------------
synthesize failed
INFO: [Common 17-83] Releasing license: Synthesis
3 Infos, 0 Warnings, 0 Critical Warnings and 20 Errors encountered.
synth_design completed successfully
ERROR: [Common 17-39] 'synth_design' failed due to earlier errors.
WARNING: [filemgmt 56-199] Attempt to get parsing info during refresh. "On-the-fly" syntax checking information may be incorrect. [/home/victor/open_baseband/openasip/custom_units/LDPC/LDPC_decoder/new/project_1.srcs/sources_1/imports/new/cn_core.v:]
WARNING: [filemgmt 56-199] Attempt to get parsing info during refresh. "On-the-fly" syntax checking information may be incorrect. [/home/victor/open_baseband/openasip/custom_units/LDPC/LDPC_decoder/new/project_1.srcs/sources_1/imports/new/defines.vh:]
WARNING: [filemgmt 56-199] Attempt to get parsing info during refresh. "On-the-fly" syntax checking information may be incorrect. [/home/victor/open_baseband/openasip/custom_units/LDPC/LDPC_decoder/new/project_1.srcs/sources_1/imports/new/cn_core.v:]
WARNING: [filemgmt 56-199] Attempt to get parsing info during refresh. "On-the-fly" syntax checking information may be incorrect. [/home/victor/open_baseband/openasip/custom_units/LDPC/LDPC_decoder/new/project_1.srcs/sources_1/imports/new/cn_core.v:]
update_files -from_files /home/victor/open_baseband/openasip/custom_units/LDPC/LDPC_decoder/new/cn_core.v -to_files /home/victor/open_baseband/openasip/custom_units/LDPC/LDPC_decoder/new/project_1.srcs/sources_1/imports/new/cn_core.v -filesets [get_filesets *]
INFO: [filemgmt 20-762] Replacing file '/home/victor/open_baseband/openasip/custom_units/LDPC/LDPC_decoder/new/project_1.srcs/sources_1/imports/new/cn_core.v' with file '/home/victor/open_baseband/openasip/custom_units/LDPC/LDPC_decoder/new/cn_core.v'.
INFO: [filemgmt 20-1080] Importing file from '/home/victor/open_baseband/openasip/custom_units/LDPC/LDPC_decoder/new/cn_core.v' to '/home/victor/open_baseband/openasip/custom_units/LDPC/LDPC_decoder/new/project_1.srcs/sources_1/imports/new/cn_core.v'.
WARNING: [filemgmt 56-199] Attempt to get parsing info during refresh. "On-the-fly" syntax checking information may be incorrect. [/home/victor/open_baseband/openasip/custom_units/LDPC/LDPC_decoder/new/project_1.srcs/sources_1/imports/new/cn_core.v:]
WARNING: [filemgmt 56-199] Attempt to get parsing info during refresh. "On-the-fly" syntax checking information may be incorrect. [/home/victor/open_baseband/openasip/custom_units/LDPC/LDPC_decoder/new/project_1.srcs/sources_1/imports/new/defines.vh:]
WARNING: [filemgmt 56-199] Attempt to get parsing info during refresh. "On-the-fly" syntax checking information may be incorrect. [/home/victor/open_baseband/openasip/custom_units/LDPC/LDPC_decoder/new/project_1.srcs/sources_1/imports/new/cn_core.v:]
WARNING: [filemgmt 56-199] Attempt to get parsing info during refresh. "On-the-fly" syntax checking information may be incorrect. [/home/victor/open_baseband/openasip/custom_units/LDPC/LDPC_decoder/new/project_1.srcs/sources_1/imports/new/cn_core.v:]
synth_design -top cn_core -part xczu7ev-ffvc1156-2-e -lint 
Command: synth_design -top cn_core -part xczu7ev-ffvc1156-2-e -lint
Starting synth_design
Attempting to get a license for feature 'Synthesis' and/or device 'xczu7ev'
INFO: [Common 17-349] Got license for feature 'Synthesis' and/or device 'xczu7ev'
INFO: [Synth 8-7079] Multithreading enabled for synth_design using a maximum of 7 processes.
---------------------------------------------------------------------------------
Starting Synthesize : Time (s): cpu = 00:00:03 ; elapsed = 00:00:03 . Memory (MB): peak = 11084.359 ; gain = 7.934 ; free physical = 2600 ; free virtual = 14287
---------------------------------------------------------------------------------
Clean up Linter database...
ERROR: [Synth 8-35] 'sel_demux_min_0' is not a constant [/home/victor/open_baseband/openasip/custom_units/LDPC/LDPC_decoder/new/project_1.srcs/sources_1/imports/new/cn_core.v:933]
ERROR: [Synth 8-35] 'sel_demux_min_1' is not a constant [/home/victor/open_baseband/openasip/custom_units/LDPC/LDPC_decoder/new/project_1.srcs/sources_1/imports/new/cn_core.v:941]
ERROR: [Synth 8-35] 'sel_demux_mul_0' is not a constant [/home/victor/open_baseband/openasip/custom_units/LDPC/LDPC_decoder/new/project_1.srcs/sources_1/imports/new/cn_core.v:949]
ERROR: [Synth 8-35] 'sel_demux_mul_1' is not a constant [/home/victor/open_baseband/openasip/custom_units/LDPC/LDPC_decoder/new/project_1.srcs/sources_1/imports/new/cn_core.v:957]
ERROR: [Synth 8-35] 'sel_demux_min_0' is not a constant [/home/victor/open_baseband/openasip/custom_units/LDPC/LDPC_decoder/new/project_1.srcs/sources_1/imports/new/cn_core.v:974]
ERROR: [Synth 8-35] 'sel_demux_min_1' is not a constant [/home/victor/open_baseband/openasip/custom_units/LDPC/LDPC_decoder/new/project_1.srcs/sources_1/imports/new/cn_core.v:984]
ERROR: [Synth 8-35] 'sel_demux_min_2' is not a constant [/home/victor/open_baseband/openasip/custom_units/LDPC/LDPC_decoder/new/project_1.srcs/sources_1/imports/new/cn_core.v:994]
ERROR: [Synth 8-35] 'sel_demux_mul_0' is not a constant [/home/victor/open_baseband/openasip/custom_units/LDPC/LDPC_decoder/new/project_1.srcs/sources_1/imports/new/cn_core.v:1004]
ERROR: [Synth 8-35] 'sel_demux_mul_1' is not a constant [/home/victor/open_baseband/openasip/custom_units/LDPC/LDPC_decoder/new/project_1.srcs/sources_1/imports/new/cn_core.v:1014]
ERROR: [Synth 8-35] 'sel_demux_mul_2' is not a constant [/home/victor/open_baseband/openasip/custom_units/LDPC/LDPC_decoder/new/project_1.srcs/sources_1/imports/new/cn_core.v:1024]
ERROR: [Synth 8-35] 'sel_demux_min_0' is not a constant [/home/victor/open_baseband/openasip/custom_units/LDPC/LDPC_decoder/new/project_1.srcs/sources_1/imports/new/cn_core.v:1043]
ERROR: [Synth 8-35] 'sel_demux_min_1' is not a constant [/home/victor/open_baseband/openasip/custom_units/LDPC/LDPC_decoder/new/project_1.srcs/sources_1/imports/new/cn_core.v:1055]
ERROR: [Synth 8-35] 'sel_demux_min_2' is not a constant [/home/victor/open_baseband/openasip/custom_units/LDPC/LDPC_decoder/new/project_1.srcs/sources_1/imports/new/cn_core.v:1067]
ERROR: [Synth 8-35] 'sel_demux_mul_0' is not a constant [/home/victor/open_baseband/openasip/custom_units/LDPC/LDPC_decoder/new/project_1.srcs/sources_1/imports/new/cn_core.v:1079]
ERROR: [Synth 8-35] 'sel_demux_mul_1' is not a constant [/home/victor/open_baseband/openasip/custom_units/LDPC/LDPC_decoder/new/project_1.srcs/sources_1/imports/new/cn_core.v:1091]
ERROR: [Synth 8-35] 'sel_demux_mul_2' is not a constant [/home/victor/open_baseband/openasip/custom_units/LDPC/LDPC_decoder/new/project_1.srcs/sources_1/imports/new/cn_core.v:1103]
ERROR: [Synth 8-35] 'sel_demux_min_0' is not a constant [/home/victor/open_baseband/openasip/custom_units/LDPC/LDPC_decoder/new/project_1.srcs/sources_1/imports/new/cn_core.v:1124]
ERROR: [Synth 8-35] 'sel_demux_min_1' is not a constant [/home/victor/open_baseband/openasip/custom_units/LDPC/LDPC_decoder/new/project_1.srcs/sources_1/imports/new/cn_core.v:1138]
ERROR: [Synth 8-35] 'sel_demux_min_2' is not a constant [/home/victor/open_baseband/openasip/custom_units/LDPC/LDPC_decoder/new/project_1.srcs/sources_1/imports/new/cn_core.v:1152]
ERROR: [Synth 8-12188] Failed to read verilog '/home/victor/open_baseband/openasip/custom_units/LDPC/LDPC_decoder/new/project_1.srcs/sources_1/imports/new/cn_core.v'
---------------------------------------------------------------------------------
Finished Synthesize : Time (s): cpu = 00:00:04 ; elapsed = 00:00:04 . Memory (MB): peak = 11096.359 ; gain = 19.934 ; free physical = 2602 ; free virtual = 14288
---------------------------------------------------------------------------------
synthesize failed
INFO: [Common 17-83] Releasing license: Synthesis
3 Infos, 0 Warnings, 0 Critical Warnings and 20 Errors encountered.
synth_design completed successfully
ERROR: [Common 17-39] 'synth_design' failed due to earlier errors.
synth_design -top cn_core -part xczu7ev-ffvc1156-2-e -lint 
Command: synth_design -top cn_core -part xczu7ev-ffvc1156-2-e -lint
Starting synth_design
Attempting to get a license for feature 'Synthesis' and/or device 'xczu7ev'
INFO: [Common 17-349] Got license for feature 'Synthesis' and/or device 'xczu7ev'
INFO: [Synth 8-7079] Multithreading enabled for synth_design using a maximum of 7 processes.
---------------------------------------------------------------------------------
Starting Synthesize : Time (s): cpu = 00:00:03 ; elapsed = 00:00:03 . Memory (MB): peak = 11096.359 ; gain = 0.000 ; free physical = 2617 ; free virtual = 14304
---------------------------------------------------------------------------------
Clean up Linter database...
ERROR: [Synth 8-35] 'sel_demux_min_0' is not a constant [/home/victor/open_baseband/openasip/custom_units/LDPC/LDPC_decoder/new/project_1.srcs/sources_1/imports/new/cn_core.v:933]
ERROR: [Synth 8-35] 'sel_demux_min_1' is not a constant [/home/victor/open_baseband/openasip/custom_units/LDPC/LDPC_decoder/new/project_1.srcs/sources_1/imports/new/cn_core.v:941]
ERROR: [Synth 8-35] 'sel_demux_mul_0' is not a constant [/home/victor/open_baseband/openasip/custom_units/LDPC/LDPC_decoder/new/project_1.srcs/sources_1/imports/new/cn_core.v:949]
ERROR: [Synth 8-35] 'sel_demux_mul_1' is not a constant [/home/victor/open_baseband/openasip/custom_units/LDPC/LDPC_decoder/new/project_1.srcs/sources_1/imports/new/cn_core.v:957]
ERROR: [Synth 8-35] 'sel_demux_min_0' is not a constant [/home/victor/open_baseband/openasip/custom_units/LDPC/LDPC_decoder/new/project_1.srcs/sources_1/imports/new/cn_core.v:974]
ERROR: [Synth 8-35] 'sel_demux_min_1' is not a constant [/home/victor/open_baseband/openasip/custom_units/LDPC/LDPC_decoder/new/project_1.srcs/sources_1/imports/new/cn_core.v:984]
ERROR: [Synth 8-35] 'sel_demux_min_2' is not a constant [/home/victor/open_baseband/openasip/custom_units/LDPC/LDPC_decoder/new/project_1.srcs/sources_1/imports/new/cn_core.v:994]
ERROR: [Synth 8-35] 'sel_demux_mul_0' is not a constant [/home/victor/open_baseband/openasip/custom_units/LDPC/LDPC_decoder/new/project_1.srcs/sources_1/imports/new/cn_core.v:1004]
ERROR: [Synth 8-35] 'sel_demux_mul_1' is not a constant [/home/victor/open_baseband/openasip/custom_units/LDPC/LDPC_decoder/new/project_1.srcs/sources_1/imports/new/cn_core.v:1014]
ERROR: [Synth 8-35] 'sel_demux_mul_2' is not a constant [/home/victor/open_baseband/openasip/custom_units/LDPC/LDPC_decoder/new/project_1.srcs/sources_1/imports/new/cn_core.v:1024]
ERROR: [Synth 8-35] 'sel_demux_min_0' is not a constant [/home/victor/open_baseband/openasip/custom_units/LDPC/LDPC_decoder/new/project_1.srcs/sources_1/imports/new/cn_core.v:1043]
ERROR: [Synth 8-35] 'sel_demux_min_1' is not a constant [/home/victor/open_baseband/openasip/custom_units/LDPC/LDPC_decoder/new/project_1.srcs/sources_1/imports/new/cn_core.v:1055]
ERROR: [Synth 8-35] 'sel_demux_min_2' is not a constant [/home/victor/open_baseband/openasip/custom_units/LDPC/LDPC_decoder/new/project_1.srcs/sources_1/imports/new/cn_core.v:1067]
ERROR: [Synth 8-35] 'sel_demux_mul_0' is not a constant [/home/victor/open_baseband/openasip/custom_units/LDPC/LDPC_decoder/new/project_1.srcs/sources_1/imports/new/cn_core.v:1079]
ERROR: [Synth 8-35] 'sel_demux_mul_1' is not a constant [/home/victor/open_baseband/openasip/custom_units/LDPC/LDPC_decoder/new/project_1.srcs/sources_1/imports/new/cn_core.v:1091]
ERROR: [Synth 8-35] 'sel_demux_mul_2' is not a constant [/home/victor/open_baseband/openasip/custom_units/LDPC/LDPC_decoder/new/project_1.srcs/sources_1/imports/new/cn_core.v:1103]
ERROR: [Synth 8-35] 'sel_demux_min_0' is not a constant [/home/victor/open_baseband/openasip/custom_units/LDPC/LDPC_decoder/new/project_1.srcs/sources_1/imports/new/cn_core.v:1124]
ERROR: [Synth 8-35] 'sel_demux_min_1' is not a constant [/home/victor/open_baseband/openasip/custom_units/LDPC/LDPC_decoder/new/project_1.srcs/sources_1/imports/new/cn_core.v:1138]
ERROR: [Synth 8-35] 'sel_demux_min_2' is not a constant [/home/victor/open_baseband/openasip/custom_units/LDPC/LDPC_decoder/new/project_1.srcs/sources_1/imports/new/cn_core.v:1152]
ERROR: [Synth 8-12188] Failed to read verilog '/home/victor/open_baseband/openasip/custom_units/LDPC/LDPC_decoder/new/project_1.srcs/sources_1/imports/new/cn_core.v'
---------------------------------------------------------------------------------
Finished Synthesize : Time (s): cpu = 00:00:04 ; elapsed = 00:00:04 . Memory (MB): peak = 11096.359 ; gain = 0.000 ; free physical = 2618 ; free virtual = 14305
---------------------------------------------------------------------------------
synthesize failed
INFO: [Common 17-83] Releasing license: Synthesis
3 Infos, 0 Warnings, 0 Critical Warnings and 20 Errors encountered.
synth_design completed successfully
ERROR: [Common 17-39] 'synth_design' failed due to earlier errors.
WARNING: [filemgmt 56-199] Attempt to get parsing info during refresh. "On-the-fly" syntax checking information may be incorrect. [/home/victor/open_baseband/openasip/custom_units/LDPC/LDPC_decoder/new/project_1.srcs/sources_1/imports/new/cn_core.v:]
WARNING: [filemgmt 56-199] Attempt to get parsing info during refresh. "On-the-fly" syntax checking information may be incorrect. [/home/victor/open_baseband/openasip/custom_units/LDPC/LDPC_decoder/new/project_1.srcs/sources_1/imports/new/defines.vh:]
WARNING: [filemgmt 56-199] Attempt to get parsing info during refresh. "On-the-fly" syntax checking information may be incorrect. [/home/victor/open_baseband/openasip/custom_units/LDPC/LDPC_decoder/new/project_1.srcs/sources_1/imports/new/cn_core.v:]
WARNING: [filemgmt 56-199] Attempt to get parsing info during refresh. "On-the-fly" syntax checking information may be incorrect. [/home/victor/open_baseband/openasip/custom_units/LDPC/LDPC_decoder/new/project_1.srcs/sources_1/imports/new/cn_core.v:]
update_files -from_files /home/victor/open_baseband/openasip/custom_units/LDPC/LDPC_decoder/new/cn_core.v -to_files /home/victor/open_baseband/openasip/custom_units/LDPC/LDPC_decoder/new/project_1.srcs/sources_1/imports/new/cn_core.v -filesets [get_filesets *]
INFO: [filemgmt 20-762] Replacing file '/home/victor/open_baseband/openasip/custom_units/LDPC/LDPC_decoder/new/project_1.srcs/sources_1/imports/new/cn_core.v' with file '/home/victor/open_baseband/openasip/custom_units/LDPC/LDPC_decoder/new/cn_core.v'.
INFO: [filemgmt 20-1080] Importing file from '/home/victor/open_baseband/openasip/custom_units/LDPC/LDPC_decoder/new/cn_core.v' to '/home/victor/open_baseband/openasip/custom_units/LDPC/LDPC_decoder/new/project_1.srcs/sources_1/imports/new/cn_core.v'.
WARNING: [filemgmt 56-199] Attempt to get parsing info during refresh. "On-the-fly" syntax checking information may be incorrect. [/home/victor/open_baseband/openasip/custom_units/LDPC/LDPC_decoder/new/project_1.srcs/sources_1/imports/new/cn_core.v:]
WARNING: [filemgmt 56-199] Attempt to get parsing info during refresh. "On-the-fly" syntax checking information may be incorrect. [/home/victor/open_baseband/openasip/custom_units/LDPC/LDPC_decoder/new/project_1.srcs/sources_1/imports/new/defines.vh:]
WARNING: [filemgmt 56-199] Attempt to get parsing info during refresh. "On-the-fly" syntax checking information may be incorrect. [/home/victor/open_baseband/openasip/custom_units/LDPC/LDPC_decoder/new/project_1.srcs/sources_1/imports/new/cn_core.v:]
WARNING: [filemgmt 56-199] Attempt to get parsing info during refresh. "On-the-fly" syntax checking information may be incorrect. [/home/victor/open_baseband/openasip/custom_units/LDPC/LDPC_decoder/new/project_1.srcs/sources_1/imports/new/cn_core.v:]
synth_design -top cn_core -part xczu7ev-ffvc1156-2-e -lint 
Command: synth_design -top cn_core -part xczu7ev-ffvc1156-2-e -lint
Starting synth_design
Attempting to get a license for feature 'Synthesis' and/or device 'xczu7ev'
INFO: [Common 17-349] Got license for feature 'Synthesis' and/or device 'xczu7ev'
INFO: [Synth 8-7079] Multithreading enabled for synth_design using a maximum of 7 processes.
---------------------------------------------------------------------------------
Starting Synthesize : Time (s): cpu = 00:00:03 ; elapsed = 00:00:03 . Memory (MB): peak = 11116.359 ; gain = 9.965 ; free physical = 2585 ; free virtual = 14295
---------------------------------------------------------------------------------
Clean up Linter database...
ERROR: [Synth 8-35] 'sel_demux_min_0' is not a constant [/home/victor/open_baseband/openasip/custom_units/LDPC/LDPC_decoder/new/project_1.srcs/sources_1/imports/new/cn_core.v:934]
ERROR: [Synth 8-35] 'sel_demux_min_1' is not a constant [/home/victor/open_baseband/openasip/custom_units/LDPC/LDPC_decoder/new/project_1.srcs/sources_1/imports/new/cn_core.v:942]
ERROR: [Synth 8-35] 'sel_demux_mul_0' is not a constant [/home/victor/open_baseband/openasip/custom_units/LDPC/LDPC_decoder/new/project_1.srcs/sources_1/imports/new/cn_core.v:950]
ERROR: [Synth 8-35] 'sel_demux_mul_1' is not a constant [/home/victor/open_baseband/openasip/custom_units/LDPC/LDPC_decoder/new/project_1.srcs/sources_1/imports/new/cn_core.v:958]
ERROR: [Synth 8-35] 'sel_demux_min_0' is not a constant [/home/victor/open_baseband/openasip/custom_units/LDPC/LDPC_decoder/new/project_1.srcs/sources_1/imports/new/cn_core.v:975]
ERROR: [Synth 8-35] 'sel_demux_min_1' is not a constant [/home/victor/open_baseband/openasip/custom_units/LDPC/LDPC_decoder/new/project_1.srcs/sources_1/imports/new/cn_core.v:985]
ERROR: [Synth 8-35] 'sel_demux_min_2' is not a constant [/home/victor/open_baseband/openasip/custom_units/LDPC/LDPC_decoder/new/project_1.srcs/sources_1/imports/new/cn_core.v:995]
ERROR: [Synth 8-35] 'sel_demux_mul_0' is not a constant [/home/victor/open_baseband/openasip/custom_units/LDPC/LDPC_decoder/new/project_1.srcs/sources_1/imports/new/cn_core.v:1005]
ERROR: [Synth 8-35] 'sel_demux_mul_1' is not a constant [/home/victor/open_baseband/openasip/custom_units/LDPC/LDPC_decoder/new/project_1.srcs/sources_1/imports/new/cn_core.v:1015]
ERROR: [Synth 8-35] 'sel_demux_mul_2' is not a constant [/home/victor/open_baseband/openasip/custom_units/LDPC/LDPC_decoder/new/project_1.srcs/sources_1/imports/new/cn_core.v:1025]
ERROR: [Synth 8-35] 'sel_demux_min_0' is not a constant [/home/victor/open_baseband/openasip/custom_units/LDPC/LDPC_decoder/new/project_1.srcs/sources_1/imports/new/cn_core.v:1044]
ERROR: [Synth 8-35] 'sel_demux_min_1' is not a constant [/home/victor/open_baseband/openasip/custom_units/LDPC/LDPC_decoder/new/project_1.srcs/sources_1/imports/new/cn_core.v:1056]
ERROR: [Synth 8-35] 'sel_demux_min_2' is not a constant [/home/victor/open_baseband/openasip/custom_units/LDPC/LDPC_decoder/new/project_1.srcs/sources_1/imports/new/cn_core.v:1068]
ERROR: [Synth 8-35] 'sel_demux_mul_0' is not a constant [/home/victor/open_baseband/openasip/custom_units/LDPC/LDPC_decoder/new/project_1.srcs/sources_1/imports/new/cn_core.v:1080]
ERROR: [Synth 8-35] 'sel_demux_mul_1' is not a constant [/home/victor/open_baseband/openasip/custom_units/LDPC/LDPC_decoder/new/project_1.srcs/sources_1/imports/new/cn_core.v:1092]
ERROR: [Synth 8-35] 'sel_demux_mul_2' is not a constant [/home/victor/open_baseband/openasip/custom_units/LDPC/LDPC_decoder/new/project_1.srcs/sources_1/imports/new/cn_core.v:1104]
ERROR: [Synth 8-35] 'sel_demux_min_0' is not a constant [/home/victor/open_baseband/openasip/custom_units/LDPC/LDPC_decoder/new/project_1.srcs/sources_1/imports/new/cn_core.v:1125]
ERROR: [Synth 8-35] 'sel_demux_min_1' is not a constant [/home/victor/open_baseband/openasip/custom_units/LDPC/LDPC_decoder/new/project_1.srcs/sources_1/imports/new/cn_core.v:1139]
ERROR: [Synth 8-35] 'sel_demux_min_2' is not a constant [/home/victor/open_baseband/openasip/custom_units/LDPC/LDPC_decoder/new/project_1.srcs/sources_1/imports/new/cn_core.v:1153]
ERROR: [Synth 8-12188] Failed to read verilog '/home/victor/open_baseband/openasip/custom_units/LDPC/LDPC_decoder/new/project_1.srcs/sources_1/imports/new/cn_core.v'
---------------------------------------------------------------------------------
Finished Synthesize : Time (s): cpu = 00:00:04 ; elapsed = 00:00:04 . Memory (MB): peak = 11116.359 ; gain = 9.965 ; free physical = 2588 ; free virtual = 14298
---------------------------------------------------------------------------------
synthesize failed
INFO: [Common 17-83] Releasing license: Synthesis
3 Infos, 0 Warnings, 0 Critical Warnings and 20 Errors encountered.
synth_design completed successfully
ERROR: [Common 17-39] 'synth_design' failed due to earlier errors.
WARNING: [filemgmt 56-199] Attempt to get parsing info during refresh. "On-the-fly" syntax checking information may be incorrect. [/home/victor/open_baseband/openasip/custom_units/LDPC/LDPC_decoder/new/project_1.srcs/sources_1/imports/new/cn_core.v:]
WARNING: [filemgmt 56-199] Attempt to get parsing info during refresh. "On-the-fly" syntax checking information may be incorrect. [/home/victor/open_baseband/openasip/custom_units/LDPC/LDPC_decoder/new/project_1.srcs/sources_1/imports/new/defines.vh:]
WARNING: [filemgmt 56-199] Attempt to get parsing info during refresh. "On-the-fly" syntax checking information may be incorrect. [/home/victor/open_baseband/openasip/custom_units/LDPC/LDPC_decoder/new/project_1.srcs/sources_1/imports/new/cn_core.v:]
WARNING: [filemgmt 56-199] Attempt to get parsing info during refresh. "On-the-fly" syntax checking information may be incorrect. [/home/victor/open_baseband/openasip/custom_units/LDPC/LDPC_decoder/new/project_1.srcs/sources_1/imports/new/cn_core.v:]
update_files -from_files /home/victor/open_baseband/openasip/custom_units/LDPC/LDPC_decoder/new/cn_core.v -to_files /home/victor/open_baseband/openasip/custom_units/LDPC/LDPC_decoder/new/project_1.srcs/sources_1/imports/new/cn_core.v -filesets [get_filesets *]
INFO: [filemgmt 20-762] Replacing file '/home/victor/open_baseband/openasip/custom_units/LDPC/LDPC_decoder/new/project_1.srcs/sources_1/imports/new/cn_core.v' with file '/home/victor/open_baseband/openasip/custom_units/LDPC/LDPC_decoder/new/cn_core.v'.
INFO: [filemgmt 20-1080] Importing file from '/home/victor/open_baseband/openasip/custom_units/LDPC/LDPC_decoder/new/cn_core.v' to '/home/victor/open_baseband/openasip/custom_units/LDPC/LDPC_decoder/new/project_1.srcs/sources_1/imports/new/cn_core.v'.
WARNING: [filemgmt 56-199] Attempt to get parsing info during refresh. "On-the-fly" syntax checking information may be incorrect. [/home/victor/open_baseband/openasip/custom_units/LDPC/LDPC_decoder/new/project_1.srcs/sources_1/imports/new/cn_core.v:]
WARNING: [filemgmt 56-199] Attempt to get parsing info during refresh. "On-the-fly" syntax checking information may be incorrect. [/home/victor/open_baseband/openasip/custom_units/LDPC/LDPC_decoder/new/project_1.srcs/sources_1/imports/new/defines.vh:]
WARNING: [filemgmt 56-199] Attempt to get parsing info during refresh. "On-the-fly" syntax checking information may be incorrect. [/home/victor/open_baseband/openasip/custom_units/LDPC/LDPC_decoder/new/project_1.srcs/sources_1/imports/new/cn_core.v:]
WARNING: [filemgmt 56-199] Attempt to get parsing info during refresh. "On-the-fly" syntax checking information may be incorrect. [/home/victor/open_baseband/openasip/custom_units/LDPC/LDPC_decoder/new/project_1.srcs/sources_1/imports/new/cn_core.v:]
synth_design -top cn_core -part xczu7ev-ffvc1156-2-e -lint 
Command: synth_design -top cn_core -part xczu7ev-ffvc1156-2-e -lint
Starting synth_design
Attempting to get a license for feature 'Synthesis' and/or device 'xczu7ev'
INFO: [Common 17-349] Got license for feature 'Synthesis' and/or device 'xczu7ev'
INFO: [Synth 8-7079] Multithreading enabled for synth_design using a maximum of 7 processes.
---------------------------------------------------------------------------------
Starting Synthesize : Time (s): cpu = 00:00:03 ; elapsed = 00:00:03 . Memory (MB): peak = 11126.395 ; gain = 0.000 ; free physical = 2567 ; free virtual = 14280
---------------------------------------------------------------------------------
Clean up Linter database...
ERROR: [Synth 8-35] 'sel_demux_min_30' is not a constant [/home/victor/open_baseband/openasip/custom_units/LDPC/LDPC_decoder/new/project_1.srcs/sources_1/imports/new/cn_core.v:1814]
ERROR: [Synth 8-35] 'sel_demux_mul_30' is not a constant [/home/victor/open_baseband/openasip/custom_units/LDPC/LDPC_decoder/new/project_1.srcs/sources_1/imports/new/cn_core.v:1828]
ERROR: [Synth 8-35] 'sel_demux_min_30' is not a constant [/home/victor/open_baseband/openasip/custom_units/LDPC/LDPC_decoder/new/project_1.srcs/sources_1/imports/new/cn_core.v:2030]
ERROR: [Synth 8-35] 'sel_demux_min_31' is not a constant [/home/victor/open_baseband/openasip/custom_units/LDPC/LDPC_decoder/new/project_1.srcs/sources_1/imports/new/cn_core.v:2037]
ERROR: [Synth 8-35] 'sel_demux_mul_30' is not a constant [/home/victor/open_baseband/openasip/custom_units/LDPC/LDPC_decoder/new/project_1.srcs/sources_1/imports/new/cn_core.v:2044]
ERROR: [Synth 8-35] 'sel_demux_mul_31' is not a constant [/home/victor/open_baseband/openasip/custom_units/LDPC/LDPC_decoder/new/project_1.srcs/sources_1/imports/new/cn_core.v:2051]
INFO: [Synth 8-10285] module 'cn_core' is ignored due to previous errors [/home/victor/open_baseband/openasip/custom_units/LDPC/LDPC_decoder/new/project_1.srcs/sources_1/imports/new/cn_core.v:2108]
INFO: [Synth 8-9084] Verilog file '/home/victor/open_baseband/openasip/custom_units/LDPC/LDPC_decoder/new/project_1.srcs/sources_1/imports/new/cn_core.v' ignored due to errors
ERROR: [Synth 8-12188] Failed to read verilog '/home/victor/open_baseband/openasip/custom_units/LDPC/LDPC_decoder/new/project_1.srcs/sources_1/imports/new/cn_core.v'
---------------------------------------------------------------------------------
Finished Synthesize : Time (s): cpu = 00:00:04 ; elapsed = 00:00:04 . Memory (MB): peak = 11126.395 ; gain = 0.000 ; free physical = 2568 ; free virtual = 14281
---------------------------------------------------------------------------------
synthesize failed
INFO: [Common 17-83] Releasing license: Synthesis
5 Infos, 0 Warnings, 0 Critical Warnings and 7 Errors encountered.
synth_design completed successfully
ERROR: [Common 17-39] 'synth_design' failed due to earlier errors.
WARNING: [filemgmt 56-199] Attempt to get parsing info during refresh. "On-the-fly" syntax checking information may be incorrect. [/home/victor/open_baseband/openasip/custom_units/LDPC/LDPC_decoder/new/project_1.srcs/sources_1/imports/new/cn_core.v:]
WARNING: [filemgmt 56-199] Attempt to get parsing info during refresh. "On-the-fly" syntax checking information may be incorrect. [/home/victor/open_baseband/openasip/custom_units/LDPC/LDPC_decoder/new/project_1.srcs/sources_1/imports/new/defines.vh:]
WARNING: [filemgmt 56-199] Attempt to get parsing info during refresh. "On-the-fly" syntax checking information may be incorrect. [/home/victor/open_baseband/openasip/custom_units/LDPC/LDPC_decoder/new/project_1.srcs/sources_1/imports/new/cn_core.v:]
WARNING: [filemgmt 56-199] Attempt to get parsing info during refresh. "On-the-fly" syntax checking information may be incorrect. [/home/victor/open_baseband/openasip/custom_units/LDPC/LDPC_decoder/new/project_1.srcs/sources_1/imports/new/cn_core.v:]
synth_design -top cn_core -part xczu7ev-ffvc1156-2-e -lint 
Command: synth_design -top cn_core -part xczu7ev-ffvc1156-2-e -lint
Starting synth_design
Attempting to get a license for feature 'Synthesis' and/or device 'xczu7ev'
INFO: [Common 17-349] Got license for feature 'Synthesis' and/or device 'xczu7ev'
INFO: [Synth 8-7079] Multithreading enabled for synth_design using a maximum of 7 processes.
---------------------------------------------------------------------------------
Starting Synthesize : Time (s): cpu = 00:00:03 ; elapsed = 00:00:03 . Memory (MB): peak = 11136.395 ; gain = 0.000 ; free physical = 2558 ; free virtual = 14272
---------------------------------------------------------------------------------
Clean up Linter database...
ERROR: [Synth 8-35] 'sel_demux_min_30' is not a constant [/home/victor/open_baseband/openasip/custom_units/LDPC/LDPC_decoder/new/project_1.srcs/sources_1/imports/new/cn_core.v:1814]
ERROR: [Synth 8-35] 'sel_demux_mul_30' is not a constant [/home/victor/open_baseband/openasip/custom_units/LDPC/LDPC_decoder/new/project_1.srcs/sources_1/imports/new/cn_core.v:1828]
ERROR: [Synth 8-35] 'sel_demux_min_30' is not a constant [/home/victor/open_baseband/openasip/custom_units/LDPC/LDPC_decoder/new/project_1.srcs/sources_1/imports/new/cn_core.v:2030]
ERROR: [Synth 8-35] 'sel_demux_min_31' is not a constant [/home/victor/open_baseband/openasip/custom_units/LDPC/LDPC_decoder/new/project_1.srcs/sources_1/imports/new/cn_core.v:2037]
ERROR: [Synth 8-35] 'sel_demux_mul_30' is not a constant [/home/victor/open_baseband/openasip/custom_units/LDPC/LDPC_decoder/new/project_1.srcs/sources_1/imports/new/cn_core.v:2044]
ERROR: [Synth 8-35] 'sel_demux_mul_31' is not a constant [/home/victor/open_baseband/openasip/custom_units/LDPC/LDPC_decoder/new/project_1.srcs/sources_1/imports/new/cn_core.v:2051]
INFO: [Synth 8-10285] module 'cn_core' is ignored due to previous errors [/home/victor/open_baseband/openasip/custom_units/LDPC/LDPC_decoder/new/project_1.srcs/sources_1/imports/new/cn_core.v:2108]
INFO: [Synth 8-9084] Verilog file '/home/victor/open_baseband/openasip/custom_units/LDPC/LDPC_decoder/new/project_1.srcs/sources_1/imports/new/cn_core.v' ignored due to errors
ERROR: [Synth 8-12188] Failed to read verilog '/home/victor/open_baseband/openasip/custom_units/LDPC/LDPC_decoder/new/project_1.srcs/sources_1/imports/new/cn_core.v'
---------------------------------------------------------------------------------
Finished Synthesize : Time (s): cpu = 00:00:04 ; elapsed = 00:00:04 . Memory (MB): peak = 11136.395 ; gain = 0.000 ; free physical = 2560 ; free virtual = 14274
---------------------------------------------------------------------------------
synthesize failed
INFO: [Common 17-83] Releasing license: Synthesis
5 Infos, 0 Warnings, 0 Critical Warnings and 7 Errors encountered.
synth_design completed successfully
ERROR: [Common 17-39] 'synth_design' failed due to earlier errors.
synth_design -top cn_core -part xczu7ev-ffvc1156-2-e -lint 
Command: synth_design -top cn_core -part xczu7ev-ffvc1156-2-e -lint
Starting synth_design
Attempting to get a license for feature 'Synthesis' and/or device 'xczu7ev'
INFO: [Common 17-349] Got license for feature 'Synthesis' and/or device 'xczu7ev'
INFO: [Synth 8-7079] Multithreading enabled for synth_design using a maximum of 7 processes.
---------------------------------------------------------------------------------
Starting Synthesize : Time (s): cpu = 00:00:03 ; elapsed = 00:00:03 . Memory (MB): peak = 11136.395 ; gain = 0.000 ; free physical = 2584 ; free virtual = 14297
---------------------------------------------------------------------------------
Clean up Linter database...
ERROR: [Synth 8-35] 'sel_demux_min_30' is not a constant [/home/victor/open_baseband/openasip/custom_units/LDPC/LDPC_decoder/new/project_1.srcs/sources_1/imports/new/cn_core.v:1814]
ERROR: [Synth 8-35] 'sel_demux_mul_30' is not a constant [/home/victor/open_baseband/openasip/custom_units/LDPC/LDPC_decoder/new/project_1.srcs/sources_1/imports/new/cn_core.v:1828]
ERROR: [Synth 8-35] 'sel_demux_min_30' is not a constant [/home/victor/open_baseband/openasip/custom_units/LDPC/LDPC_decoder/new/project_1.srcs/sources_1/imports/new/cn_core.v:2030]
ERROR: [Synth 8-35] 'sel_demux_min_31' is not a constant [/home/victor/open_baseband/openasip/custom_units/LDPC/LDPC_decoder/new/project_1.srcs/sources_1/imports/new/cn_core.v:2037]
ERROR: [Synth 8-35] 'sel_demux_mul_30' is not a constant [/home/victor/open_baseband/openasip/custom_units/LDPC/LDPC_decoder/new/project_1.srcs/sources_1/imports/new/cn_core.v:2044]
ERROR: [Synth 8-35] 'sel_demux_mul_31' is not a constant [/home/victor/open_baseband/openasip/custom_units/LDPC/LDPC_decoder/new/project_1.srcs/sources_1/imports/new/cn_core.v:2051]
INFO: [Synth 8-10285] module 'cn_core' is ignored due to previous errors [/home/victor/open_baseband/openasip/custom_units/LDPC/LDPC_decoder/new/project_1.srcs/sources_1/imports/new/cn_core.v:2108]
INFO: [Synth 8-9084] Verilog file '/home/victor/open_baseband/openasip/custom_units/LDPC/LDPC_decoder/new/project_1.srcs/sources_1/imports/new/cn_core.v' ignored due to errors
ERROR: [Synth 8-12188] Failed to read verilog '/home/victor/open_baseband/openasip/custom_units/LDPC/LDPC_decoder/new/project_1.srcs/sources_1/imports/new/cn_core.v'
---------------------------------------------------------------------------------
Finished Synthesize : Time (s): cpu = 00:00:04 ; elapsed = 00:00:04 . Memory (MB): peak = 11136.395 ; gain = 0.000 ; free physical = 2584 ; free virtual = 14298
---------------------------------------------------------------------------------
synthesize failed
INFO: [Common 17-83] Releasing license: Synthesis
5 Infos, 0 Warnings, 0 Critical Warnings and 7 Errors encountered.
synth_design completed successfully
ERROR: [Common 17-39] 'synth_design' failed due to earlier errors.
update_files -from_files /home/victor/open_baseband/openasip/custom_units/LDPC/LDPC_decoder/new/cn_core.v -to_files /home/victor/open_baseband/openasip/custom_units/LDPC/LDPC_decoder/new/project_1.srcs/sources_1/imports/new/cn_core.v -filesets [get_filesets *]
INFO: [filemgmt 20-762] Replacing file '/home/victor/open_baseband/openasip/custom_units/LDPC/LDPC_decoder/new/project_1.srcs/sources_1/imports/new/cn_core.v' with file '/home/victor/open_baseband/openasip/custom_units/LDPC/LDPC_decoder/new/cn_core.v'.
INFO: [filemgmt 20-1080] Importing file from '/home/victor/open_baseband/openasip/custom_units/LDPC/LDPC_decoder/new/cn_core.v' to '/home/victor/open_baseband/openasip/custom_units/LDPC/LDPC_decoder/new/project_1.srcs/sources_1/imports/new/cn_core.v'.
WARNING: [filemgmt 56-199] Attempt to get parsing info during refresh. "On-the-fly" syntax checking information may be incorrect. [/home/victor/open_baseband/openasip/custom_units/LDPC/LDPC_decoder/new/project_1.srcs/sources_1/imports/new/cn_core.v:]
WARNING: [filemgmt 56-199] Attempt to get parsing info during refresh. "On-the-fly" syntax checking information may be incorrect. [/home/victor/open_baseband/openasip/custom_units/LDPC/LDPC_decoder/new/project_1.srcs/sources_1/imports/new/defines.vh:]
WARNING: [filemgmt 56-199] Attempt to get parsing info during refresh. "On-the-fly" syntax checking information may be incorrect. [/home/victor/open_baseband/openasip/custom_units/LDPC/LDPC_decoder/new/project_1.srcs/sources_1/imports/new/cn_core.v:]
WARNING: [filemgmt 56-199] Attempt to get parsing info during refresh. "On-the-fly" syntax checking information may be incorrect. [/home/victor/open_baseband/openasip/custom_units/LDPC/LDPC_decoder/new/project_1.srcs/sources_1/imports/new/cn_core.v:]
synth_design -top cn_core -part xczu7ev-ffvc1156-2-e -lint 
Command: synth_design -top cn_core -part xczu7ev-ffvc1156-2-e -lint
Starting synth_design
Attempting to get a license for feature 'Synthesis' and/or device 'xczu7ev'
INFO: [Common 17-349] Got license for feature 'Synthesis' and/or device 'xczu7ev'
INFO: [Synth 8-7079] Multithreading enabled for synth_design using a maximum of 7 processes.
---------------------------------------------------------------------------------
Starting Synthesize : Time (s): cpu = 00:00:03 ; elapsed = 00:00:03 . Memory (MB): peak = 11146.391 ; gain = 0.000 ; free physical = 2381 ; free virtual = 14248
---------------------------------------------------------------------------------
Clean up Linter database...
INFO: [Synth 8-6157] synthesizing module 'cn_core' [/home/victor/open_baseband/openasip/custom_units/LDPC/LDPC_decoder/new/project_1.srcs/sources_1/imports/new/cn_core.v:48]
INFO: [Synth 8-6157] synthesizing module 'cn_proc' [/home/victor/open_baseband/openasip/custom_units/LDPC/LDPC_decoder/new/cn_proc.v:1]
	Parameter GROUP bound to: 3 - type: integer 
	Parameter WIDTH bound to: 8 - type: integer 
INFO: [Synth 8-6155] done synthesizing module 'cn_proc' (1#1) [/home/victor/open_baseband/openasip/custom_units/LDPC/LDPC_decoder/new/cn_proc.v:1]
INFO: [Synth 8-6157] synthesizing module 'cn_proc__parameterized0' [/home/victor/open_baseband/openasip/custom_units/LDPC/LDPC_decoder/new/cn_proc.v:1]
	Parameter GROUP bound to: 4 - type: integer 
	Parameter WIDTH bound to: 8 - type: integer 
INFO: [Synth 8-6155] done synthesizing module 'cn_proc__parameterized0' (1#1) [/home/victor/open_baseband/openasip/custom_units/LDPC/LDPC_decoder/new/cn_proc.v:1]
INFO: [Synth 8-6157] synthesizing module 'cn_proc__parameterized1' [/home/victor/open_baseband/openasip/custom_units/LDPC/LDPC_decoder/new/cn_proc.v:1]
	Parameter GROUP bound to: 5 - type: integer 
	Parameter WIDTH bound to: 8 - type: integer 
INFO: [Synth 8-6155] done synthesizing module 'cn_proc__parameterized1' (1#1) [/home/victor/open_baseband/openasip/custom_units/LDPC/LDPC_decoder/new/cn_proc.v:1]
INFO: [Synth 8-6157] synthesizing module 'cn_proc__parameterized2' [/home/victor/open_baseband/openasip/custom_units/LDPC/LDPC_decoder/new/cn_proc.v:1]
	Parameter GROUP bound to: 6 - type: integer 
	Parameter WIDTH bound to: 8 - type: integer 
INFO: [Synth 8-6155] done synthesizing module 'cn_proc__parameterized2' (1#1) [/home/victor/open_baseband/openasip/custom_units/LDPC/LDPC_decoder/new/cn_proc.v:1]
INFO: [Synth 8-6157] synthesizing module 'cn_proc__parameterized3' [/home/victor/open_baseband/openasip/custom_units/LDPC/LDPC_decoder/new/cn_proc.v:1]
	Parameter GROUP bound to: 7 - type: integer 
	Parameter WIDTH bound to: 8 - type: integer 
INFO: [Synth 8-6155] done synthesizing module 'cn_proc__parameterized3' (1#1) [/home/victor/open_baseband/openasip/custom_units/LDPC/LDPC_decoder/new/cn_proc.v:1]
INFO: [Synth 8-6157] synthesizing module 'cn_proc__parameterized4' [/home/victor/open_baseband/openasip/custom_units/LDPC/LDPC_decoder/new/cn_proc.v:1]
	Parameter GROUP bound to: 19 - type: integer 
	Parameter WIDTH bound to: 8 - type: integer 
INFO: [Synth 8-6155] done synthesizing module 'cn_proc__parameterized4' (1#1) [/home/victor/open_baseband/openasip/custom_units/LDPC/LDPC_decoder/new/cn_proc.v:1]
ERROR: [Synth 8-27] procedural assign not supported [/home/victor/open_baseband/openasip/custom_units/LDPC/LDPC_decoder/new/project_1.srcs/sources_1/imports/new/cn_core.v:644]
ERROR: [Synth 8-6156] failed synthesizing module 'cn_core' [/home/victor/open_baseband/openasip/custom_units/LDPC/LDPC_decoder/new/project_1.srcs/sources_1/imports/new/cn_core.v:48]
---------------------------------------------------------------------------------
Finished Synthesize : Time (s): cpu = 00:00:04 ; elapsed = 00:00:04 . Memory (MB): peak = 11146.391 ; gain = 0.000 ; free physical = 2385 ; free virtual = 14252
---------------------------------------------------------------------------------
synthesize failed
INFO: [Common 17-83] Releasing license: Synthesis
16 Infos, 0 Warnings, 0 Critical Warnings and 2 Errors encountered.
synth_design completed successfully
ERROR: [Common 17-39] 'synth_design' failed due to earlier errors.
WARNING: [filemgmt 56-199] Attempt to get parsing info during refresh. "On-the-fly" syntax checking information may be incorrect. [/home/victor/open_baseband/openasip/custom_units/LDPC/LDPC_decoder/new/project_1.srcs/sources_1/imports/new/cn_core.v:]
WARNING: [filemgmt 56-199] Attempt to get parsing info during refresh. "On-the-fly" syntax checking information may be incorrect. [/home/victor/open_baseband/openasip/custom_units/LDPC/LDPC_decoder/new/project_1.srcs/sources_1/imports/new/defines.vh:]
WARNING: [filemgmt 56-199] Attempt to get parsing info during refresh. "On-the-fly" syntax checking information may be incorrect. [/home/victor/open_baseband/openasip/custom_units/LDPC/LDPC_decoder/new/project_1.srcs/sources_1/imports/new/cn_core.v:]
WARNING: [filemgmt 56-199] Attempt to get parsing info during refresh. "On-the-fly" syntax checking information may be incorrect. [/home/victor/open_baseband/openasip/custom_units/LDPC/LDPC_decoder/new/project_1.srcs/sources_1/imports/new/cn_core.v:]
synth_design -top cn_core -part xczu7ev-ffvc1156-2-e -lint 
Command: synth_design -top cn_core -part xczu7ev-ffvc1156-2-e -lint
Starting synth_design
Attempting to get a license for feature 'Synthesis' and/or device 'xczu7ev'
INFO: [Common 17-349] Got license for feature 'Synthesis' and/or device 'xczu7ev'
INFO: [Synth 8-7079] Multithreading enabled for synth_design using a maximum of 7 processes.
---------------------------------------------------------------------------------
Starting Synthesize : Time (s): cpu = 00:00:03 ; elapsed = 00:00:03 . Memory (MB): peak = 11149.328 ; gain = 2.934 ; free physical = 2396 ; free virtual = 14263
---------------------------------------------------------------------------------
Clean up Linter database...
INFO: [Synth 8-6157] synthesizing module 'cn_core' [/home/victor/open_baseband/openasip/custom_units/LDPC/LDPC_decoder/new/project_1.srcs/sources_1/imports/new/cn_core.v:48]
INFO: [Synth 8-6157] synthesizing module 'cn_proc' [/home/victor/open_baseband/openasip/custom_units/LDPC/LDPC_decoder/new/cn_proc.v:1]
	Parameter GROUP bound to: 3 - type: integer 
	Parameter WIDTH bound to: 8 - type: integer 
INFO: [Synth 8-6155] done synthesizing module 'cn_proc' (1#1) [/home/victor/open_baseband/openasip/custom_units/LDPC/LDPC_decoder/new/cn_proc.v:1]
INFO: [Synth 8-6157] synthesizing module 'cn_proc__parameterized0' [/home/victor/open_baseband/openasip/custom_units/LDPC/LDPC_decoder/new/cn_proc.v:1]
	Parameter GROUP bound to: 4 - type: integer 
	Parameter WIDTH bound to: 8 - type: integer 
INFO: [Synth 8-6155] done synthesizing module 'cn_proc__parameterized0' (1#1) [/home/victor/open_baseband/openasip/custom_units/LDPC/LDPC_decoder/new/cn_proc.v:1]
INFO: [Synth 8-6157] synthesizing module 'cn_proc__parameterized1' [/home/victor/open_baseband/openasip/custom_units/LDPC/LDPC_decoder/new/cn_proc.v:1]
	Parameter GROUP bound to: 5 - type: integer 
	Parameter WIDTH bound to: 8 - type: integer 
INFO: [Synth 8-6155] done synthesizing module 'cn_proc__parameterized1' (1#1) [/home/victor/open_baseband/openasip/custom_units/LDPC/LDPC_decoder/new/cn_proc.v:1]
INFO: [Synth 8-6157] synthesizing module 'cn_proc__parameterized2' [/home/victor/open_baseband/openasip/custom_units/LDPC/LDPC_decoder/new/cn_proc.v:1]
	Parameter GROUP bound to: 6 - type: integer 
	Parameter WIDTH bound to: 8 - type: integer 
INFO: [Synth 8-6155] done synthesizing module 'cn_proc__parameterized2' (1#1) [/home/victor/open_baseband/openasip/custom_units/LDPC/LDPC_decoder/new/cn_proc.v:1]
INFO: [Synth 8-6157] synthesizing module 'cn_proc__parameterized3' [/home/victor/open_baseband/openasip/custom_units/LDPC/LDPC_decoder/new/cn_proc.v:1]
	Parameter GROUP bound to: 7 - type: integer 
	Parameter WIDTH bound to: 8 - type: integer 
INFO: [Synth 8-6155] done synthesizing module 'cn_proc__parameterized3' (1#1) [/home/victor/open_baseband/openasip/custom_units/LDPC/LDPC_decoder/new/cn_proc.v:1]
INFO: [Synth 8-6157] synthesizing module 'cn_proc__parameterized4' [/home/victor/open_baseband/openasip/custom_units/LDPC/LDPC_decoder/new/cn_proc.v:1]
	Parameter GROUP bound to: 19 - type: integer 
	Parameter WIDTH bound to: 8 - type: integer 
INFO: [Synth 8-6155] done synthesizing module 'cn_proc__parameterized4' (1#1) [/home/victor/open_baseband/openasip/custom_units/LDPC/LDPC_decoder/new/cn_proc.v:1]
ERROR: [Synth 8-27] procedural assign not supported [/home/victor/open_baseband/openasip/custom_units/LDPC/LDPC_decoder/new/project_1.srcs/sources_1/imports/new/cn_core.v:644]
ERROR: [Synth 8-6156] failed synthesizing module 'cn_core' [/home/victor/open_baseband/openasip/custom_units/LDPC/LDPC_decoder/new/project_1.srcs/sources_1/imports/new/cn_core.v:48]
---------------------------------------------------------------------------------
Finished Synthesize : Time (s): cpu = 00:00:04 ; elapsed = 00:00:04 . Memory (MB): peak = 11149.328 ; gain = 2.934 ; free physical = 2394 ; free virtual = 14262
---------------------------------------------------------------------------------
synthesize failed
INFO: [Common 17-83] Releasing license: Synthesis
16 Infos, 0 Warnings, 0 Critical Warnings and 2 Errors encountered.
synth_design completed successfully
ERROR: [Common 17-39] 'synth_design' failed due to earlier errors.
update_files -from_files /home/victor/open_baseband/openasip/custom_units/LDPC/LDPC_decoder/new/cn_core.v -to_files /home/victor/open_baseband/openasip/custom_units/LDPC/LDPC_decoder/new/project_1.srcs/sources_1/imports/new/cn_core.v -filesets [get_filesets *]
INFO: [filemgmt 20-762] Replacing file '/home/victor/open_baseband/openasip/custom_units/LDPC/LDPC_decoder/new/project_1.srcs/sources_1/imports/new/cn_core.v' with file '/home/victor/open_baseband/openasip/custom_units/LDPC/LDPC_decoder/new/cn_core.v'.
INFO: [filemgmt 20-1080] Importing file from '/home/victor/open_baseband/openasip/custom_units/LDPC/LDPC_decoder/new/cn_core.v' to '/home/victor/open_baseband/openasip/custom_units/LDPC/LDPC_decoder/new/project_1.srcs/sources_1/imports/new/cn_core.v'.
WARNING: [filemgmt 56-199] Attempt to get parsing info during refresh. "On-the-fly" syntax checking information may be incorrect. [/home/victor/open_baseband/openasip/custom_units/LDPC/LDPC_decoder/new/project_1.srcs/sources_1/imports/new/cn_core.v:]
WARNING: [filemgmt 56-199] Attempt to get parsing info during refresh. "On-the-fly" syntax checking information may be incorrect. [/home/victor/open_baseband/openasip/custom_units/LDPC/LDPC_decoder/new/project_1.srcs/sources_1/imports/new/defines.vh:]
WARNING: [filemgmt 56-199] Attempt to get parsing info during refresh. "On-the-fly" syntax checking information may be incorrect. [/home/victor/open_baseband/openasip/custom_units/LDPC/LDPC_decoder/new/project_1.srcs/sources_1/imports/new/cn_core.v:]
WARNING: [filemgmt 56-199] Attempt to get parsing info during refresh. "On-the-fly" syntax checking information may be incorrect. [/home/victor/open_baseband/openasip/custom_units/LDPC/LDPC_decoder/new/project_1.srcs/sources_1/imports/new/cn_core.v:]
synth_design -top cn_core -part xczu7ev-ffvc1156-2-e -lint 
Command: synth_design -top cn_core -part xczu7ev-ffvc1156-2-e -lint
Starting synth_design
Attempting to get a license for feature 'Synthesis' and/or device 'xczu7ev'
INFO: [Common 17-349] Got license for feature 'Synthesis' and/or device 'xczu7ev'
INFO: [Synth 8-7079] Multithreading enabled for synth_design using a maximum of 7 processes.
---------------------------------------------------------------------------------
Starting Synthesize : Time (s): cpu = 00:00:03 ; elapsed = 00:00:03 . Memory (MB): peak = 11170.301 ; gain = 2.938 ; free physical = 2337 ; free virtual = 14212
---------------------------------------------------------------------------------
Clean up Linter database...
INFO: [Synth 8-6157] synthesizing module 'cn_core' [/home/victor/open_baseband/openasip/custom_units/LDPC/LDPC_decoder/new/project_1.srcs/sources_1/imports/new/cn_core.v:48]
INFO: [Synth 8-6157] synthesizing module 'cn_proc' [/home/victor/open_baseband/openasip/custom_units/LDPC/LDPC_decoder/new/cn_proc.v:1]
	Parameter GROUP bound to: 3 - type: integer 
	Parameter WIDTH bound to: 8 - type: integer 
INFO: [Synth 8-6155] done synthesizing module 'cn_proc' (1#1) [/home/victor/open_baseband/openasip/custom_units/LDPC/LDPC_decoder/new/cn_proc.v:1]
INFO: [Synth 8-6157] synthesizing module 'cn_proc__parameterized0' [/home/victor/open_baseband/openasip/custom_units/LDPC/LDPC_decoder/new/cn_proc.v:1]
	Parameter GROUP bound to: 4 - type: integer 
	Parameter WIDTH bound to: 8 - type: integer 
INFO: [Synth 8-6155] done synthesizing module 'cn_proc__parameterized0' (1#1) [/home/victor/open_baseband/openasip/custom_units/LDPC/LDPC_decoder/new/cn_proc.v:1]
INFO: [Synth 8-6157] synthesizing module 'cn_proc__parameterized1' [/home/victor/open_baseband/openasip/custom_units/LDPC/LDPC_decoder/new/cn_proc.v:1]
	Parameter GROUP bound to: 5 - type: integer 
	Parameter WIDTH bound to: 8 - type: integer 
INFO: [Synth 8-6155] done synthesizing module 'cn_proc__parameterized1' (1#1) [/home/victor/open_baseband/openasip/custom_units/LDPC/LDPC_decoder/new/cn_proc.v:1]
INFO: [Synth 8-6157] synthesizing module 'cn_proc__parameterized2' [/home/victor/open_baseband/openasip/custom_units/LDPC/LDPC_decoder/new/cn_proc.v:1]
	Parameter GROUP bound to: 6 - type: integer 
	Parameter WIDTH bound to: 8 - type: integer 
INFO: [Synth 8-6155] done synthesizing module 'cn_proc__parameterized2' (1#1) [/home/victor/open_baseband/openasip/custom_units/LDPC/LDPC_decoder/new/cn_proc.v:1]
INFO: [Synth 8-6157] synthesizing module 'cn_proc__parameterized3' [/home/victor/open_baseband/openasip/custom_units/LDPC/LDPC_decoder/new/cn_proc.v:1]
	Parameter GROUP bound to: 7 - type: integer 
	Parameter WIDTH bound to: 8 - type: integer 
INFO: [Synth 8-6155] done synthesizing module 'cn_proc__parameterized3' (1#1) [/home/victor/open_baseband/openasip/custom_units/LDPC/LDPC_decoder/new/cn_proc.v:1]
INFO: [Synth 8-6157] synthesizing module 'cn_proc__parameterized4' [/home/victor/open_baseband/openasip/custom_units/LDPC/LDPC_decoder/new/cn_proc.v:1]
	Parameter GROUP bound to: 19 - type: integer 
	Parameter WIDTH bound to: 8 - type: integer 
INFO: [Synth 8-6155] done synthesizing module 'cn_proc__parameterized4' (1#1) [/home/victor/open_baseband/openasip/custom_units/LDPC/LDPC_decoder/new/cn_proc.v:1]
ERROR: [Synth 8-660] unable to resolve 'bus_gen_19' [/home/victor/open_baseband/openasip/custom_units/LDPC/LDPC_decoder/new/project_1.srcs/sources_1/imports/new/cn_core.v:644]
ERROR: [Synth 8-6156] failed synthesizing module 'cn_core' [/home/victor/open_baseband/openasip/custom_units/LDPC/LDPC_decoder/new/project_1.srcs/sources_1/imports/new/cn_core.v:48]
---------------------------------------------------------------------------------
Finished Synthesize : Time (s): cpu = 00:00:04 ; elapsed = 00:00:04 . Memory (MB): peak = 11170.301 ; gain = 2.938 ; free physical = 2338 ; free virtual = 14212
---------------------------------------------------------------------------------
synthesize failed
INFO: [Common 17-83] Releasing license: Synthesis
16 Infos, 0 Warnings, 0 Critical Warnings and 2 Errors encountered.
synth_design completed successfully
ERROR: [Common 17-39] 'synth_design' failed due to earlier errors.
WARNING: [filemgmt 56-199] Attempt to get parsing info during refresh. "On-the-fly" syntax checking information may be incorrect. [/home/victor/open_baseband/openasip/custom_units/LDPC/LDPC_decoder/new/project_1.srcs/sources_1/imports/new/cn_core.v:]
WARNING: [filemgmt 56-199] Attempt to get parsing info during refresh. "On-the-fly" syntax checking information may be incorrect. [/home/victor/open_baseband/openasip/custom_units/LDPC/LDPC_decoder/new/project_1.srcs/sources_1/imports/new/defines.vh:]
WARNING: [filemgmt 56-199] Attempt to get parsing info during refresh. "On-the-fly" syntax checking information may be incorrect. [/home/victor/open_baseband/openasip/custom_units/LDPC/LDPC_decoder/new/project_1.srcs/sources_1/imports/new/cn_core.v:]
WARNING: [filemgmt 56-199] Attempt to get parsing info during refresh. "On-the-fly" syntax checking information may be incorrect. [/home/victor/open_baseband/openasip/custom_units/LDPC/LDPC_decoder/new/project_1.srcs/sources_1/imports/new/cn_core.v:]
update_files -from_files /home/victor/open_baseband/openasip/custom_units/LDPC/LDPC_decoder/new/cn_core.v -to_files /home/victor/open_baseband/openasip/custom_units/LDPC/LDPC_decoder/new/project_1.srcs/sources_1/imports/new/cn_core.v -filesets [get_filesets *]
INFO: [filemgmt 20-762] Replacing file '/home/victor/open_baseband/openasip/custom_units/LDPC/LDPC_decoder/new/project_1.srcs/sources_1/imports/new/cn_core.v' with file '/home/victor/open_baseband/openasip/custom_units/LDPC/LDPC_decoder/new/cn_core.v'.
INFO: [filemgmt 20-1080] Importing file from '/home/victor/open_baseband/openasip/custom_units/LDPC/LDPC_decoder/new/cn_core.v' to '/home/victor/open_baseband/openasip/custom_units/LDPC/LDPC_decoder/new/project_1.srcs/sources_1/imports/new/cn_core.v'.
WARNING: [filemgmt 56-199] Attempt to get parsing info during refresh. "On-the-fly" syntax checking information may be incorrect. [/home/victor/open_baseband/openasip/custom_units/LDPC/LDPC_decoder/new/project_1.srcs/sources_1/imports/new/cn_core.v:]
WARNING: [filemgmt 56-199] Attempt to get parsing info during refresh. "On-the-fly" syntax checking information may be incorrect. [/home/victor/open_baseband/openasip/custom_units/LDPC/LDPC_decoder/new/project_1.srcs/sources_1/imports/new/defines.vh:]
WARNING: [filemgmt 56-199] Attempt to get parsing info during refresh. "On-the-fly" syntax checking information may be incorrect. [/home/victor/open_baseband/openasip/custom_units/LDPC/LDPC_decoder/new/project_1.srcs/sources_1/imports/new/cn_core.v:]
WARNING: [filemgmt 56-199] Attempt to get parsing info during refresh. "On-the-fly" syntax checking information may be incorrect. [/home/victor/open_baseband/openasip/custom_units/LDPC/LDPC_decoder/new/project_1.srcs/sources_1/imports/new/cn_core.v:]
synth_design -top cn_core -part xczu7ev-ffvc1156-2-e -lint 
Command: synth_design -top cn_core -part xczu7ev-ffvc1156-2-e -lint
Starting synth_design
Attempting to get a license for feature 'Synthesis' and/or device 'xczu7ev'
INFO: [Common 17-349] Got license for feature 'Synthesis' and/or device 'xczu7ev'
INFO: [Synth 8-7079] Multithreading enabled for synth_design using a maximum of 7 processes.
---------------------------------------------------------------------------------
Starting Synthesize : Time (s): cpu = 00:00:03 ; elapsed = 00:00:03 . Memory (MB): peak = 11186.379 ; gain = 0.000 ; free physical = 2298 ; free virtual = 14169
---------------------------------------------------------------------------------
Clean up Linter database...
INFO: [Synth 8-6157] synthesizing module 'cn_core' [/home/victor/open_baseband/openasip/custom_units/LDPC/LDPC_decoder/new/project_1.srcs/sources_1/imports/new/cn_core.v:48]
INFO: [Synth 8-6157] synthesizing module 'cn_proc' [/home/victor/open_baseband/openasip/custom_units/LDPC/LDPC_decoder/new/cn_proc.v:1]
	Parameter GROUP bound to: 3 - type: integer 
	Parameter WIDTH bound to: 8 - type: integer 
INFO: [Synth 8-6155] done synthesizing module 'cn_proc' (1#1) [/home/victor/open_baseband/openasip/custom_units/LDPC/LDPC_decoder/new/cn_proc.v:1]
INFO: [Synth 8-6157] synthesizing module 'cn_proc__parameterized0' [/home/victor/open_baseband/openasip/custom_units/LDPC/LDPC_decoder/new/cn_proc.v:1]
	Parameter GROUP bound to: 4 - type: integer 
	Parameter WIDTH bound to: 8 - type: integer 
INFO: [Synth 8-6155] done synthesizing module 'cn_proc__parameterized0' (1#1) [/home/victor/open_baseband/openasip/custom_units/LDPC/LDPC_decoder/new/cn_proc.v:1]
INFO: [Synth 8-6157] synthesizing module 'cn_proc__parameterized1' [/home/victor/open_baseband/openasip/custom_units/LDPC/LDPC_decoder/new/cn_proc.v:1]
	Parameter GROUP bound to: 5 - type: integer 
	Parameter WIDTH bound to: 8 - type: integer 
INFO: [Synth 8-6155] done synthesizing module 'cn_proc__parameterized1' (1#1) [/home/victor/open_baseband/openasip/custom_units/LDPC/LDPC_decoder/new/cn_proc.v:1]
INFO: [Synth 8-6157] synthesizing module 'cn_proc__parameterized2' [/home/victor/open_baseband/openasip/custom_units/LDPC/LDPC_decoder/new/cn_proc.v:1]
	Parameter GROUP bound to: 6 - type: integer 
	Parameter WIDTH bound to: 8 - type: integer 
INFO: [Synth 8-6155] done synthesizing module 'cn_proc__parameterized2' (1#1) [/home/victor/open_baseband/openasip/custom_units/LDPC/LDPC_decoder/new/cn_proc.v:1]
INFO: [Synth 8-6157] synthesizing module 'cn_proc__parameterized3' [/home/victor/open_baseband/openasip/custom_units/LDPC/LDPC_decoder/new/cn_proc.v:1]
	Parameter GROUP bound to: 7 - type: integer 
	Parameter WIDTH bound to: 8 - type: integer 
INFO: [Synth 8-6155] done synthesizing module 'cn_proc__parameterized3' (1#1) [/home/victor/open_baseband/openasip/custom_units/LDPC/LDPC_decoder/new/cn_proc.v:1]
INFO: [Synth 8-6157] synthesizing module 'cn_proc__parameterized4' [/home/victor/open_baseband/openasip/custom_units/LDPC/LDPC_decoder/new/cn_proc.v:1]
	Parameter GROUP bound to: 19 - type: integer 
	Parameter WIDTH bound to: 8 - type: integer 
INFO: [Synth 8-6155] done synthesizing module 'cn_proc__parameterized4' (1#1) [/home/victor/open_baseband/openasip/custom_units/LDPC/LDPC_decoder/new/cn_proc.v:1]
ERROR: [Synth 8-660] unable to resolve 'bus_gen_19' [/home/victor/open_baseband/openasip/custom_units/LDPC/LDPC_decoder/new/project_1.srcs/sources_1/imports/new/cn_core.v:643]
ERROR: [Synth 8-6156] failed synthesizing module 'cn_core' [/home/victor/open_baseband/openasip/custom_units/LDPC/LDPC_decoder/new/project_1.srcs/sources_1/imports/new/cn_core.v:48]
---------------------------------------------------------------------------------
Finished Synthesize : Time (s): cpu = 00:00:04 ; elapsed = 00:00:04 . Memory (MB): peak = 11186.379 ; gain = 0.000 ; free physical = 2316 ; free virtual = 14187
---------------------------------------------------------------------------------
synthesize failed
INFO: [Common 17-83] Releasing license: Synthesis
16 Infos, 0 Warnings, 0 Critical Warnings and 2 Errors encountered.
synth_design completed successfully
ERROR: [Common 17-39] 'synth_design' failed due to earlier errors.
WARNING: [filemgmt 56-199] Attempt to get parsing info during refresh. "On-the-fly" syntax checking information may be incorrect. [/home/victor/open_baseband/openasip/custom_units/LDPC/LDPC_decoder/new/project_1.srcs/sources_1/imports/new/cn_core.v:]
WARNING: [filemgmt 56-199] Attempt to get parsing info during refresh. "On-the-fly" syntax checking information may be incorrect. [/home/victor/open_baseband/openasip/custom_units/LDPC/LDPC_decoder/new/project_1.srcs/sources_1/imports/new/defines.vh:]
WARNING: [filemgmt 56-199] Attempt to get parsing info during refresh. "On-the-fly" syntax checking information may be incorrect. [/home/victor/open_baseband/openasip/custom_units/LDPC/LDPC_decoder/new/project_1.srcs/sources_1/imports/new/cn_core.v:]
WARNING: [filemgmt 56-199] Attempt to get parsing info during refresh. "On-the-fly" syntax checking information may be incorrect. [/home/victor/open_baseband/openasip/custom_units/LDPC/LDPC_decoder/new/project_1.srcs/sources_1/imports/new/cn_core.v:]
WARNING: [filemgmt 56-199] Attempt to get parsing info during refresh. "On-the-fly" syntax checking information may be incorrect. [/home/victor/open_baseband/openasip/custom_units/LDPC/LDPC_decoder/new/project_1.srcs/sources_1/imports/new/cn_core.v:]
WARNING: [filemgmt 56-199] Attempt to get parsing info during refresh. "On-the-fly" syntax checking information may be incorrect. [/home/victor/open_baseband/openasip/custom_units/LDPC/LDPC_decoder/new/project_1.srcs/sources_1/imports/new/defines.vh:]
WARNING: [filemgmt 56-199] Attempt to get parsing info during refresh. "On-the-fly" syntax checking information may be incorrect. [/home/victor/open_baseband/openasip/custom_units/LDPC/LDPC_decoder/new/project_1.srcs/sources_1/imports/new/cn_core.v:]
WARNING: [filemgmt 56-199] Attempt to get parsing info during refresh. "On-the-fly" syntax checking information may be incorrect. [/home/victor/open_baseband/openasip/custom_units/LDPC/LDPC_decoder/new/project_1.srcs/sources_1/imports/new/cn_core.v:]
update_files -from_files /home/victor/open_baseband/openasip/custom_units/LDPC/LDPC_decoder/new/cn_core.v -to_files /home/victor/open_baseband/openasip/custom_units/LDPC/LDPC_decoder/new/project_1.srcs/sources_1/imports/new/cn_core.v -filesets [get_filesets *]
INFO: [filemgmt 20-762] Replacing file '/home/victor/open_baseband/openasip/custom_units/LDPC/LDPC_decoder/new/project_1.srcs/sources_1/imports/new/cn_core.v' with file '/home/victor/open_baseband/openasip/custom_units/LDPC/LDPC_decoder/new/cn_core.v'.
INFO: [filemgmt 20-1080] Importing file from '/home/victor/open_baseband/openasip/custom_units/LDPC/LDPC_decoder/new/cn_core.v' to '/home/victor/open_baseband/openasip/custom_units/LDPC/LDPC_decoder/new/project_1.srcs/sources_1/imports/new/cn_core.v'.
WARNING: [filemgmt 56-199] Attempt to get parsing info during refresh. "On-the-fly" syntax checking information may be incorrect. [/home/victor/open_baseband/openasip/custom_units/LDPC/LDPC_decoder/new/project_1.srcs/sources_1/imports/new/cn_core.v:]
WARNING: [filemgmt 56-199] Attempt to get parsing info during refresh. "On-the-fly" syntax checking information may be incorrect. [/home/victor/open_baseband/openasip/custom_units/LDPC/LDPC_decoder/new/project_1.srcs/sources_1/imports/new/defines.vh:]
WARNING: [filemgmt 56-199] Attempt to get parsing info during refresh. "On-the-fly" syntax checking information may be incorrect. [/home/victor/open_baseband/openasip/custom_units/LDPC/LDPC_decoder/new/project_1.srcs/sources_1/imports/new/cn_core.v:]
WARNING: [filemgmt 56-199] Attempt to get parsing info during refresh. "On-the-fly" syntax checking information may be incorrect. [/home/victor/open_baseband/openasip/custom_units/LDPC/LDPC_decoder/new/project_1.srcs/sources_1/imports/new/cn_core.v:]
synth_design -top cn_core -part xczu7ev-ffvc1156-2-e -lint 
Command: synth_design -top cn_core -part xczu7ev-ffvc1156-2-e -lint
Starting synth_design
Attempting to get a license for feature 'Synthesis' and/or device 'xczu7ev'
INFO: [Common 17-349] Got license for feature 'Synthesis' and/or device 'xczu7ev'
INFO: [Synth 8-7079] Multithreading enabled for synth_design using a maximum of 7 processes.
---------------------------------------------------------------------------------
Starting Synthesize : Time (s): cpu = 00:00:03 ; elapsed = 00:00:03 . Memory (MB): peak = 11202.316 ; gain = 7.934 ; free physical = 2268 ; free virtual = 14156
---------------------------------------------------------------------------------
Clean up Linter database...
ERROR: [Synth 8-35] 'sel_mux_cn_proc_3' is not a constant [/home/victor/open_baseband/openasip/custom_units/LDPC/LDPC_decoder/new/project_1.srcs/sources_1/imports/new/cn_core.v:490]
ERROR: [Synth 8-35] 'sel_mux_cn_proc_4' is not a constant [/home/victor/open_baseband/openasip/custom_units/LDPC/LDPC_decoder/new/project_1.srcs/sources_1/imports/new/cn_core.v:500]
ERROR: [Synth 8-35] 'sel_mux_cn_proc_3' is not a constant [/home/victor/open_baseband/openasip/custom_units/LDPC/LDPC_decoder/new/project_1.srcs/sources_1/imports/new/cn_core.v:513]
ERROR: [Synth 8-35] 'sel_mux_cn_proc_4' is not a constant [/home/victor/open_baseband/openasip/custom_units/LDPC/LDPC_decoder/new/project_1.srcs/sources_1/imports/new/cn_core.v:523]
ERROR: [Synth 8-35] 'sel_mux_cn_proc_5' is not a constant [/home/victor/open_baseband/openasip/custom_units/LDPC/LDPC_decoder/new/project_1.srcs/sources_1/imports/new/cn_core.v:533]
ERROR: [Synth 8-35] 'sel_mux_cn_proc_3' is not a constant [/home/victor/open_baseband/openasip/custom_units/LDPC/LDPC_decoder/new/project_1.srcs/sources_1/imports/new/cn_core.v:546]
ERROR: [Synth 8-35] 'sel_mux_cn_proc_4' is not a constant [/home/victor/open_baseband/openasip/custom_units/LDPC/LDPC_decoder/new/project_1.srcs/sources_1/imports/new/cn_core.v:556]
ERROR: [Synth 8-35] 'sel_mux_cn_proc_5' is not a constant [/home/victor/open_baseband/openasip/custom_units/LDPC/LDPC_decoder/new/project_1.srcs/sources_1/imports/new/cn_core.v:566]
ERROR: [Synth 8-35] 'sel_mux_cn_proc_6' is not a constant [/home/victor/open_baseband/openasip/custom_units/LDPC/LDPC_decoder/new/project_1.srcs/sources_1/imports/new/cn_core.v:576]
ERROR: [Synth 8-35] 'sel_mux_cn_proc_3' is not a constant [/home/victor/open_baseband/openasip/custom_units/LDPC/LDPC_decoder/new/project_1.srcs/sources_1/imports/new/cn_core.v:589]
ERROR: [Synth 8-35] 'sel_mux_cn_proc_4' is not a constant [/home/victor/open_baseband/openasip/custom_units/LDPC/LDPC_decoder/new/project_1.srcs/sources_1/imports/new/cn_core.v:599]
ERROR: [Synth 8-35] 'sel_mux_cn_proc_5' is not a constant [/home/victor/open_baseband/openasip/custom_units/LDPC/LDPC_decoder/new/project_1.srcs/sources_1/imports/new/cn_core.v:609]
ERROR: [Synth 8-35] 'sel_mux_cn_proc_6' is not a constant [/home/victor/open_baseband/openasip/custom_units/LDPC/LDPC_decoder/new/project_1.srcs/sources_1/imports/new/cn_core.v:619]
ERROR: [Synth 8-35] 'sel_mux_cn_proc_7' is not a constant [/home/victor/open_baseband/openasip/custom_units/LDPC/LDPC_decoder/new/project_1.srcs/sources_1/imports/new/cn_core.v:629]
ERROR: [Synth 8-35] 'sel_mux_cn_proc_3' is not a constant [/home/victor/open_baseband/openasip/custom_units/LDPC/LDPC_decoder/new/project_1.srcs/sources_1/imports/new/cn_core.v:642]
ERROR: [Synth 8-35] 'sel_mux_cn_proc_4' is not a constant [/home/victor/open_baseband/openasip/custom_units/LDPC/LDPC_decoder/new/project_1.srcs/sources_1/imports/new/cn_core.v:652]
ERROR: [Synth 8-35] 'sel_mux_cn_proc_5' is not a constant [/home/victor/open_baseband/openasip/custom_units/LDPC/LDPC_decoder/new/project_1.srcs/sources_1/imports/new/cn_core.v:662]
ERROR: [Synth 8-35] 'sel_mux_cn_proc_6' is not a constant [/home/victor/open_baseband/openasip/custom_units/LDPC/LDPC_decoder/new/project_1.srcs/sources_1/imports/new/cn_core.v:672]
ERROR: [Synth 8-35] 'sel_mux_cn_proc_7' is not a constant [/home/victor/open_baseband/openasip/custom_units/LDPC/LDPC_decoder/new/project_1.srcs/sources_1/imports/new/cn_core.v:682]
ERROR: [Synth 8-12188] Failed to read verilog '/home/victor/open_baseband/openasip/custom_units/LDPC/LDPC_decoder/new/project_1.srcs/sources_1/imports/new/cn_core.v'
---------------------------------------------------------------------------------
Finished Synthesize : Time (s): cpu = 00:00:04 ; elapsed = 00:00:04 . Memory (MB): peak = 11202.316 ; gain = 7.934 ; free physical = 2269 ; free virtual = 14156
---------------------------------------------------------------------------------
synthesize failed
INFO: [Common 17-83] Releasing license: Synthesis
3 Infos, 0 Warnings, 0 Critical Warnings and 20 Errors encountered.
synth_design completed successfully
ERROR: [Common 17-39] 'synth_design' failed due to earlier errors.
WARNING: [filemgmt 56-199] Attempt to get parsing info during refresh. "On-the-fly" syntax checking information may be incorrect. [/home/victor/open_baseband/openasip/custom_units/LDPC/LDPC_decoder/new/project_1.srcs/sources_1/imports/new/cn_core.v:]
WARNING: [filemgmt 56-199] Attempt to get parsing info during refresh. "On-the-fly" syntax checking information may be incorrect. [/home/victor/open_baseband/openasip/custom_units/LDPC/LDPC_decoder/new/project_1.srcs/sources_1/imports/new/defines.vh:]
WARNING: [filemgmt 56-199] Attempt to get parsing info during refresh. "On-the-fly" syntax checking information may be incorrect. [/home/victor/open_baseband/openasip/custom_units/LDPC/LDPC_decoder/new/project_1.srcs/sources_1/imports/new/cn_core.v:]
WARNING: [filemgmt 56-199] Attempt to get parsing info during refresh. "On-the-fly" syntax checking information may be incorrect. [/home/victor/open_baseband/openasip/custom_units/LDPC/LDPC_decoder/new/project_1.srcs/sources_1/imports/new/cn_core.v:]
update_files -from_files /home/victor/open_baseband/openasip/custom_units/LDPC/LDPC_decoder/new/cn_core.v -to_files /home/victor/open_baseband/openasip/custom_units/LDPC/LDPC_decoder/new/project_1.srcs/sources_1/imports/new/cn_core.v -filesets [get_filesets *]
INFO: [filemgmt 20-762] Replacing file '/home/victor/open_baseband/openasip/custom_units/LDPC/LDPC_decoder/new/project_1.srcs/sources_1/imports/new/cn_core.v' with file '/home/victor/open_baseband/openasip/custom_units/LDPC/LDPC_decoder/new/cn_core.v'.
INFO: [filemgmt 20-1080] Importing file from '/home/victor/open_baseband/openasip/custom_units/LDPC/LDPC_decoder/new/cn_core.v' to '/home/victor/open_baseband/openasip/custom_units/LDPC/LDPC_decoder/new/project_1.srcs/sources_1/imports/new/cn_core.v'.
WARNING: [filemgmt 56-199] Attempt to get parsing info during refresh. "On-the-fly" syntax checking information may be incorrect. [/home/victor/open_baseband/openasip/custom_units/LDPC/LDPC_decoder/new/project_1.srcs/sources_1/imports/new/cn_core.v:]
WARNING: [filemgmt 56-199] Attempt to get parsing info during refresh. "On-the-fly" syntax checking information may be incorrect. [/home/victor/open_baseband/openasip/custom_units/LDPC/LDPC_decoder/new/project_1.srcs/sources_1/imports/new/defines.vh:]
WARNING: [filemgmt 56-199] Attempt to get parsing info during refresh. "On-the-fly" syntax checking information may be incorrect. [/home/victor/open_baseband/openasip/custom_units/LDPC/LDPC_decoder/new/project_1.srcs/sources_1/imports/new/cn_core.v:]
WARNING: [filemgmt 56-199] Attempt to get parsing info during refresh. "On-the-fly" syntax checking information may be incorrect. [/home/victor/open_baseband/openasip/custom_units/LDPC/LDPC_decoder/new/project_1.srcs/sources_1/imports/new/cn_core.v:]
synth_design -top cn_core -part xczu7ev-ffvc1156-2-e -lint 
Command: synth_design -top cn_core -part xczu7ev-ffvc1156-2-e -lint
Starting synth_design
Attempting to get a license for feature 'Synthesis' and/or device 'xczu7ev'
INFO: [Common 17-349] Got license for feature 'Synthesis' and/or device 'xczu7ev'
INFO: [Synth 8-7079] Multithreading enabled for synth_design using a maximum of 7 processes.
---------------------------------------------------------------------------------
Starting Synthesize : Time (s): cpu = 00:00:03 ; elapsed = 00:00:03 . Memory (MB): peak = 11230.320 ; gain = 9.965 ; free physical = 2247 ; free virtual = 14137
---------------------------------------------------------------------------------
Clean up Linter database...
INFO: [Synth 8-6157] synthesizing module 'cn_core' [/home/victor/open_baseband/openasip/custom_units/LDPC/LDPC_decoder/new/project_1.srcs/sources_1/imports/new/cn_core.v:48]
INFO: [Synth 8-6157] synthesizing module 'cn_proc' [/home/victor/open_baseband/openasip/custom_units/LDPC/LDPC_decoder/new/cn_proc.v:1]
	Parameter GROUP bound to: 3 - type: integer 
	Parameter WIDTH bound to: 8 - type: integer 
INFO: [Synth 8-6155] done synthesizing module 'cn_proc' (1#1) [/home/victor/open_baseband/openasip/custom_units/LDPC/LDPC_decoder/new/cn_proc.v:1]
INFO: [Synth 8-6157] synthesizing module 'cn_proc__parameterized0' [/home/victor/open_baseband/openasip/custom_units/LDPC/LDPC_decoder/new/cn_proc.v:1]
	Parameter GROUP bound to: 4 - type: integer 
	Parameter WIDTH bound to: 8 - type: integer 
INFO: [Synth 8-6155] done synthesizing module 'cn_proc__parameterized0' (1#1) [/home/victor/open_baseband/openasip/custom_units/LDPC/LDPC_decoder/new/cn_proc.v:1]
INFO: [Synth 8-6157] synthesizing module 'cn_proc__parameterized1' [/home/victor/open_baseband/openasip/custom_units/LDPC/LDPC_decoder/new/cn_proc.v:1]
	Parameter GROUP bound to: 5 - type: integer 
	Parameter WIDTH bound to: 8 - type: integer 
INFO: [Synth 8-6155] done synthesizing module 'cn_proc__parameterized1' (1#1) [/home/victor/open_baseband/openasip/custom_units/LDPC/LDPC_decoder/new/cn_proc.v:1]
INFO: [Synth 8-6157] synthesizing module 'cn_proc__parameterized2' [/home/victor/open_baseband/openasip/custom_units/LDPC/LDPC_decoder/new/cn_proc.v:1]
	Parameter GROUP bound to: 6 - type: integer 
	Parameter WIDTH bound to: 8 - type: integer 
INFO: [Synth 8-6155] done synthesizing module 'cn_proc__parameterized2' (1#1) [/home/victor/open_baseband/openasip/custom_units/LDPC/LDPC_decoder/new/cn_proc.v:1]
INFO: [Synth 8-6157] synthesizing module 'cn_proc__parameterized3' [/home/victor/open_baseband/openasip/custom_units/LDPC/LDPC_decoder/new/cn_proc.v:1]
	Parameter GROUP bound to: 7 - type: integer 
	Parameter WIDTH bound to: 8 - type: integer 
INFO: [Synth 8-6155] done synthesizing module 'cn_proc__parameterized3' (1#1) [/home/victor/open_baseband/openasip/custom_units/LDPC/LDPC_decoder/new/cn_proc.v:1]
INFO: [Synth 8-6157] synthesizing module 'cn_proc__parameterized4' [/home/victor/open_baseband/openasip/custom_units/LDPC/LDPC_decoder/new/cn_proc.v:1]
	Parameter GROUP bound to: 19 - type: integer 
	Parameter WIDTH bound to: 8 - type: integer 
INFO: [Synth 8-6155] done synthesizing module 'cn_proc__parameterized4' (1#1) [/home/victor/open_baseband/openasip/custom_units/LDPC/LDPC_decoder/new/cn_proc.v:1]
ERROR: [Synth 8-27] procedural assign not supported [/home/victor/open_baseband/openasip/custom_units/LDPC/LDPC_decoder/new/project_1.srcs/sources_1/imports/new/cn_core.v:644]
ERROR: [Synth 8-6156] failed synthesizing module 'cn_core' [/home/victor/open_baseband/openasip/custom_units/LDPC/LDPC_decoder/new/project_1.srcs/sources_1/imports/new/cn_core.v:48]
---------------------------------------------------------------------------------
Finished Synthesize : Time (s): cpu = 00:00:04 ; elapsed = 00:00:04 . Memory (MB): peak = 11230.320 ; gain = 9.965 ; free physical = 2249 ; free virtual = 14139
---------------------------------------------------------------------------------
synthesize failed
INFO: [Common 17-83] Releasing license: Synthesis
16 Infos, 0 Warnings, 0 Critical Warnings and 2 Errors encountered.
synth_design completed successfully
ERROR: [Common 17-39] 'synth_design' failed due to earlier errors.
WARNING: [filemgmt 56-199] Attempt to get parsing info during refresh. "On-the-fly" syntax checking information may be incorrect. [/home/victor/open_baseband/openasip/custom_units/LDPC/LDPC_decoder/new/project_1.srcs/sources_1/imports/new/cn_core.v:]
WARNING: [filemgmt 56-199] Attempt to get parsing info during refresh. "On-the-fly" syntax checking information may be incorrect. [/home/victor/open_baseband/openasip/custom_units/LDPC/LDPC_decoder/new/project_1.srcs/sources_1/imports/new/defines.vh:]
WARNING: [filemgmt 56-199] Attempt to get parsing info during refresh. "On-the-fly" syntax checking information may be incorrect. [/home/victor/open_baseband/openasip/custom_units/LDPC/LDPC_decoder/new/project_1.srcs/sources_1/imports/new/cn_core.v:]
WARNING: [filemgmt 56-199] Attempt to get parsing info during refresh. "On-the-fly" syntax checking information may be incorrect. [/home/victor/open_baseband/openasip/custom_units/LDPC/LDPC_decoder/new/project_1.srcs/sources_1/imports/new/cn_core.v:]
update_files -from_files /home/victor/open_baseband/openasip/custom_units/LDPC/LDPC_decoder/new/cn_core.v -to_files /home/victor/open_baseband/openasip/custom_units/LDPC/LDPC_decoder/new/project_1.srcs/sources_1/imports/new/cn_core.v -filesets [get_filesets *]
INFO: [filemgmt 20-762] Replacing file '/home/victor/open_baseband/openasip/custom_units/LDPC/LDPC_decoder/new/project_1.srcs/sources_1/imports/new/cn_core.v' with file '/home/victor/open_baseband/openasip/custom_units/LDPC/LDPC_decoder/new/cn_core.v'.
INFO: [filemgmt 20-1080] Importing file from '/home/victor/open_baseband/openasip/custom_units/LDPC/LDPC_decoder/new/cn_core.v' to '/home/victor/open_baseband/openasip/custom_units/LDPC/LDPC_decoder/new/project_1.srcs/sources_1/imports/new/cn_core.v'.
WARNING: [filemgmt 56-199] Attempt to get parsing info during refresh. "On-the-fly" syntax checking information may be incorrect. [/home/victor/open_baseband/openasip/custom_units/LDPC/LDPC_decoder/new/project_1.srcs/sources_1/imports/new/cn_core.v:]
WARNING: [filemgmt 56-199] Attempt to get parsing info during refresh. "On-the-fly" syntax checking information may be incorrect. [/home/victor/open_baseband/openasip/custom_units/LDPC/LDPC_decoder/new/project_1.srcs/sources_1/imports/new/defines.vh:]
WARNING: [filemgmt 56-199] Attempt to get parsing info during refresh. "On-the-fly" syntax checking information may be incorrect. [/home/victor/open_baseband/openasip/custom_units/LDPC/LDPC_decoder/new/project_1.srcs/sources_1/imports/new/cn_core.v:]
WARNING: [filemgmt 56-199] Attempt to get parsing info during refresh. "On-the-fly" syntax checking information may be incorrect. [/home/victor/open_baseband/openasip/custom_units/LDPC/LDPC_decoder/new/project_1.srcs/sources_1/imports/new/cn_core.v:]
synth_design -top cn_core -part xczu7ev-ffvc1156-2-e -lint 
Command: synth_design -top cn_core -part xczu7ev-ffvc1156-2-e -lint
Starting synth_design
Attempting to get a license for feature 'Synthesis' and/or device 'xczu7ev'
INFO: [Common 17-349] Got license for feature 'Synthesis' and/or device 'xczu7ev'
INFO: [Synth 8-7079] Multithreading enabled for synth_design using a maximum of 7 processes.
---------------------------------------------------------------------------------
Starting Synthesize : Time (s): cpu = 00:00:03 ; elapsed = 00:00:03 . Memory (MB): peak = 11248.324 ; gain = 9.930 ; free physical = 2243 ; free virtual = 14134
---------------------------------------------------------------------------------
Clean up Linter database...
INFO: [Synth 8-6157] synthesizing module 'cn_core' [/home/victor/open_baseband/openasip/custom_units/LDPC/LDPC_decoder/new/project_1.srcs/sources_1/imports/new/cn_core.v:48]
INFO: [Synth 8-6157] synthesizing module 'cn_proc' [/home/victor/open_baseband/openasip/custom_units/LDPC/LDPC_decoder/new/cn_proc.v:1]
	Parameter GROUP bound to: 3 - type: integer 
	Parameter WIDTH bound to: 8 - type: integer 
INFO: [Synth 8-6155] done synthesizing module 'cn_proc' (1#1) [/home/victor/open_baseband/openasip/custom_units/LDPC/LDPC_decoder/new/cn_proc.v:1]
INFO: [Synth 8-6157] synthesizing module 'cn_proc__parameterized0' [/home/victor/open_baseband/openasip/custom_units/LDPC/LDPC_decoder/new/cn_proc.v:1]
	Parameter GROUP bound to: 4 - type: integer 
	Parameter WIDTH bound to: 8 - type: integer 
INFO: [Synth 8-6155] done synthesizing module 'cn_proc__parameterized0' (1#1) [/home/victor/open_baseband/openasip/custom_units/LDPC/LDPC_decoder/new/cn_proc.v:1]
INFO: [Synth 8-6157] synthesizing module 'cn_proc__parameterized1' [/home/victor/open_baseband/openasip/custom_units/LDPC/LDPC_decoder/new/cn_proc.v:1]
	Parameter GROUP bound to: 5 - type: integer 
	Parameter WIDTH bound to: 8 - type: integer 
INFO: [Synth 8-6155] done synthesizing module 'cn_proc__parameterized1' (1#1) [/home/victor/open_baseband/openasip/custom_units/LDPC/LDPC_decoder/new/cn_proc.v:1]
INFO: [Synth 8-6157] synthesizing module 'cn_proc__parameterized2' [/home/victor/open_baseband/openasip/custom_units/LDPC/LDPC_decoder/new/cn_proc.v:1]
	Parameter GROUP bound to: 6 - type: integer 
	Parameter WIDTH bound to: 8 - type: integer 
INFO: [Synth 8-6155] done synthesizing module 'cn_proc__parameterized2' (1#1) [/home/victor/open_baseband/openasip/custom_units/LDPC/LDPC_decoder/new/cn_proc.v:1]
INFO: [Synth 8-6157] synthesizing module 'cn_proc__parameterized3' [/home/victor/open_baseband/openasip/custom_units/LDPC/LDPC_decoder/new/cn_proc.v:1]
	Parameter GROUP bound to: 7 - type: integer 
	Parameter WIDTH bound to: 8 - type: integer 
INFO: [Synth 8-6155] done synthesizing module 'cn_proc__parameterized3' (1#1) [/home/victor/open_baseband/openasip/custom_units/LDPC/LDPC_decoder/new/cn_proc.v:1]
INFO: [Synth 8-6157] synthesizing module 'cn_proc__parameterized4' [/home/victor/open_baseband/openasip/custom_units/LDPC/LDPC_decoder/new/cn_proc.v:1]
	Parameter GROUP bound to: 19 - type: integer 
	Parameter WIDTH bound to: 8 - type: integer 
INFO: [Synth 8-6155] done synthesizing module 'cn_proc__parameterized4' (1#1) [/home/victor/open_baseband/openasip/custom_units/LDPC/LDPC_decoder/new/cn_proc.v:1]
ERROR: [Synth 8-660] unable to resolve 'bus_gen_19' [/home/victor/open_baseband/openasip/custom_units/LDPC/LDPC_decoder/new/project_1.srcs/sources_1/imports/new/cn_core.v:644]
ERROR: [Synth 8-6156] failed synthesizing module 'cn_core' [/home/victor/open_baseband/openasip/custom_units/LDPC/LDPC_decoder/new/project_1.srcs/sources_1/imports/new/cn_core.v:48]
---------------------------------------------------------------------------------
Finished Synthesize : Time (s): cpu = 00:00:04 ; elapsed = 00:00:04 . Memory (MB): peak = 11248.324 ; gain = 9.930 ; free physical = 2245 ; free virtual = 14137
---------------------------------------------------------------------------------
synthesize failed
INFO: [Common 17-83] Releasing license: Synthesis
16 Infos, 0 Warnings, 0 Critical Warnings and 2 Errors encountered.
synth_design completed successfully
ERROR: [Common 17-39] 'synth_design' failed due to earlier errors.
WARNING: [filemgmt 56-199] Attempt to get parsing info during refresh. "On-the-fly" syntax checking information may be incorrect. [/home/victor/open_baseband/openasip/custom_units/LDPC/LDPC_decoder/new/project_1.srcs/sources_1/imports/new/cn_core.v:]
WARNING: [filemgmt 56-199] Attempt to get parsing info during refresh. "On-the-fly" syntax checking information may be incorrect. [/home/victor/open_baseband/openasip/custom_units/LDPC/LDPC_decoder/new/project_1.srcs/sources_1/imports/new/defines.vh:]
WARNING: [filemgmt 56-199] Attempt to get parsing info during refresh. "On-the-fly" syntax checking information may be incorrect. [/home/victor/open_baseband/openasip/custom_units/LDPC/LDPC_decoder/new/project_1.srcs/sources_1/imports/new/cn_core.v:]
WARNING: [filemgmt 56-199] Attempt to get parsing info during refresh. "On-the-fly" syntax checking information may be incorrect. [/home/victor/open_baseband/openasip/custom_units/LDPC/LDPC_decoder/new/project_1.srcs/sources_1/imports/new/cn_core.v:]
update_files -from_files /home/victor/open_baseband/openasip/custom_units/LDPC/LDPC_decoder/new/cn_core.v -to_files /home/victor/open_baseband/openasip/custom_units/LDPC/LDPC_decoder/new/project_1.srcs/sources_1/imports/new/cn_core.v -filesets [get_filesets *]
INFO: [filemgmt 20-762] Replacing file '/home/victor/open_baseband/openasip/custom_units/LDPC/LDPC_decoder/new/project_1.srcs/sources_1/imports/new/cn_core.v' with file '/home/victor/open_baseband/openasip/custom_units/LDPC/LDPC_decoder/new/cn_core.v'.
INFO: [filemgmt 20-1080] Importing file from '/home/victor/open_baseband/openasip/custom_units/LDPC/LDPC_decoder/new/cn_core.v' to '/home/victor/open_baseband/openasip/custom_units/LDPC/LDPC_decoder/new/project_1.srcs/sources_1/imports/new/cn_core.v'.
WARNING: [filemgmt 56-199] Attempt to get parsing info during refresh. "On-the-fly" syntax checking information may be incorrect. [/home/victor/open_baseband/openasip/custom_units/LDPC/LDPC_decoder/new/project_1.srcs/sources_1/imports/new/cn_core.v:]
WARNING: [filemgmt 56-199] Attempt to get parsing info during refresh. "On-the-fly" syntax checking information may be incorrect. [/home/victor/open_baseband/openasip/custom_units/LDPC/LDPC_decoder/new/project_1.srcs/sources_1/imports/new/defines.vh:]
WARNING: [filemgmt 56-199] Attempt to get parsing info during refresh. "On-the-fly" syntax checking information may be incorrect. [/home/victor/open_baseband/openasip/custom_units/LDPC/LDPC_decoder/new/project_1.srcs/sources_1/imports/new/cn_core.v:]
WARNING: [filemgmt 56-199] Attempt to get parsing info during refresh. "On-the-fly" syntax checking information may be incorrect. [/home/victor/open_baseband/openasip/custom_units/LDPC/LDPC_decoder/new/project_1.srcs/sources_1/imports/new/cn_core.v:]
synth_design -top cn_core -part xczu7ev-ffvc1156-2-e -lint 
Command: synth_design -top cn_core -part xczu7ev-ffvc1156-2-e -lint
Starting synth_design
Attempting to get a license for feature 'Synthesis' and/or device 'xczu7ev'
INFO: [Common 17-349] Got license for feature 'Synthesis' and/or device 'xczu7ev'
INFO: [Synth 8-7079] Multithreading enabled for synth_design using a maximum of 7 processes.
---------------------------------------------------------------------------------
Starting Synthesize : Time (s): cpu = 00:00:03 ; elapsed = 00:00:03 . Memory (MB): peak = 11258.359 ; gain = 0.000 ; free physical = 2030 ; free virtual = 14018
---------------------------------------------------------------------------------
Clean up Linter database...
INFO: [Synth 8-6157] synthesizing module 'cn_core' [/home/victor/open_baseband/openasip/custom_units/LDPC/LDPC_decoder/new/project_1.srcs/sources_1/imports/new/cn_core.v:48]
INFO: [Synth 8-6157] synthesizing module 'cn_proc' [/home/victor/open_baseband/openasip/custom_units/LDPC/LDPC_decoder/new/cn_proc.v:1]
	Parameter GROUP bound to: 3 - type: integer 
	Parameter WIDTH bound to: 8 - type: integer 
INFO: [Synth 8-6155] done synthesizing module 'cn_proc' (1#1) [/home/victor/open_baseband/openasip/custom_units/LDPC/LDPC_decoder/new/cn_proc.v:1]
INFO: [Synth 8-6157] synthesizing module 'cn_proc__parameterized0' [/home/victor/open_baseband/openasip/custom_units/LDPC/LDPC_decoder/new/cn_proc.v:1]
	Parameter GROUP bound to: 4 - type: integer 
	Parameter WIDTH bound to: 8 - type: integer 
INFO: [Synth 8-6155] done synthesizing module 'cn_proc__parameterized0' (1#1) [/home/victor/open_baseband/openasip/custom_units/LDPC/LDPC_decoder/new/cn_proc.v:1]
INFO: [Synth 8-6157] synthesizing module 'cn_proc__parameterized1' [/home/victor/open_baseband/openasip/custom_units/LDPC/LDPC_decoder/new/cn_proc.v:1]
	Parameter GROUP bound to: 5 - type: integer 
	Parameter WIDTH bound to: 8 - type: integer 
INFO: [Synth 8-6155] done synthesizing module 'cn_proc__parameterized1' (1#1) [/home/victor/open_baseband/openasip/custom_units/LDPC/LDPC_decoder/new/cn_proc.v:1]
INFO: [Synth 8-6157] synthesizing module 'cn_proc__parameterized2' [/home/victor/open_baseband/openasip/custom_units/LDPC/LDPC_decoder/new/cn_proc.v:1]
	Parameter GROUP bound to: 6 - type: integer 
	Parameter WIDTH bound to: 8 - type: integer 
INFO: [Synth 8-6155] done synthesizing module 'cn_proc__parameterized2' (1#1) [/home/victor/open_baseband/openasip/custom_units/LDPC/LDPC_decoder/new/cn_proc.v:1]
INFO: [Synth 8-6157] synthesizing module 'cn_proc__parameterized3' [/home/victor/open_baseband/openasip/custom_units/LDPC/LDPC_decoder/new/cn_proc.v:1]
	Parameter GROUP bound to: 7 - type: integer 
	Parameter WIDTH bound to: 8 - type: integer 
INFO: [Synth 8-6155] done synthesizing module 'cn_proc__parameterized3' (1#1) [/home/victor/open_baseband/openasip/custom_units/LDPC/LDPC_decoder/new/cn_proc.v:1]
INFO: [Synth 8-6157] synthesizing module 'cn_proc__parameterized4' [/home/victor/open_baseband/openasip/custom_units/LDPC/LDPC_decoder/new/cn_proc.v:1]
	Parameter GROUP bound to: 19 - type: integer 
	Parameter WIDTH bound to: 8 - type: integer 
INFO: [Synth 8-6155] done synthesizing module 'cn_proc__parameterized4' (1#1) [/home/victor/open_baseband/openasip/custom_units/LDPC/LDPC_decoder/new/cn_proc.v:1]
ERROR: [Synth 8-660] unable to resolve 'bus_gen_19' [/home/victor/open_baseband/openasip/custom_units/LDPC/LDPC_decoder/new/project_1.srcs/sources_1/imports/new/cn_core.v:667]
ERROR: [Synth 8-6156] failed synthesizing module 'cn_core' [/home/victor/open_baseband/openasip/custom_units/LDPC/LDPC_decoder/new/project_1.srcs/sources_1/imports/new/cn_core.v:48]
---------------------------------------------------------------------------------
Finished Synthesize : Time (s): cpu = 00:00:04 ; elapsed = 00:00:04 . Memory (MB): peak = 11258.359 ; gain = 0.000 ; free physical = 2033 ; free virtual = 14021
---------------------------------------------------------------------------------
synthesize failed
INFO: [Common 17-83] Releasing license: Synthesis
16 Infos, 0 Warnings, 0 Critical Warnings and 2 Errors encountered.
synth_design completed successfully
ERROR: [Common 17-39] 'synth_design' failed due to earlier errors.
WARNING: [filemgmt 56-199] Attempt to get parsing info during refresh. "On-the-fly" syntax checking information may be incorrect. [/home/victor/open_baseband/openasip/custom_units/LDPC/LDPC_decoder/new/project_1.srcs/sources_1/imports/new/cn_core.v:]
WARNING: [filemgmt 56-199] Attempt to get parsing info during refresh. "On-the-fly" syntax checking information may be incorrect. [/home/victor/open_baseband/openasip/custom_units/LDPC/LDPC_decoder/new/project_1.srcs/sources_1/imports/new/defines.vh:]
WARNING: [filemgmt 56-199] Attempt to get parsing info during refresh. "On-the-fly" syntax checking information may be incorrect. [/home/victor/open_baseband/openasip/custom_units/LDPC/LDPC_decoder/new/project_1.srcs/sources_1/imports/new/cn_core.v:]
WARNING: [filemgmt 56-199] Attempt to get parsing info during refresh. "On-the-fly" syntax checking information may be incorrect. [/home/victor/open_baseband/openasip/custom_units/LDPC/LDPC_decoder/new/project_1.srcs/sources_1/imports/new/cn_core.v:]
update_files -from_files /home/victor/open_baseband/openasip/custom_units/LDPC/LDPC_decoder/new/cn_core.v -to_files /home/victor/open_baseband/openasip/custom_units/LDPC/LDPC_decoder/new/project_1.srcs/sources_1/imports/new/cn_core.v -filesets [get_filesets *]
INFO: [filemgmt 20-762] Replacing file '/home/victor/open_baseband/openasip/custom_units/LDPC/LDPC_decoder/new/project_1.srcs/sources_1/imports/new/cn_core.v' with file '/home/victor/open_baseband/openasip/custom_units/LDPC/LDPC_decoder/new/cn_core.v'.
INFO: [filemgmt 20-1080] Importing file from '/home/victor/open_baseband/openasip/custom_units/LDPC/LDPC_decoder/new/cn_core.v' to '/home/victor/open_baseband/openasip/custom_units/LDPC/LDPC_decoder/new/project_1.srcs/sources_1/imports/new/cn_core.v'.
WARNING: [filemgmt 56-199] Attempt to get parsing info during refresh. "On-the-fly" syntax checking information may be incorrect. [/home/victor/open_baseband/openasip/custom_units/LDPC/LDPC_decoder/new/project_1.srcs/sources_1/imports/new/cn_core.v:]
WARNING: [filemgmt 56-199] Attempt to get parsing info during refresh. "On-the-fly" syntax checking information may be incorrect. [/home/victor/open_baseband/openasip/custom_units/LDPC/LDPC_decoder/new/project_1.srcs/sources_1/imports/new/defines.vh:]
WARNING: [filemgmt 56-199] Attempt to get parsing info during refresh. "On-the-fly" syntax checking information may be incorrect. [/home/victor/open_baseband/openasip/custom_units/LDPC/LDPC_decoder/new/project_1.srcs/sources_1/imports/new/cn_core.v:]
WARNING: [filemgmt 56-199] Attempt to get parsing info during refresh. "On-the-fly" syntax checking information may be incorrect. [/home/victor/open_baseband/openasip/custom_units/LDPC/LDPC_decoder/new/project_1.srcs/sources_1/imports/new/cn_core.v:]
update_files -from_files /home/victor/open_baseband/openasip/custom_units/LDPC/LDPC_decoder/new/cn_core.v -to_files /home/victor/open_baseband/openasip/custom_units/LDPC/LDPC_decoder/new/project_1.srcs/sources_1/imports/new/cn_core.v -filesets [get_filesets *]
INFO: [filemgmt 20-762] Replacing file '/home/victor/open_baseband/openasip/custom_units/LDPC/LDPC_decoder/new/project_1.srcs/sources_1/imports/new/cn_core.v' with file '/home/victor/open_baseband/openasip/custom_units/LDPC/LDPC_decoder/new/cn_core.v'.
INFO: [filemgmt 20-1080] Importing file from '/home/victor/open_baseband/openasip/custom_units/LDPC/LDPC_decoder/new/cn_core.v' to '/home/victor/open_baseband/openasip/custom_units/LDPC/LDPC_decoder/new/project_1.srcs/sources_1/imports/new/cn_core.v'.
WARNING: [filemgmt 56-199] Attempt to get parsing info during refresh. "On-the-fly" syntax checking information may be incorrect. [/home/victor/open_baseband/openasip/custom_units/LDPC/LDPC_decoder/new/project_1.srcs/sources_1/imports/new/cn_core.v:]
WARNING: [filemgmt 56-199] Attempt to get parsing info during refresh. "On-the-fly" syntax checking information may be incorrect. [/home/victor/open_baseband/openasip/custom_units/LDPC/LDPC_decoder/new/project_1.srcs/sources_1/imports/new/defines.vh:]
WARNING: [filemgmt 56-199] Attempt to get parsing info during refresh. "On-the-fly" syntax checking information may be incorrect. [/home/victor/open_baseband/openasip/custom_units/LDPC/LDPC_decoder/new/project_1.srcs/sources_1/imports/new/cn_core.v:]
WARNING: [filemgmt 56-199] Attempt to get parsing info during refresh. "On-the-fly" syntax checking information may be incorrect. [/home/victor/open_baseband/openasip/custom_units/LDPC/LDPC_decoder/new/project_1.srcs/sources_1/imports/new/cn_core.v:]
synth_design -top cn_core -part xczu7ev-ffvc1156-2-e -lint 
Command: synth_design -top cn_core -part xczu7ev-ffvc1156-2-e -lint
Starting synth_design
Attempting to get a license for feature 'Synthesis' and/or device 'xczu7ev'
INFO: [Common 17-349] Got license for feature 'Synthesis' and/or device 'xczu7ev'
INFO: [Synth 8-7079] Multithreading enabled for synth_design using a maximum of 7 processes.
---------------------------------------------------------------------------------
Starting Synthesize : Time (s): cpu = 00:00:03 ; elapsed = 00:00:03 . Memory (MB): peak = 11292.371 ; gain = 0.000 ; free physical = 1608 ; free virtual = 13634
---------------------------------------------------------------------------------
Clean up Linter database...
INFO: [Synth 8-6157] synthesizing module 'cn_core' [/home/victor/open_baseband/openasip/custom_units/LDPC/LDPC_decoder/new/project_1.srcs/sources_1/imports/new/cn_core.v:48]
INFO: [Synth 8-6157] synthesizing module 'cn_proc' [/home/victor/open_baseband/openasip/custom_units/LDPC/LDPC_decoder/new/cn_proc.v:1]
	Parameter GROUP bound to: 3 - type: integer 
	Parameter WIDTH bound to: 8 - type: integer 
INFO: [Synth 8-6155] done synthesizing module 'cn_proc' (1#1) [/home/victor/open_baseband/openasip/custom_units/LDPC/LDPC_decoder/new/cn_proc.v:1]
INFO: [Synth 8-6157] synthesizing module 'cn_proc__parameterized0' [/home/victor/open_baseband/openasip/custom_units/LDPC/LDPC_decoder/new/cn_proc.v:1]
	Parameter GROUP bound to: 4 - type: integer 
	Parameter WIDTH bound to: 8 - type: integer 
INFO: [Synth 8-6155] done synthesizing module 'cn_proc__parameterized0' (1#1) [/home/victor/open_baseband/openasip/custom_units/LDPC/LDPC_decoder/new/cn_proc.v:1]
INFO: [Synth 8-6157] synthesizing module 'cn_proc__parameterized1' [/home/victor/open_baseband/openasip/custom_units/LDPC/LDPC_decoder/new/cn_proc.v:1]
	Parameter GROUP bound to: 5 - type: integer 
	Parameter WIDTH bound to: 8 - type: integer 
INFO: [Synth 8-6155] done synthesizing module 'cn_proc__parameterized1' (1#1) [/home/victor/open_baseband/openasip/custom_units/LDPC/LDPC_decoder/new/cn_proc.v:1]
INFO: [Synth 8-6157] synthesizing module 'cn_proc__parameterized2' [/home/victor/open_baseband/openasip/custom_units/LDPC/LDPC_decoder/new/cn_proc.v:1]
	Parameter GROUP bound to: 6 - type: integer 
	Parameter WIDTH bound to: 8 - type: integer 
INFO: [Synth 8-6155] done synthesizing module 'cn_proc__parameterized2' (1#1) [/home/victor/open_baseband/openasip/custom_units/LDPC/LDPC_decoder/new/cn_proc.v:1]
INFO: [Synth 8-6157] synthesizing module 'cn_proc__parameterized3' [/home/victor/open_baseband/openasip/custom_units/LDPC/LDPC_decoder/new/cn_proc.v:1]
	Parameter GROUP bound to: 7 - type: integer 
	Parameter WIDTH bound to: 8 - type: integer 
INFO: [Synth 8-6155] done synthesizing module 'cn_proc__parameterized3' (1#1) [/home/victor/open_baseband/openasip/custom_units/LDPC/LDPC_decoder/new/cn_proc.v:1]
INFO: [Synth 8-6157] synthesizing module 'cn_proc__parameterized4' [/home/victor/open_baseband/openasip/custom_units/LDPC/LDPC_decoder/new/cn_proc.v:1]
	Parameter GROUP bound to: 19 - type: integer 
	Parameter WIDTH bound to: 8 - type: integer 
INFO: [Synth 8-6155] done synthesizing module 'cn_proc__parameterized4' (1#1) [/home/victor/open_baseband/openasip/custom_units/LDPC/LDPC_decoder/new/cn_proc.v:1]
ERROR: [Synth 8-660] unable to resolve 'gen_cn_procs_19' [/home/victor/open_baseband/openasip/custom_units/LDPC/LDPC_decoder/new/project_1.srcs/sources_1/imports/new/cn_core.v:1708]
ERROR: [Synth 8-6156] failed synthesizing module 'cn_core' [/home/victor/open_baseband/openasip/custom_units/LDPC/LDPC_decoder/new/project_1.srcs/sources_1/imports/new/cn_core.v:48]
---------------------------------------------------------------------------------
Finished Synthesize : Time (s): cpu = 00:00:04 ; elapsed = 00:00:04 . Memory (MB): peak = 11295.305 ; gain = 2.934 ; free physical = 1607 ; free virtual = 13633
---------------------------------------------------------------------------------
synthesize failed
INFO: [Common 17-83] Releasing license: Synthesis
16 Infos, 0 Warnings, 0 Critical Warnings and 2 Errors encountered.
synth_design completed successfully
ERROR: [Common 17-39] 'synth_design' failed due to earlier errors.
synth_design -top cn_core -part xczu7ev-ffvc1156-2-e -lint 
Command: synth_design -top cn_core -part xczu7ev-ffvc1156-2-e -lint
Starting synth_design
Attempting to get a license for feature 'Synthesis' and/or device 'xczu7ev'
INFO: [Common 17-349] Got license for feature 'Synthesis' and/or device 'xczu7ev'
INFO: [Synth 8-7079] Multithreading enabled for synth_design using a maximum of 7 processes.
---------------------------------------------------------------------------------
Starting Synthesize : Time (s): cpu = 00:00:03 ; elapsed = 00:00:03 . Memory (MB): peak = 11311.242 ; gain = 5.938 ; free physical = 1624 ; free virtual = 13650
---------------------------------------------------------------------------------
Clean up Linter database...
INFO: [Synth 8-6157] synthesizing module 'cn_core' [/home/victor/open_baseband/openasip/custom_units/LDPC/LDPC_decoder/new/project_1.srcs/sources_1/imports/new/cn_core.v:48]
INFO: [Synth 8-6157] synthesizing module 'cn_proc' [/home/victor/open_baseband/openasip/custom_units/LDPC/LDPC_decoder/new/cn_proc.v:1]
	Parameter GROUP bound to: 3 - type: integer 
	Parameter WIDTH bound to: 8 - type: integer 
INFO: [Synth 8-6155] done synthesizing module 'cn_proc' (1#1) [/home/victor/open_baseband/openasip/custom_units/LDPC/LDPC_decoder/new/cn_proc.v:1]
INFO: [Synth 8-6157] synthesizing module 'cn_proc__parameterized0' [/home/victor/open_baseband/openasip/custom_units/LDPC/LDPC_decoder/new/cn_proc.v:1]
	Parameter GROUP bound to: 4 - type: integer 
	Parameter WIDTH bound to: 8 - type: integer 
INFO: [Synth 8-6155] done synthesizing module 'cn_proc__parameterized0' (1#1) [/home/victor/open_baseband/openasip/custom_units/LDPC/LDPC_decoder/new/cn_proc.v:1]
INFO: [Synth 8-6157] synthesizing module 'cn_proc__parameterized1' [/home/victor/open_baseband/openasip/custom_units/LDPC/LDPC_decoder/new/cn_proc.v:1]
	Parameter GROUP bound to: 5 - type: integer 
	Parameter WIDTH bound to: 8 - type: integer 
INFO: [Synth 8-6155] done synthesizing module 'cn_proc__parameterized1' (1#1) [/home/victor/open_baseband/openasip/custom_units/LDPC/LDPC_decoder/new/cn_proc.v:1]
INFO: [Synth 8-6157] synthesizing module 'cn_proc__parameterized2' [/home/victor/open_baseband/openasip/custom_units/LDPC/LDPC_decoder/new/cn_proc.v:1]
	Parameter GROUP bound to: 6 - type: integer 
	Parameter WIDTH bound to: 8 - type: integer 
INFO: [Synth 8-6155] done synthesizing module 'cn_proc__parameterized2' (1#1) [/home/victor/open_baseband/openasip/custom_units/LDPC/LDPC_decoder/new/cn_proc.v:1]
INFO: [Synth 8-6157] synthesizing module 'cn_proc__parameterized3' [/home/victor/open_baseband/openasip/custom_units/LDPC/LDPC_decoder/new/cn_proc.v:1]
	Parameter GROUP bound to: 7 - type: integer 
	Parameter WIDTH bound to: 8 - type: integer 
INFO: [Synth 8-6155] done synthesizing module 'cn_proc__parameterized3' (1#1) [/home/victor/open_baseband/openasip/custom_units/LDPC/LDPC_decoder/new/cn_proc.v:1]
INFO: [Synth 8-6157] synthesizing module 'cn_proc__parameterized4' [/home/victor/open_baseband/openasip/custom_units/LDPC/LDPC_decoder/new/cn_proc.v:1]
	Parameter GROUP bound to: 19 - type: integer 
	Parameter WIDTH bound to: 8 - type: integer 
INFO: [Synth 8-6155] done synthesizing module 'cn_proc__parameterized4' (1#1) [/home/victor/open_baseband/openasip/custom_units/LDPC/LDPC_decoder/new/cn_proc.v:1]
ERROR: [Synth 8-660] unable to resolve 'gen_cn_procs_19' [/home/victor/open_baseband/openasip/custom_units/LDPC/LDPC_decoder/new/project_1.srcs/sources_1/imports/new/cn_core.v:1708]
ERROR: [Synth 8-6156] failed synthesizing module 'cn_core' [/home/victor/open_baseband/openasip/custom_units/LDPC/LDPC_decoder/new/project_1.srcs/sources_1/imports/new/cn_core.v:48]
---------------------------------------------------------------------------------
Finished Synthesize : Time (s): cpu = 00:00:04 ; elapsed = 00:00:04 . Memory (MB): peak = 11311.242 ; gain = 5.938 ; free physical = 1625 ; free virtual = 13651
---------------------------------------------------------------------------------
synthesize failed
INFO: [Common 17-83] Releasing license: Synthesis
16 Infos, 0 Warnings, 0 Critical Warnings and 2 Errors encountered.
synth_design completed successfully
ERROR: [Common 17-39] 'synth_design' failed due to earlier errors.
WARNING: [filemgmt 56-199] Attempt to get parsing info during refresh. "On-the-fly" syntax checking information may be incorrect. [/home/victor/open_baseband/openasip/custom_units/LDPC/LDPC_decoder/new/project_1.srcs/sources_1/imports/new/cn_core.v:]
WARNING: [filemgmt 56-199] Attempt to get parsing info during refresh. "On-the-fly" syntax checking information may be incorrect. [/home/victor/open_baseband/openasip/custom_units/LDPC/LDPC_decoder/new/project_1.srcs/sources_1/imports/new/defines.vh:]
WARNING: [filemgmt 56-199] Attempt to get parsing info during refresh. "On-the-fly" syntax checking information may be incorrect. [/home/victor/open_baseband/openasip/custom_units/LDPC/LDPC_decoder/new/project_1.srcs/sources_1/imports/new/cn_core.v:]
WARNING: [filemgmt 56-199] Attempt to get parsing info during refresh. "On-the-fly" syntax checking information may be incorrect. [/home/victor/open_baseband/openasip/custom_units/LDPC/LDPC_decoder/new/project_1.srcs/sources_1/imports/new/cn_core.v:]
update_files -from_files /home/victor/open_baseband/openasip/custom_units/LDPC/LDPC_decoder/new/cn_core.v -to_files /home/victor/open_baseband/openasip/custom_units/LDPC/LDPC_decoder/new/project_1.srcs/sources_1/imports/new/cn_core.v -filesets [get_filesets *]
INFO: [filemgmt 20-762] Replacing file '/home/victor/open_baseband/openasip/custom_units/LDPC/LDPC_decoder/new/project_1.srcs/sources_1/imports/new/cn_core.v' with file '/home/victor/open_baseband/openasip/custom_units/LDPC/LDPC_decoder/new/cn_core.v'.
INFO: [filemgmt 20-1080] Importing file from '/home/victor/open_baseband/openasip/custom_units/LDPC/LDPC_decoder/new/cn_core.v' to '/home/victor/open_baseband/openasip/custom_units/LDPC/LDPC_decoder/new/project_1.srcs/sources_1/imports/new/cn_core.v'.
WARNING: [filemgmt 56-199] Attempt to get parsing info during refresh. "On-the-fly" syntax checking information may be incorrect. [/home/victor/open_baseband/openasip/custom_units/LDPC/LDPC_decoder/new/project_1.srcs/sources_1/imports/new/cn_core.v:]
WARNING: [filemgmt 56-199] Attempt to get parsing info during refresh. "On-the-fly" syntax checking information may be incorrect. [/home/victor/open_baseband/openasip/custom_units/LDPC/LDPC_decoder/new/project_1.srcs/sources_1/imports/new/defines.vh:]
WARNING: [filemgmt 56-199] Attempt to get parsing info during refresh. "On-the-fly" syntax checking information may be incorrect. [/home/victor/open_baseband/openasip/custom_units/LDPC/LDPC_decoder/new/project_1.srcs/sources_1/imports/new/cn_core.v:]
WARNING: [filemgmt 56-199] Attempt to get parsing info during refresh. "On-the-fly" syntax checking information may be incorrect. [/home/victor/open_baseband/openasip/custom_units/LDPC/LDPC_decoder/new/project_1.srcs/sources_1/imports/new/cn_core.v:]
synth_design -top cn_core -part xczu7ev-ffvc1156-2-e -lint 
Command: synth_design -top cn_core -part xczu7ev-ffvc1156-2-e -lint
Starting synth_design
Attempting to get a license for feature 'Synthesis' and/or device 'xczu7ev'
INFO: [Common 17-349] Got license for feature 'Synthesis' and/or device 'xczu7ev'
INFO: [Synth 8-7079] Multithreading enabled for synth_design using a maximum of 7 processes.
---------------------------------------------------------------------------------
Starting Synthesize : Time (s): cpu = 00:00:03 ; elapsed = 00:00:03 . Memory (MB): peak = 11319.316 ; gain = 0.000 ; free physical = 1631 ; free virtual = 13658
---------------------------------------------------------------------------------
Clean up Linter database...
INFO: [Synth 8-6157] synthesizing module 'cn_core' [/home/victor/open_baseband/openasip/custom_units/LDPC/LDPC_decoder/new/project_1.srcs/sources_1/imports/new/cn_core.v:48]
INFO: [Synth 8-6157] synthesizing module 'cn_proc' [/home/victor/open_baseband/openasip/custom_units/LDPC/LDPC_decoder/new/cn_proc.v:1]
	Parameter GROUP bound to: 3 - type: integer 
	Parameter WIDTH bound to: 8 - type: integer 
INFO: [Synth 8-6155] done synthesizing module 'cn_proc' (1#1) [/home/victor/open_baseband/openasip/custom_units/LDPC/LDPC_decoder/new/cn_proc.v:1]
INFO: [Synth 8-6157] synthesizing module 'cn_proc__parameterized0' [/home/victor/open_baseband/openasip/custom_units/LDPC/LDPC_decoder/new/cn_proc.v:1]
	Parameter GROUP bound to: 4 - type: integer 
	Parameter WIDTH bound to: 8 - type: integer 
INFO: [Synth 8-6155] done synthesizing module 'cn_proc__parameterized0' (1#1) [/home/victor/open_baseband/openasip/custom_units/LDPC/LDPC_decoder/new/cn_proc.v:1]
INFO: [Synth 8-6157] synthesizing module 'cn_proc__parameterized1' [/home/victor/open_baseband/openasip/custom_units/LDPC/LDPC_decoder/new/cn_proc.v:1]
	Parameter GROUP bound to: 5 - type: integer 
	Parameter WIDTH bound to: 8 - type: integer 
INFO: [Synth 8-6155] done synthesizing module 'cn_proc__parameterized1' (1#1) [/home/victor/open_baseband/openasip/custom_units/LDPC/LDPC_decoder/new/cn_proc.v:1]
INFO: [Synth 8-6157] synthesizing module 'cn_proc__parameterized2' [/home/victor/open_baseband/openasip/custom_units/LDPC/LDPC_decoder/new/cn_proc.v:1]
	Parameter GROUP bound to: 6 - type: integer 
	Parameter WIDTH bound to: 8 - type: integer 
INFO: [Synth 8-6155] done synthesizing module 'cn_proc__parameterized2' (1#1) [/home/victor/open_baseband/openasip/custom_units/LDPC/LDPC_decoder/new/cn_proc.v:1]
INFO: [Synth 8-6157] synthesizing module 'cn_proc__parameterized3' [/home/victor/open_baseband/openasip/custom_units/LDPC/LDPC_decoder/new/cn_proc.v:1]
	Parameter GROUP bound to: 7 - type: integer 
	Parameter WIDTH bound to: 8 - type: integer 
INFO: [Synth 8-6155] done synthesizing module 'cn_proc__parameterized3' (1#1) [/home/victor/open_baseband/openasip/custom_units/LDPC/LDPC_decoder/new/cn_proc.v:1]
INFO: [Synth 8-6157] synthesizing module 'cn_proc__parameterized4' [/home/victor/open_baseband/openasip/custom_units/LDPC/LDPC_decoder/new/cn_proc.v:1]
	Parameter GROUP bound to: 19 - type: integer 
	Parameter WIDTH bound to: 8 - type: integer 
INFO: [Synth 8-6155] done synthesizing module 'cn_proc__parameterized4' (1#1) [/home/victor/open_baseband/openasip/custom_units/LDPC/LDPC_decoder/new/cn_proc.v:1]
WARNING: [Synth 8-3848] Net out_llr_r in module/entity cn_core does not have driver. [/home/victor/open_baseband/openasip/custom_units/LDPC/LDPC_decoder/new/project_1.srcs/sources_1/imports/new/cn_core.v:1888]
INFO: [Synth 8-6155] done synthesizing module 'cn_core' (2#1) [/home/victor/open_baseband/openasip/custom_units/LDPC/LDPC_decoder/new/project_1.srcs/sources_1/imports/new/cn_core.v:48]
---------------------------------------------------------------------------------
Finished Synthesize : Time (s): cpu = 00:00:04 ; elapsed = 00:00:04 . Memory (MB): peak = 11319.316 ; gain = 0.000 ; free physical = 1634 ; free virtual = 13661
---------------------------------------------------------------------------------
Copyright 1986-2022 Xilinx, Inc. All Rights Reserved. Copyright 2022-2025 Advanced Micro Devices, Inc. All Rights Reserved.
---------------------------------------------------------------------------------------------------------------------------------------------
| Tool Version : Vivado v.2025.2 (lin64) Build 6299465 Fri Nov 14 12:34:56 MST 2025
| Date         : Sun May  3 14:50:30 2026
| Host         : victor-IdeaPad-Slim-3-15ARP10 running 64-bit Ubuntu 24.04.4 LTS
---------------------------------------------------------------------------------------------------------------------------------------------

RTL Linter Report

Table of Contents
-----------------
1. Summary

1. Summary
----------

+-----------+----------+--------------+----------+
| Rule ID   | Severity | # Violations | # Waived |
+-----------+----------+--------------+----------+
| ASSIGN-5  | WARNING  | 10           | 0        |
| ASSIGN-6  | WARNING  | 9            | 0        |
| ASSIGN-9  | WARNING  | 1            | 0        |
| ASSIGN-10 | WARNING  | 4            | 0        |
+-----------+----------+--------------+----------+


WARNING: [Synth 37-124] [ASSIGN-5]Some bits in 'gen_cn_buses_19.in_cn_proc_10' are not set. First unset bit index is 0. 
RTL Name 'gen_cn_buses_19.in_cn_proc_10', Hierarchy 'cn_core', File 'cn_core.v', Line 477.
WARNING: [Synth 37-124] [ASSIGN-5]Some bits in 'gen_cn_buses_19.in_cn_proc_8' are not set. First unset bit index is 0. 
RTL Name 'gen_cn_buses_19.in_cn_proc_8', Hierarchy 'cn_core', File 'cn_core.v', Line 449.
WARNING: [Synth 37-124] [ASSIGN-5]Some bits in 'gen_cn_buses_19.in_cn_proc_9' are not set. First unset bit index is 0. 
RTL Name 'gen_cn_buses_19.in_cn_proc_9', Hierarchy 'cn_core', File 'cn_core.v', Line 463.
WARNING: [Synth 37-124] [ASSIGN-5]Some bits in 'gen_cn_buses_19.min_cn_proc_10' are not set. First unset bit index is 0. 
RTL Name 'gen_cn_buses_19.min_cn_proc_10', Hierarchy 'cn_core', File 'cn_core.v', Line 479.
WARNING: [Synth 37-124] [ASSIGN-5]Some bits in 'gen_cn_buses_19.min_cn_proc_8' are not set. First unset bit index is 0. 
RTL Name 'gen_cn_buses_19.min_cn_proc_8', Hierarchy 'cn_core', File 'cn_core.v', Line 451.
WARNING: [Synth 37-124] [ASSIGN-5]Some bits in 'gen_cn_buses_19.min_cn_proc_9' are not set. First unset bit index is 0. 
RTL Name 'gen_cn_buses_19.min_cn_proc_9', Hierarchy 'cn_core', File 'cn_core.v', Line 465.
WARNING: [Synth 37-124] [ASSIGN-5]Some bits in 'gen_cn_buses_19.sgn_mul_cn_proc_10' are not set. First unset bit index is 0. 
RTL Name 'gen_cn_buses_19.sgn_mul_cn_proc_10', Hierarchy 'cn_core', File 'cn_core.v', Line 480.
WARNING: [Synth 37-124] [ASSIGN-5]Some bits in 'gen_cn_buses_19.sgn_mul_cn_proc_8' are not set. First unset bit index is 0. 
RTL Name 'gen_cn_buses_19.sgn_mul_cn_proc_8', Hierarchy 'cn_core', File 'cn_core.v', Line 452.
WARNING: [Synth 37-124] [ASSIGN-5]Some bits in 'gen_cn_buses_19.sgn_mul_cn_proc_9' are not set. First unset bit index is 0. 
RTL Name 'gen_cn_buses_19.sgn_mul_cn_proc_9', Hierarchy 'cn_core', File 'cn_core.v', Line 466.
WARNING: [Synth 37-124] [ASSIGN-5]Some bits in 'out_llr_r' are not set. First unset bit index is 0. 
RTL Name 'out_llr_r', Hierarchy 'cn_core', File 'cn_core.v', Line 1888.
WARNING: [Synth 37-93] [ASSIGN-6]Signal 'gen_cn_buses_19.in_cn_proc_10_r' was assigned but not read. 
RTL Name 'gen_cn_buses_19.in_cn_proc_10_r', Hierarchy 'cn_core', File '/home/victor/open_baseband/openasip/custom_units/LDPC/LDPC_decoder/new/project_1.srcs/sources_1/imports/new/cn_core.v', Line 478.
WARNING: [Synth 37-93] [ASSIGN-6]Signal 'gen_cn_buses_19.in_cn_proc_8_r' was assigned but not read. 
RTL Name 'gen_cn_buses_19.in_cn_proc_8_r', Hierarchy 'cn_core', File '/home/victor/open_baseband/openasip/custom_units/LDPC/LDPC_decoder/new/project_1.srcs/sources_1/imports/new/cn_core.v', Line 450.
WARNING: [Synth 37-93] [ASSIGN-6]Signal 'gen_cn_buses_19.in_cn_proc_9_r' was assigned but not read. 
RTL Name 'gen_cn_buses_19.in_cn_proc_9_r', Hierarchy 'cn_core', File '/home/victor/open_baseband/openasip/custom_units/LDPC/LDPC_decoder/new/project_1.srcs/sources_1/imports/new/cn_core.v', Line 464.
WARNING: [Synth 37-93] [ASSIGN-6]Signal 'gen_min_mul_buses_19.out_demux_min_0' was assigned but not read. 
RTL Name 'gen_min_mul_buses_19.out_demux_min_0', Hierarchy 'cn_core', File '/home/victor/open_baseband/openasip/custom_units/LDPC/LDPC_decoder/new/project_1.srcs/sources_1/imports/new/cn_core.v', Line 1294.
WARNING: [Synth 37-93] [ASSIGN-6]Signal 'gen_min_mul_buses_19.out_demux_min_1' was assigned but not read. 
RTL Name 'gen_min_mul_buses_19.out_demux_min_1', Hierarchy 'cn_core', File '/home/victor/open_baseband/openasip/custom_units/LDPC/LDPC_decoder/new/project_1.srcs/sources_1/imports/new/cn_core.v', Line 1295.
WARNING: [Synth 37-93] [ASSIGN-6]Signal 'gen_min_mul_buses_19.out_demux_min_2' was assigned but not read. 
RTL Name 'gen_min_mul_buses_19.out_demux_min_2', Hierarchy 'cn_core', File '/home/victor/open_baseband/openasip/custom_units/LDPC/LDPC_decoder/new/project_1.srcs/sources_1/imports/new/cn_core.v', Line 1296.
WARNING: [Synth 37-93] [ASSIGN-6]Signal 'gen_min_mul_buses_19.out_demux_mul_0' was assigned but not read. 
RTL Name 'gen_min_mul_buses_19.out_demux_mul_0', Hierarchy 'cn_core', File '/home/victor/open_baseband/openasip/custom_units/LDPC/LDPC_decoder/new/project_1.srcs/sources_1/imports/new/cn_core.v', Line 1297.
WARNING: [Synth 37-93] [ASSIGN-6]Signal 'gen_min_mul_buses_19.out_demux_mul_1' was assigned but not read. 
RTL Name 'gen_min_mul_buses_19.out_demux_mul_1', Hierarchy 'cn_core', File '/home/victor/open_baseband/openasip/custom_units/LDPC/LDPC_decoder/new/project_1.srcs/sources_1/imports/new/cn_core.v', Line 1298.
WARNING: [Synth 37-93] [ASSIGN-6]Signal 'gen_min_mul_buses_19.out_demux_mul_2' was assigned but not read. 
RTL Name 'gen_min_mul_buses_19.out_demux_mul_2', Hierarchy 'cn_core', File '/home/victor/open_baseband/openasip/custom_units/LDPC/LDPC_decoder/new/project_1.srcs/sources_1/imports/new/cn_core.v', Line 1299.
WARNING: [Synth 37-126] [ASSIGN-9]Some bits in IO 'out_llr' are not set. First unset bit index is 0. 
RTL Name 'out_llr', Hierarchy 'cn_core', File 'cn_core.v', Line 57.
WARNING: [Synth 37-125] [ASSIGN-10]Some bits in IO 'sel_demux_min_30' are not read. First unread bit index is 0. 
RTL Name 'sel_demux_min_30', Hierarchy 'cn_core', File 'cn_core.v', Line 77.
WARNING: [Synth 37-125] [ASSIGN-10]Some bits in IO 'sel_demux_min_31' are not read. First unread bit index is 0. 
RTL Name 'sel_demux_min_31', Hierarchy 'cn_core', File 'cn_core.v', Line 78.
WARNING: [Synth 37-125] [ASSIGN-10]Some bits in IO 'sel_demux_mul_30' are not read. First unread bit index is 0. 
RTL Name 'sel_demux_mul_30', Hierarchy 'cn_core', File 'cn_core.v', Line 80.
WARNING: [Synth 37-125] [ASSIGN-10]Some bits in IO 'sel_demux_mul_31' are not read. First unread bit index is 0. 
RTL Name 'sel_demux_mul_31', Hierarchy 'cn_core', File 'cn_core.v', Line 81.
INFO: [Synth 37-85] Total of 24 linter message(s) generated.
INFO: [Synth 37-45] Linter Run Finished!
Synthesis Optimization Runtime : Time (s): cpu = 00:00:04 ; elapsed = 00:00:04 . Memory (MB): peak = 11319.316 ; gain = 0.000 ; free physical = 1634 ; free virtual = 13661
INFO: [Common 17-83] Releasing license: Synthesis
19 Infos, 25 Warnings, 0 Critical Warnings and 0 Errors encountered.
synth_design completed successfully
WARNING: [filemgmt 56-199] Attempt to get parsing info during refresh. "On-the-fly" syntax checking information may be incorrect. [/home/victor/open_baseband/openasip/custom_units/LDPC/LDPC_decoder/new/project_1.srcs/sources_1/imports/new/cn_core.v:]
WARNING: [filemgmt 56-199] Attempt to get parsing info during refresh. "On-the-fly" syntax checking information may be incorrect. [/home/victor/open_baseband/openasip/custom_units/LDPC/LDPC_decoder/new/project_1.srcs/sources_1/imports/new/defines.vh:]
WARNING: [filemgmt 56-199] Attempt to get parsing info during refresh. "On-the-fly" syntax checking information may be incorrect. [/home/victor/open_baseband/openasip/custom_units/LDPC/LDPC_decoder/new/project_1.srcs/sources_1/imports/new/cn_core.v:]
WARNING: [filemgmt 56-199] Attempt to get parsing info during refresh. "On-the-fly" syntax checking information may be incorrect. [/home/victor/open_baseband/openasip/custom_units/LDPC/LDPC_decoder/new/project_1.srcs/sources_1/imports/new/cn_core.v:]
update_files -from_files /home/victor/open_baseband/openasip/custom_units/LDPC/LDPC_decoder/new/cn_core.v -to_files /home/victor/open_baseband/openasip/custom_units/LDPC/LDPC_decoder/new/project_1.srcs/sources_1/imports/new/cn_core.v -filesets [get_filesets *]
INFO: [filemgmt 20-762] Replacing file '/home/victor/open_baseband/openasip/custom_units/LDPC/LDPC_decoder/new/project_1.srcs/sources_1/imports/new/cn_core.v' with file '/home/victor/open_baseband/openasip/custom_units/LDPC/LDPC_decoder/new/cn_core.v'.
INFO: [filemgmt 20-1080] Importing file from '/home/victor/open_baseband/openasip/custom_units/LDPC/LDPC_decoder/new/cn_core.v' to '/home/victor/open_baseband/openasip/custom_units/LDPC/LDPC_decoder/new/project_1.srcs/sources_1/imports/new/cn_core.v'.
WARNING: [filemgmt 56-199] Attempt to get parsing info during refresh. "On-the-fly" syntax checking information may be incorrect. [/home/victor/open_baseband/openasip/custom_units/LDPC/LDPC_decoder/new/project_1.srcs/sources_1/imports/new/cn_core.v:]
WARNING: [filemgmt 56-199] Attempt to get parsing info during refresh. "On-the-fly" syntax checking information may be incorrect. [/home/victor/open_baseband/openasip/custom_units/LDPC/LDPC_decoder/new/project_1.srcs/sources_1/imports/new/defines.vh:]
WARNING: [filemgmt 56-199] Attempt to get parsing info during refresh. "On-the-fly" syntax checking information may be incorrect. [/home/victor/open_baseband/openasip/custom_units/LDPC/LDPC_decoder/new/project_1.srcs/sources_1/imports/new/cn_core.v:]
WARNING: [filemgmt 56-199] Attempt to get parsing info during refresh. "On-the-fly" syntax checking information may be incorrect. [/home/victor/open_baseband/openasip/custom_units/LDPC/LDPC_decoder/new/project_1.srcs/sources_1/imports/new/cn_core.v:]
update_files -from_files /home/victor/open_baseband/openasip/custom_units/LDPC/LDPC_decoder/new/cn_core.v -to_files /home/victor/open_baseband/openasip/custom_units/LDPC/LDPC_decoder/new/project_1.srcs/sources_1/imports/new/cn_core.v -filesets [get_filesets *]
INFO: [filemgmt 20-762] Replacing file '/home/victor/open_baseband/openasip/custom_units/LDPC/LDPC_decoder/new/project_1.srcs/sources_1/imports/new/cn_core.v' with file '/home/victor/open_baseband/openasip/custom_units/LDPC/LDPC_decoder/new/cn_core.v'.
INFO: [filemgmt 20-1080] Importing file from '/home/victor/open_baseband/openasip/custom_units/LDPC/LDPC_decoder/new/cn_core.v' to '/home/victor/open_baseband/openasip/custom_units/LDPC/LDPC_decoder/new/project_1.srcs/sources_1/imports/new/cn_core.v'.
WARNING: [filemgmt 56-199] Attempt to get parsing info during refresh. "On-the-fly" syntax checking information may be incorrect. [/home/victor/open_baseband/openasip/custom_units/LDPC/LDPC_decoder/new/project_1.srcs/sources_1/imports/new/cn_core.v:]
WARNING: [filemgmt 56-199] Attempt to get parsing info during refresh. "On-the-fly" syntax checking information may be incorrect. [/home/victor/open_baseband/openasip/custom_units/LDPC/LDPC_decoder/new/project_1.srcs/sources_1/imports/new/defines.vh:]
WARNING: [filemgmt 56-199] Attempt to get parsing info during refresh. "On-the-fly" syntax checking information may be incorrect. [/home/victor/open_baseband/openasip/custom_units/LDPC/LDPC_decoder/new/project_1.srcs/sources_1/imports/new/cn_core.v:]
WARNING: [filemgmt 56-199] Attempt to get parsing info during refresh. "On-the-fly" syntax checking information may be incorrect. [/home/victor/open_baseband/openasip/custom_units/LDPC/LDPC_decoder/new/project_1.srcs/sources_1/imports/new/cn_core.v:]
synth_design -top cn_core -part xczu7ev-ffvc1156-2-e -lint 
Command: synth_design -top cn_core -part xczu7ev-ffvc1156-2-e -lint
Starting synth_design
Attempting to get a license for feature 'Synthesis' and/or device 'xczu7ev'
INFO: [Common 17-349] Got license for feature 'Synthesis' and/or device 'xczu7ev'
INFO: [Synth 8-7079] Multithreading enabled for synth_design using a maximum of 7 processes.
---------------------------------------------------------------------------------
Starting Synthesize : Time (s): cpu = 00:00:03 ; elapsed = 00:00:03 . Memory (MB): peak = 11367.285 ; gain = 0.000 ; free physical = 1440 ; free virtual = 13474
---------------------------------------------------------------------------------
Clean up Linter database...
INFO: [Synth 8-6157] synthesizing module 'cn_core' [/home/victor/open_baseband/openasip/custom_units/LDPC/LDPC_decoder/new/project_1.srcs/sources_1/imports/new/cn_core.v:48]
INFO: [Synth 8-6157] synthesizing module 'cn_proc' [/home/victor/open_baseband/openasip/custom_units/LDPC/LDPC_decoder/new/cn_proc.v:1]
	Parameter GROUP bound to: 3 - type: integer 
	Parameter WIDTH bound to: 8 - type: integer 
INFO: [Synth 8-6155] done synthesizing module 'cn_proc' (1#1) [/home/victor/open_baseband/openasip/custom_units/LDPC/LDPC_decoder/new/cn_proc.v:1]
INFO: [Synth 8-6157] synthesizing module 'cn_proc__parameterized0' [/home/victor/open_baseband/openasip/custom_units/LDPC/LDPC_decoder/new/cn_proc.v:1]
	Parameter GROUP bound to: 4 - type: integer 
	Parameter WIDTH bound to: 8 - type: integer 
INFO: [Synth 8-6155] done synthesizing module 'cn_proc__parameterized0' (1#1) [/home/victor/open_baseband/openasip/custom_units/LDPC/LDPC_decoder/new/cn_proc.v:1]
INFO: [Synth 8-6157] synthesizing module 'cn_proc__parameterized1' [/home/victor/open_baseband/openasip/custom_units/LDPC/LDPC_decoder/new/cn_proc.v:1]
	Parameter GROUP bound to: 5 - type: integer 
	Parameter WIDTH bound to: 8 - type: integer 
INFO: [Synth 8-6155] done synthesizing module 'cn_proc__parameterized1' (1#1) [/home/victor/open_baseband/openasip/custom_units/LDPC/LDPC_decoder/new/cn_proc.v:1]
INFO: [Synth 8-6157] synthesizing module 'cn_proc__parameterized2' [/home/victor/open_baseband/openasip/custom_units/LDPC/LDPC_decoder/new/cn_proc.v:1]
	Parameter GROUP bound to: 6 - type: integer 
	Parameter WIDTH bound to: 8 - type: integer 
INFO: [Synth 8-6155] done synthesizing module 'cn_proc__parameterized2' (1#1) [/home/victor/open_baseband/openasip/custom_units/LDPC/LDPC_decoder/new/cn_proc.v:1]
INFO: [Synth 8-6157] synthesizing module 'cn_proc__parameterized3' [/home/victor/open_baseband/openasip/custom_units/LDPC/LDPC_decoder/new/cn_proc.v:1]
	Parameter GROUP bound to: 7 - type: integer 
	Parameter WIDTH bound to: 8 - type: integer 
INFO: [Synth 8-6155] done synthesizing module 'cn_proc__parameterized3' (1#1) [/home/victor/open_baseband/openasip/custom_units/LDPC/LDPC_decoder/new/cn_proc.v:1]
INFO: [Synth 8-6157] synthesizing module 'cn_proc__parameterized4' [/home/victor/open_baseband/openasip/custom_units/LDPC/LDPC_decoder/new/cn_proc.v:1]
	Parameter GROUP bound to: 19 - type: integer 
	Parameter WIDTH bound to: 8 - type: integer 
INFO: [Synth 8-6155] done synthesizing module 'cn_proc__parameterized4' (1#1) [/home/victor/open_baseband/openasip/custom_units/LDPC/LDPC_decoder/new/cn_proc.v:1]
WARNING: [Synth 8-3848] Net out_llr_r in module/entity cn_core does not have driver. [/home/victor/open_baseband/openasip/custom_units/LDPC/LDPC_decoder/new/project_1.srcs/sources_1/imports/new/cn_core.v:1888]
INFO: [Synth 8-6155] done synthesizing module 'cn_core' (2#1) [/home/victor/open_baseband/openasip/custom_units/LDPC/LDPC_decoder/new/project_1.srcs/sources_1/imports/new/cn_core.v:48]
---------------------------------------------------------------------------------
Finished Synthesize : Time (s): cpu = 00:00:04 ; elapsed = 00:00:04 . Memory (MB): peak = 11367.285 ; gain = 0.000 ; free physical = 1448 ; free virtual = 13481
---------------------------------------------------------------------------------
Copyright 1986-2022 Xilinx, Inc. All Rights Reserved. Copyright 2022-2025 Advanced Micro Devices, Inc. All Rights Reserved.
---------------------------------------------------------------------------------------------------------------------------------------------
| Tool Version : Vivado v.2025.2 (lin64) Build 6299465 Fri Nov 14 12:34:56 MST 2025
| Date         : Sun May  3 14:55:09 2026
| Host         : victor-IdeaPad-Slim-3-15ARP10 running 64-bit Ubuntu 24.04.4 LTS
---------------------------------------------------------------------------------------------------------------------------------------------

RTL Linter Report

Table of Contents
-----------------
1. Summary

1. Summary
----------

+-----------+----------+--------------+----------+
| Rule ID   | Severity | # Violations | # Waived |
+-----------+----------+--------------+----------+
| ASSIGN-5  | WARNING  | 10           | 0        |
| ASSIGN-6  | WARNING  | 9            | 0        |
| ASSIGN-9  | WARNING  | 1            | 0        |
| ASSIGN-10 | WARNING  | 4            | 0        |
+-----------+----------+--------------+----------+


WARNING: [Synth 37-124] [ASSIGN-5]Some bits in 'gen_cn_buses_19.in_cn_proc_10' are not set. First unset bit index is 0. 
RTL Name 'gen_cn_buses_19.in_cn_proc_10', Hierarchy 'cn_core', File 'cn_core.v', Line 477.
WARNING: [Synth 37-124] [ASSIGN-5]Some bits in 'gen_cn_buses_19.in_cn_proc_8' are not set. First unset bit index is 0. 
RTL Name 'gen_cn_buses_19.in_cn_proc_8', Hierarchy 'cn_core', File 'cn_core.v', Line 449.
WARNING: [Synth 37-124] [ASSIGN-5]Some bits in 'gen_cn_buses_19.in_cn_proc_9' are not set. First unset bit index is 0. 
RTL Name 'gen_cn_buses_19.in_cn_proc_9', Hierarchy 'cn_core', File 'cn_core.v', Line 463.
WARNING: [Synth 37-124] [ASSIGN-5]Some bits in 'gen_cn_buses_19.min_cn_proc_10' are not set. First unset bit index is 0. 
RTL Name 'gen_cn_buses_19.min_cn_proc_10', Hierarchy 'cn_core', File 'cn_core.v', Line 479.
WARNING: [Synth 37-124] [ASSIGN-5]Some bits in 'gen_cn_buses_19.min_cn_proc_8' are not set. First unset bit index is 0. 
RTL Name 'gen_cn_buses_19.min_cn_proc_8', Hierarchy 'cn_core', File 'cn_core.v', Line 451.
WARNING: [Synth 37-124] [ASSIGN-5]Some bits in 'gen_cn_buses_19.min_cn_proc_9' are not set. First unset bit index is 0. 
RTL Name 'gen_cn_buses_19.min_cn_proc_9', Hierarchy 'cn_core', File 'cn_core.v', Line 465.
WARNING: [Synth 37-124] [ASSIGN-5]Some bits in 'gen_cn_buses_19.sgn_mul_cn_proc_10' are not set. First unset bit index is 0. 
RTL Name 'gen_cn_buses_19.sgn_mul_cn_proc_10', Hierarchy 'cn_core', File 'cn_core.v', Line 480.
WARNING: [Synth 37-124] [ASSIGN-5]Some bits in 'gen_cn_buses_19.sgn_mul_cn_proc_8' are not set. First unset bit index is 0. 
RTL Name 'gen_cn_buses_19.sgn_mul_cn_proc_8', Hierarchy 'cn_core', File 'cn_core.v', Line 452.
WARNING: [Synth 37-124] [ASSIGN-5]Some bits in 'gen_cn_buses_19.sgn_mul_cn_proc_9' are not set. First unset bit index is 0. 
RTL Name 'gen_cn_buses_19.sgn_mul_cn_proc_9', Hierarchy 'cn_core', File 'cn_core.v', Line 466.
WARNING: [Synth 37-124] [ASSIGN-5]Some bits in 'out_llr_r' are not set. First unset bit index is 0. 
RTL Name 'out_llr_r', Hierarchy 'cn_core', File 'cn_core.v', Line 1888.
WARNING: [Synth 37-93] [ASSIGN-6]Signal 'gen_cn_buses_19.in_cn_proc_10_r' was assigned but not read. 
RTL Name 'gen_cn_buses_19.in_cn_proc_10_r', Hierarchy 'cn_core', File '/home/victor/open_baseband/openasip/custom_units/LDPC/LDPC_decoder/new/project_1.srcs/sources_1/imports/new/cn_core.v', Line 478.
WARNING: [Synth 37-93] [ASSIGN-6]Signal 'gen_cn_buses_19.in_cn_proc_8_r' was assigned but not read. 
RTL Name 'gen_cn_buses_19.in_cn_proc_8_r', Hierarchy 'cn_core', File '/home/victor/open_baseband/openasip/custom_units/LDPC/LDPC_decoder/new/project_1.srcs/sources_1/imports/new/cn_core.v', Line 450.
WARNING: [Synth 37-93] [ASSIGN-6]Signal 'gen_cn_buses_19.in_cn_proc_9_r' was assigned but not read. 
RTL Name 'gen_cn_buses_19.in_cn_proc_9_r', Hierarchy 'cn_core', File '/home/victor/open_baseband/openasip/custom_units/LDPC/LDPC_decoder/new/project_1.srcs/sources_1/imports/new/cn_core.v', Line 464.
WARNING: [Synth 37-93] [ASSIGN-6]Signal 'gen_min_mul_buses_19.out_demux_min_0' was assigned but not read. 
RTL Name 'gen_min_mul_buses_19.out_demux_min_0', Hierarchy 'cn_core', File '/home/victor/open_baseband/openasip/custom_units/LDPC/LDPC_decoder/new/project_1.srcs/sources_1/imports/new/cn_core.v', Line 1294.
WARNING: [Synth 37-93] [ASSIGN-6]Signal 'gen_min_mul_buses_19.out_demux_min_1' was assigned but not read. 
RTL Name 'gen_min_mul_buses_19.out_demux_min_1', Hierarchy 'cn_core', File '/home/victor/open_baseband/openasip/custom_units/LDPC/LDPC_decoder/new/project_1.srcs/sources_1/imports/new/cn_core.v', Line 1295.
WARNING: [Synth 37-93] [ASSIGN-6]Signal 'gen_min_mul_buses_19.out_demux_min_2' was assigned but not read. 
RTL Name 'gen_min_mul_buses_19.out_demux_min_2', Hierarchy 'cn_core', File '/home/victor/open_baseband/openasip/custom_units/LDPC/LDPC_decoder/new/project_1.srcs/sources_1/imports/new/cn_core.v', Line 1296.
WARNING: [Synth 37-93] [ASSIGN-6]Signal 'gen_min_mul_buses_19.out_demux_mul_0' was assigned but not read. 
RTL Name 'gen_min_mul_buses_19.out_demux_mul_0', Hierarchy 'cn_core', File '/home/victor/open_baseband/openasip/custom_units/LDPC/LDPC_decoder/new/project_1.srcs/sources_1/imports/new/cn_core.v', Line 1297.
WARNING: [Synth 37-93] [ASSIGN-6]Signal 'gen_min_mul_buses_19.out_demux_mul_1' was assigned but not read. 
RTL Name 'gen_min_mul_buses_19.out_demux_mul_1', Hierarchy 'cn_core', File '/home/victor/open_baseband/openasip/custom_units/LDPC/LDPC_decoder/new/project_1.srcs/sources_1/imports/new/cn_core.v', Line 1298.
WARNING: [Synth 37-93] [ASSIGN-6]Signal 'gen_min_mul_buses_19.out_demux_mul_2' was assigned but not read. 
RTL Name 'gen_min_mul_buses_19.out_demux_mul_2', Hierarchy 'cn_core', File '/home/victor/open_baseband/openasip/custom_units/LDPC/LDPC_decoder/new/project_1.srcs/sources_1/imports/new/cn_core.v', Line 1299.
WARNING: [Synth 37-126] [ASSIGN-9]Some bits in IO 'out_llr' are not set. First unset bit index is 0. 
RTL Name 'out_llr', Hierarchy 'cn_core', File 'cn_core.v', Line 57.
WARNING: [Synth 37-125] [ASSIGN-10]Some bits in IO 'sel_demux_min_30' are not read. First unread bit index is 0. 
RTL Name 'sel_demux_min_30', Hierarchy 'cn_core', File 'cn_core.v', Line 77.
WARNING: [Synth 37-125] [ASSIGN-10]Some bits in IO 'sel_demux_min_31' are not read. First unread bit index is 0. 
RTL Name 'sel_demux_min_31', Hierarchy 'cn_core', File 'cn_core.v', Line 78.
WARNING: [Synth 37-125] [ASSIGN-10]Some bits in IO 'sel_demux_mul_30' are not read. First unread bit index is 0. 
RTL Name 'sel_demux_mul_30', Hierarchy 'cn_core', File 'cn_core.v', Line 80.
WARNING: [Synth 37-125] [ASSIGN-10]Some bits in IO 'sel_demux_mul_31' are not read. First unread bit index is 0. 
RTL Name 'sel_demux_mul_31', Hierarchy 'cn_core', File 'cn_core.v', Line 81.
INFO: [Synth 37-85] Total of 24 linter message(s) generated.
INFO: [Synth 37-45] Linter Run Finished!
Synthesis Optimization Runtime : Time (s): cpu = 00:00:05 ; elapsed = 00:00:05 . Memory (MB): peak = 11367.285 ; gain = 0.000 ; free physical = 1440 ; free virtual = 13474
INFO: [Common 17-83] Releasing license: Synthesis
19 Infos, 25 Warnings, 0 Critical Warnings and 0 Errors encountered.
synth_design completed successfully
update_files -from_files /home/victor/open_baseband/openasip/custom_units/LDPC/LDPC_decoder/new/cn_core.v -to_files /home/victor/open_baseband/openasip/custom_units/LDPC/LDPC_decoder/new/project_1.srcs/sources_1/imports/new/cn_core.v -filesets [get_filesets *]
INFO: [filemgmt 20-762] Replacing file '/home/victor/open_baseband/openasip/custom_units/LDPC/LDPC_decoder/new/project_1.srcs/sources_1/imports/new/cn_core.v' with file '/home/victor/open_baseband/openasip/custom_units/LDPC/LDPC_decoder/new/cn_core.v'.
INFO: [filemgmt 20-1080] Importing file from '/home/victor/open_baseband/openasip/custom_units/LDPC/LDPC_decoder/new/cn_core.v' to '/home/victor/open_baseband/openasip/custom_units/LDPC/LDPC_decoder/new/project_1.srcs/sources_1/imports/new/cn_core.v'.
WARNING: [filemgmt 56-199] Attempt to get parsing info during refresh. "On-the-fly" syntax checking information may be incorrect. [/home/victor/open_baseband/openasip/custom_units/LDPC/LDPC_decoder/new/project_1.srcs/sources_1/imports/new/cn_core.v:]
WARNING: [filemgmt 56-199] Attempt to get parsing info during refresh. "On-the-fly" syntax checking information may be incorrect. [/home/victor/open_baseband/openasip/custom_units/LDPC/LDPC_decoder/new/project_1.srcs/sources_1/imports/new/defines.vh:]
WARNING: [filemgmt 56-199] Attempt to get parsing info during refresh. "On-the-fly" syntax checking information may be incorrect. [/home/victor/open_baseband/openasip/custom_units/LDPC/LDPC_decoder/new/project_1.srcs/sources_1/imports/new/cn_core.v:]
WARNING: [filemgmt 56-199] Attempt to get parsing info during refresh. "On-the-fly" syntax checking information may be incorrect. [/home/victor/open_baseband/openasip/custom_units/LDPC/LDPC_decoder/new/project_1.srcs/sources_1/imports/new/cn_core.v:]
synth_design -top cn_core -part xczu7ev-ffvc1156-2-e -lint 
Command: synth_design -top cn_core -part xczu7ev-ffvc1156-2-e -lint
Starting synth_design
Attempting to get a license for feature 'Synthesis' and/or device 'xczu7ev'
INFO: [Common 17-349] Got license for feature 'Synthesis' and/or device 'xczu7ev'
INFO: [Synth 8-7079] Multithreading enabled for synth_design using a maximum of 7 processes.
---------------------------------------------------------------------------------
Starting Synthesize : Time (s): cpu = 00:00:03 ; elapsed = 00:00:03 . Memory (MB): peak = 11377.285 ; gain = 0.000 ; free physical = 1217 ; free virtual = 13251
---------------------------------------------------------------------------------
Clean up Linter database...
INFO: [Synth 8-6157] synthesizing module 'cn_core' [/home/victor/open_baseband/openasip/custom_units/LDPC/LDPC_decoder/new/project_1.srcs/sources_1/imports/new/cn_core.v:48]
INFO: [Synth 8-6157] synthesizing module 'cn_proc' [/home/victor/open_baseband/openasip/custom_units/LDPC/LDPC_decoder/new/cn_proc.v:1]
	Parameter GROUP bound to: 3 - type: integer 
	Parameter WIDTH bound to: 8 - type: integer 
INFO: [Synth 8-6155] done synthesizing module 'cn_proc' (1#1) [/home/victor/open_baseband/openasip/custom_units/LDPC/LDPC_decoder/new/cn_proc.v:1]
INFO: [Synth 8-6157] synthesizing module 'cn_proc__parameterized0' [/home/victor/open_baseband/openasip/custom_units/LDPC/LDPC_decoder/new/cn_proc.v:1]
	Parameter GROUP bound to: 4 - type: integer 
	Parameter WIDTH bound to: 8 - type: integer 
INFO: [Synth 8-6155] done synthesizing module 'cn_proc__parameterized0' (1#1) [/home/victor/open_baseband/openasip/custom_units/LDPC/LDPC_decoder/new/cn_proc.v:1]
INFO: [Synth 8-6157] synthesizing module 'cn_proc__parameterized1' [/home/victor/open_baseband/openasip/custom_units/LDPC/LDPC_decoder/new/cn_proc.v:1]
	Parameter GROUP bound to: 5 - type: integer 
	Parameter WIDTH bound to: 8 - type: integer 
INFO: [Synth 8-6155] done synthesizing module 'cn_proc__parameterized1' (1#1) [/home/victor/open_baseband/openasip/custom_units/LDPC/LDPC_decoder/new/cn_proc.v:1]
INFO: [Synth 8-6157] synthesizing module 'cn_proc__parameterized2' [/home/victor/open_baseband/openasip/custom_units/LDPC/LDPC_decoder/new/cn_proc.v:1]
	Parameter GROUP bound to: 6 - type: integer 
	Parameter WIDTH bound to: 8 - type: integer 
INFO: [Synth 8-6155] done synthesizing module 'cn_proc__parameterized2' (1#1) [/home/victor/open_baseband/openasip/custom_units/LDPC/LDPC_decoder/new/cn_proc.v:1]
INFO: [Synth 8-6157] synthesizing module 'cn_proc__parameterized3' [/home/victor/open_baseband/openasip/custom_units/LDPC/LDPC_decoder/new/cn_proc.v:1]
	Parameter GROUP bound to: 7 - type: integer 
	Parameter WIDTH bound to: 8 - type: integer 
INFO: [Synth 8-6155] done synthesizing module 'cn_proc__parameterized3' (1#1) [/home/victor/open_baseband/openasip/custom_units/LDPC/LDPC_decoder/new/cn_proc.v:1]
INFO: [Synth 8-6157] synthesizing module 'cn_proc__parameterized4' [/home/victor/open_baseband/openasip/custom_units/LDPC/LDPC_decoder/new/cn_proc.v:1]
	Parameter GROUP bound to: 19 - type: integer 
	Parameter WIDTH bound to: 8 - type: integer 
INFO: [Synth 8-6155] done synthesizing module 'cn_proc__parameterized4' (1#1) [/home/victor/open_baseband/openasip/custom_units/LDPC/LDPC_decoder/new/cn_proc.v:1]
WARNING: [Synth 8-3848] Net out_llr_r in module/entity cn_core does not have driver. [/home/victor/open_baseband/openasip/custom_units/LDPC/LDPC_decoder/new/project_1.srcs/sources_1/imports/new/cn_core.v:1888]
INFO: [Synth 8-6155] done synthesizing module 'cn_core' (2#1) [/home/victor/open_baseband/openasip/custom_units/LDPC/LDPC_decoder/new/project_1.srcs/sources_1/imports/new/cn_core.v:48]
---------------------------------------------------------------------------------
Finished Synthesize : Time (s): cpu = 00:00:05 ; elapsed = 00:00:04 . Memory (MB): peak = 11377.285 ; gain = 0.000 ; free physical = 1223 ; free virtual = 13257
---------------------------------------------------------------------------------
Copyright 1986-2022 Xilinx, Inc. All Rights Reserved. Copyright 2022-2025 Advanced Micro Devices, Inc. All Rights Reserved.
---------------------------------------------------------------------------------------------------------------------------------------------
| Tool Version : Vivado v.2025.2 (lin64) Build 6299465 Fri Nov 14 12:34:56 MST 2025
| Date         : Sun May  3 14:56:52 2026
| Host         : victor-IdeaPad-Slim-3-15ARP10 running 64-bit Ubuntu 24.04.4 LTS
---------------------------------------------------------------------------------------------------------------------------------------------

RTL Linter Report

Table of Contents
-----------------
1. Summary

1. Summary
----------

+-----------+----------+--------------+----------+
| Rule ID   | Severity | # Violations | # Waived |
+-----------+----------+--------------+----------+
| ASSIGN-5  | WARNING  | 10           | 0        |
| ASSIGN-6  | WARNING  | 9            | 0        |
| ASSIGN-9  | WARNING  | 1            | 0        |
| ASSIGN-10 | WARNING  | 4            | 0        |
+-----------+----------+--------------+----------+


WARNING: [Synth 37-124] [ASSIGN-5]Some bits in 'gen_cn_buses_19.in_cn_proc_10' are not set. First unset bit index is 0. 
RTL Name 'gen_cn_buses_19.in_cn_proc_10', Hierarchy 'cn_core', File 'cn_core.v', Line 477.
WARNING: [Synth 37-124] [ASSIGN-5]Some bits in 'gen_cn_buses_19.in_cn_proc_8' are not set. First unset bit index is 0. 
RTL Name 'gen_cn_buses_19.in_cn_proc_8', Hierarchy 'cn_core', File 'cn_core.v', Line 449.
WARNING: [Synth 37-124] [ASSIGN-5]Some bits in 'gen_cn_buses_19.in_cn_proc_9' are not set. First unset bit index is 0. 
RTL Name 'gen_cn_buses_19.in_cn_proc_9', Hierarchy 'cn_core', File 'cn_core.v', Line 463.
WARNING: [Synth 37-124] [ASSIGN-5]Some bits in 'gen_cn_buses_19.min_cn_proc_10' are not set. First unset bit index is 0. 
RTL Name 'gen_cn_buses_19.min_cn_proc_10', Hierarchy 'cn_core', File 'cn_core.v', Line 479.
WARNING: [Synth 37-124] [ASSIGN-5]Some bits in 'gen_cn_buses_19.min_cn_proc_8' are not set. First unset bit index is 0. 
RTL Name 'gen_cn_buses_19.min_cn_proc_8', Hierarchy 'cn_core', File 'cn_core.v', Line 451.
WARNING: [Synth 37-124] [ASSIGN-5]Some bits in 'gen_cn_buses_19.min_cn_proc_9' are not set. First unset bit index is 0. 
RTL Name 'gen_cn_buses_19.min_cn_proc_9', Hierarchy 'cn_core', File 'cn_core.v', Line 465.
WARNING: [Synth 37-124] [ASSIGN-5]Some bits in 'gen_cn_buses_19.sgn_mul_cn_proc_10' are not set. First unset bit index is 0. 
RTL Name 'gen_cn_buses_19.sgn_mul_cn_proc_10', Hierarchy 'cn_core', File 'cn_core.v', Line 480.
WARNING: [Synth 37-124] [ASSIGN-5]Some bits in 'gen_cn_buses_19.sgn_mul_cn_proc_8' are not set. First unset bit index is 0. 
RTL Name 'gen_cn_buses_19.sgn_mul_cn_proc_8', Hierarchy 'cn_core', File 'cn_core.v', Line 452.
WARNING: [Synth 37-124] [ASSIGN-5]Some bits in 'gen_cn_buses_19.sgn_mul_cn_proc_9' are not set. First unset bit index is 0. 
RTL Name 'gen_cn_buses_19.sgn_mul_cn_proc_9', Hierarchy 'cn_core', File 'cn_core.v', Line 466.
WARNING: [Synth 37-124] [ASSIGN-5]Some bits in 'out_llr_r' are not set. First unset bit index is 0. 
RTL Name 'out_llr_r', Hierarchy 'cn_core', File 'cn_core.v', Line 1888.
WARNING: [Synth 37-93] [ASSIGN-6]Signal 'gen_cn_buses_19.in_cn_proc_10_r' was assigned but not read. 
RTL Name 'gen_cn_buses_19.in_cn_proc_10_r', Hierarchy 'cn_core', File '/home/victor/open_baseband/openasip/custom_units/LDPC/LDPC_decoder/new/project_1.srcs/sources_1/imports/new/cn_core.v', Line 478.
WARNING: [Synth 37-93] [ASSIGN-6]Signal 'gen_cn_buses_19.in_cn_proc_8_r' was assigned but not read. 
RTL Name 'gen_cn_buses_19.in_cn_proc_8_r', Hierarchy 'cn_core', File '/home/victor/open_baseband/openasip/custom_units/LDPC/LDPC_decoder/new/project_1.srcs/sources_1/imports/new/cn_core.v', Line 450.
WARNING: [Synth 37-93] [ASSIGN-6]Signal 'gen_cn_buses_19.in_cn_proc_9_r' was assigned but not read. 
RTL Name 'gen_cn_buses_19.in_cn_proc_9_r', Hierarchy 'cn_core', File '/home/victor/open_baseband/openasip/custom_units/LDPC/LDPC_decoder/new/project_1.srcs/sources_1/imports/new/cn_core.v', Line 464.
WARNING: [Synth 37-93] [ASSIGN-6]Signal 'gen_min_mul_buses_19.out_demux_min_0' was assigned but not read. 
RTL Name 'gen_min_mul_buses_19.out_demux_min_0', Hierarchy 'cn_core', File '/home/victor/open_baseband/openasip/custom_units/LDPC/LDPC_decoder/new/project_1.srcs/sources_1/imports/new/cn_core.v', Line 1294.
WARNING: [Synth 37-93] [ASSIGN-6]Signal 'gen_min_mul_buses_19.out_demux_min_1' was assigned but not read. 
RTL Name 'gen_min_mul_buses_19.out_demux_min_1', Hierarchy 'cn_core', File '/home/victor/open_baseband/openasip/custom_units/LDPC/LDPC_decoder/new/project_1.srcs/sources_1/imports/new/cn_core.v', Line 1295.
WARNING: [Synth 37-93] [ASSIGN-6]Signal 'gen_min_mul_buses_19.out_demux_min_2' was assigned but not read. 
RTL Name 'gen_min_mul_buses_19.out_demux_min_2', Hierarchy 'cn_core', File '/home/victor/open_baseband/openasip/custom_units/LDPC/LDPC_decoder/new/project_1.srcs/sources_1/imports/new/cn_core.v', Line 1296.
WARNING: [Synth 37-93] [ASSIGN-6]Signal 'gen_min_mul_buses_19.out_demux_mul_0' was assigned but not read. 
RTL Name 'gen_min_mul_buses_19.out_demux_mul_0', Hierarchy 'cn_core', File '/home/victor/open_baseband/openasip/custom_units/LDPC/LDPC_decoder/new/project_1.srcs/sources_1/imports/new/cn_core.v', Line 1297.
WARNING: [Synth 37-93] [ASSIGN-6]Signal 'gen_min_mul_buses_19.out_demux_mul_1' was assigned but not read. 
RTL Name 'gen_min_mul_buses_19.out_demux_mul_1', Hierarchy 'cn_core', File '/home/victor/open_baseband/openasip/custom_units/LDPC/LDPC_decoder/new/project_1.srcs/sources_1/imports/new/cn_core.v', Line 1298.
WARNING: [Synth 37-93] [ASSIGN-6]Signal 'gen_min_mul_buses_19.out_demux_mul_2' was assigned but not read. 
RTL Name 'gen_min_mul_buses_19.out_demux_mul_2', Hierarchy 'cn_core', File '/home/victor/open_baseband/openasip/custom_units/LDPC/LDPC_decoder/new/project_1.srcs/sources_1/imports/new/cn_core.v', Line 1299.
WARNING: [Synth 37-126] [ASSIGN-9]Some bits in IO 'out_llr' are not set. First unset bit index is 0. 
RTL Name 'out_llr', Hierarchy 'cn_core', File 'cn_core.v', Line 57.
WARNING: [Synth 37-125] [ASSIGN-10]Some bits in IO 'sel_demux_min_30' are not read. First unread bit index is 0. 
RTL Name 'sel_demux_min_30', Hierarchy 'cn_core', File 'cn_core.v', Line 77.
WARNING: [Synth 37-125] [ASSIGN-10]Some bits in IO 'sel_demux_min_31' are not read. First unread bit index is 0. 
RTL Name 'sel_demux_min_31', Hierarchy 'cn_core', File 'cn_core.v', Line 78.
WARNING: [Synth 37-125] [ASSIGN-10]Some bits in IO 'sel_demux_mul_30' are not read. First unread bit index is 0. 
RTL Name 'sel_demux_mul_30', Hierarchy 'cn_core', File 'cn_core.v', Line 80.
WARNING: [Synth 37-125] [ASSIGN-10]Some bits in IO 'sel_demux_mul_31' are not read. First unread bit index is 0. 
RTL Name 'sel_demux_mul_31', Hierarchy 'cn_core', File 'cn_core.v', Line 81.
INFO: [Synth 37-85] Total of 24 linter message(s) generated.
INFO: [Synth 37-45] Linter Run Finished!
Synthesis Optimization Runtime : Time (s): cpu = 00:00:05 ; elapsed = 00:00:05 . Memory (MB): peak = 11377.285 ; gain = 0.000 ; free physical = 1215 ; free virtual = 13249
INFO: [Common 17-83] Releasing license: Synthesis
19 Infos, 25 Warnings, 0 Critical Warnings and 0 Errors encountered.
synth_design completed successfully
WARNING: [filemgmt 56-199] Attempt to get parsing info during refresh. "On-the-fly" syntax checking information may be incorrect. [/home/victor/open_baseband/openasip/custom_units/LDPC/LDPC_decoder/new/project_1.srcs/sources_1/imports/new/cn_core.v:]
WARNING: [filemgmt 56-199] Attempt to get parsing info during refresh. "On-the-fly" syntax checking information may be incorrect. [/home/victor/open_baseband/openasip/custom_units/LDPC/LDPC_decoder/new/project_1.srcs/sources_1/imports/new/defines.vh:]
WARNING: [filemgmt 56-199] Attempt to get parsing info during refresh. "On-the-fly" syntax checking information may be incorrect. [/home/victor/open_baseband/openasip/custom_units/LDPC/LDPC_decoder/new/project_1.srcs/sources_1/imports/new/cn_core.v:]
WARNING: [filemgmt 56-199] Attempt to get parsing info during refresh. "On-the-fly" syntax checking information may be incorrect. [/home/victor/open_baseband/openasip/custom_units/LDPC/LDPC_decoder/new/project_1.srcs/sources_1/imports/new/cn_core.v:]
update_files -from_files /home/victor/open_baseband/openasip/custom_units/LDPC/LDPC_decoder/new/cn_proc.v -to_files /home/victor/open_baseband/openasip/custom_units/LDPC/LDPC_decoder/new/project_1.srcs/sources_1/imports/new/cn_core.v -filesets [get_filesets *]
INFO: [filemgmt 20-762] Replacing file '/home/victor/open_baseband/openasip/custom_units/LDPC/LDPC_decoder/new/project_1.srcs/sources_1/imports/new/cn_core.v' with file '/home/victor/open_baseband/openasip/custom_units/LDPC/LDPC_decoder/new/cn_proc.v'.
INFO: [filemgmt 20-1080] Importing file from '/home/victor/open_baseband/openasip/custom_units/LDPC/LDPC_decoder/new/cn_proc.v' to '/home/victor/open_baseband/openasip/custom_units/LDPC/LDPC_decoder/new/project_1.srcs/sources_1/imports/new/cn_proc.v'.
update_files -from_files /home/victor/open_baseband/openasip/custom_units/LDPC/LDPC_decoder/new/cn_core.v -to_files /home/victor/open_baseband/openasip/custom_units/LDPC/LDPC_decoder/new/project_1.srcs/sources_1/imports/new/cn_proc.v -filesets [get_filesets *]
INFO: [filemgmt 20-762] Replacing file '/home/victor/open_baseband/openasip/custom_units/LDPC/LDPC_decoder/new/project_1.srcs/sources_1/imports/new/cn_proc.v' with file '/home/victor/open_baseband/openasip/custom_units/LDPC/LDPC_decoder/new/cn_core.v'.
INFO: [filemgmt 20-1080] Importing file from '/home/victor/open_baseband/openasip/custom_units/LDPC/LDPC_decoder/new/cn_core.v' to '/home/victor/open_baseband/openasip/custom_units/LDPC/LDPC_decoder/new/project_1.srcs/sources_1/imports/new/cn_core.v'.
WARNING: [filemgmt 56-199] Attempt to get parsing info during refresh. "On-the-fly" syntax checking information may be incorrect. [/home/victor/open_baseband/openasip/custom_units/LDPC/LDPC_decoder/new/project_1.srcs/sources_1/imports/new/cn_core.v:]
WARNING: [filemgmt 56-199] Attempt to get parsing info during refresh. "On-the-fly" syntax checking information may be incorrect. [/home/victor/open_baseband/openasip/custom_units/LDPC/LDPC_decoder/new/project_1.srcs/sources_1/imports/new/defines.vh:]
WARNING: [filemgmt 56-199] Attempt to get parsing info during refresh. "On-the-fly" syntax checking information may be incorrect. [/home/victor/open_baseband/openasip/custom_units/LDPC/LDPC_decoder/new/project_1.srcs/sources_1/imports/new/cn_core.v:]
WARNING: [filemgmt 56-199] Attempt to get parsing info during refresh. "On-the-fly" syntax checking information may be incorrect. [/home/victor/open_baseband/openasip/custom_units/LDPC/LDPC_decoder/new/project_1.srcs/sources_1/imports/new/cn_core.v:]
synth_design -top cn_core -part xczu7ev-ffvc1156-2-e -lint 
Command: synth_design -top cn_core -part xczu7ev-ffvc1156-2-e -lint
Starting synth_design
Attempting to get a license for feature 'Synthesis' and/or device 'xczu7ev'
INFO: [Common 17-349] Got license for feature 'Synthesis' and/or device 'xczu7ev'
INFO: [Synth 8-7079] Multithreading enabled for synth_design using a maximum of 7 processes.
---------------------------------------------------------------------------------
Starting Synthesize : Time (s): cpu = 00:00:03 ; elapsed = 00:00:03 . Memory (MB): peak = 11453.293 ; gain = 0.000 ; free physical = 1448 ; free virtual = 13485
---------------------------------------------------------------------------------
Clean up Linter database...
INFO: [Synth 8-6157] synthesizing module 'cn_core' [/home/victor/open_baseband/openasip/custom_units/LDPC/LDPC_decoder/new/project_1.srcs/sources_1/imports/new/cn_core.v:48]
INFO: [Synth 8-6157] synthesizing module 'cn_proc' [/home/victor/open_baseband/openasip/custom_units/LDPC/LDPC_decoder/new/cn_proc.v:1]
	Parameter GROUP bound to: 3 - type: integer 
	Parameter WIDTH bound to: 8 - type: integer 
INFO: [Synth 8-6155] done synthesizing module 'cn_proc' (1#1) [/home/victor/open_baseband/openasip/custom_units/LDPC/LDPC_decoder/new/cn_proc.v:1]
INFO: [Synth 8-6157] synthesizing module 'cn_proc__parameterized0' [/home/victor/open_baseband/openasip/custom_units/LDPC/LDPC_decoder/new/cn_proc.v:1]
	Parameter GROUP bound to: 4 - type: integer 
	Parameter WIDTH bound to: 8 - type: integer 
INFO: [Synth 8-6155] done synthesizing module 'cn_proc__parameterized0' (1#1) [/home/victor/open_baseband/openasip/custom_units/LDPC/LDPC_decoder/new/cn_proc.v:1]
INFO: [Synth 8-6157] synthesizing module 'cn_proc__parameterized1' [/home/victor/open_baseband/openasip/custom_units/LDPC/LDPC_decoder/new/cn_proc.v:1]
	Parameter GROUP bound to: 5 - type: integer 
	Parameter WIDTH bound to: 8 - type: integer 
INFO: [Synth 8-6155] done synthesizing module 'cn_proc__parameterized1' (1#1) [/home/victor/open_baseband/openasip/custom_units/LDPC/LDPC_decoder/new/cn_proc.v:1]
INFO: [Synth 8-6157] synthesizing module 'cn_proc__parameterized2' [/home/victor/open_baseband/openasip/custom_units/LDPC/LDPC_decoder/new/cn_proc.v:1]
	Parameter GROUP bound to: 6 - type: integer 
	Parameter WIDTH bound to: 8 - type: integer 
INFO: [Synth 8-6155] done synthesizing module 'cn_proc__parameterized2' (1#1) [/home/victor/open_baseband/openasip/custom_units/LDPC/LDPC_decoder/new/cn_proc.v:1]
INFO: [Synth 8-6157] synthesizing module 'cn_proc__parameterized3' [/home/victor/open_baseband/openasip/custom_units/LDPC/LDPC_decoder/new/cn_proc.v:1]
	Parameter GROUP bound to: 7 - type: integer 
	Parameter WIDTH bound to: 8 - type: integer 
INFO: [Synth 8-6155] done synthesizing module 'cn_proc__parameterized3' (1#1) [/home/victor/open_baseband/openasip/custom_units/LDPC/LDPC_decoder/new/cn_proc.v:1]
INFO: [Synth 8-6157] synthesizing module 'cn_proc__parameterized4' [/home/victor/open_baseband/openasip/custom_units/LDPC/LDPC_decoder/new/cn_proc.v:1]
	Parameter GROUP bound to: 19 - type: integer 
	Parameter WIDTH bound to: 8 - type: integer 
INFO: [Synth 8-6155] done synthesizing module 'cn_proc__parameterized4' (1#1) [/home/victor/open_baseband/openasip/custom_units/LDPC/LDPC_decoder/new/cn_proc.v:1]
WARNING: [Synth 8-3848] Net out_llr_r in module/entity cn_core does not have driver. [/home/victor/open_baseband/openasip/custom_units/LDPC/LDPC_decoder/new/project_1.srcs/sources_1/imports/new/cn_core.v:1891]
INFO: [Synth 8-6155] done synthesizing module 'cn_core' (2#1) [/home/victor/open_baseband/openasip/custom_units/LDPC/LDPC_decoder/new/project_1.srcs/sources_1/imports/new/cn_core.v:48]
---------------------------------------------------------------------------------
Finished Synthesize : Time (s): cpu = 00:00:05 ; elapsed = 00:00:04 . Memory (MB): peak = 11453.293 ; gain = 0.000 ; free physical = 1451 ; free virtual = 13488
---------------------------------------------------------------------------------
Copyright 1986-2022 Xilinx, Inc. All Rights Reserved. Copyright 2022-2025 Advanced Micro Devices, Inc. All Rights Reserved.
---------------------------------------------------------------------------------------------------------------------------------------------
| Tool Version : Vivado v.2025.2 (lin64) Build 6299465 Fri Nov 14 12:34:56 MST 2025
| Date         : Sun May  3 14:59:54 2026
| Host         : victor-IdeaPad-Slim-3-15ARP10 running 64-bit Ubuntu 24.04.4 LTS
---------------------------------------------------------------------------------------------------------------------------------------------

RTL Linter Report

Table of Contents
-----------------
1. Summary

1. Summary
----------

+-----------+----------+--------------+----------+
| Rule ID   | Severity | # Violations | # Waived |
+-----------+----------+--------------+----------+
| ASSIGN-5  | WARNING  | 7            | 0        |
| ASSIGN-6  | WARNING  | 9            | 0        |
| ASSIGN-9  | WARNING  | 1            | 0        |
| ASSIGN-10 | WARNING  | 4            | 0        |
+-----------+----------+--------------+----------+


WARNING: [Synth 37-124] [ASSIGN-5]Some bits in 'gen_cn_buses_19.min_cn_proc_10' are not set. First unset bit index is 0. 
RTL Name 'gen_cn_buses_19.min_cn_proc_10', Hierarchy 'cn_core', File 'cn_core.v', Line 479.
WARNING: [Synth 37-124] [ASSIGN-5]Some bits in 'gen_cn_buses_19.min_cn_proc_8' are not set. First unset bit index is 0. 
RTL Name 'gen_cn_buses_19.min_cn_proc_8', Hierarchy 'cn_core', File 'cn_core.v', Line 451.
WARNING: [Synth 37-124] [ASSIGN-5]Some bits in 'gen_cn_buses_19.min_cn_proc_9' are not set. First unset bit index is 0. 
RTL Name 'gen_cn_buses_19.min_cn_proc_9', Hierarchy 'cn_core', File 'cn_core.v', Line 465.
WARNING: [Synth 37-124] [ASSIGN-5]Some bits in 'gen_cn_buses_19.sgn_mul_cn_proc_10' are not set. First unset bit index is 0. 
RTL Name 'gen_cn_buses_19.sgn_mul_cn_proc_10', Hierarchy 'cn_core', File 'cn_core.v', Line 480.
WARNING: [Synth 37-124] [ASSIGN-5]Some bits in 'gen_cn_buses_19.sgn_mul_cn_proc_8' are not set. First unset bit index is 0. 
RTL Name 'gen_cn_buses_19.sgn_mul_cn_proc_8', Hierarchy 'cn_core', File 'cn_core.v', Line 452.
WARNING: [Synth 37-124] [ASSIGN-5]Some bits in 'gen_cn_buses_19.sgn_mul_cn_proc_9' are not set. First unset bit index is 0. 
RTL Name 'gen_cn_buses_19.sgn_mul_cn_proc_9', Hierarchy 'cn_core', File 'cn_core.v', Line 466.
WARNING: [Synth 37-124] [ASSIGN-5]Some bits in 'out_llr_r' are not set. First unset bit index is 0. 
RTL Name 'out_llr_r', Hierarchy 'cn_core', File 'cn_core.v', Line 1891.
WARNING: [Synth 37-93] [ASSIGN-6]Signal 'gen_cn_buses_19.in_cn_proc_10' was assigned but not read. 
RTL Name 'gen_cn_buses_19.in_cn_proc_10', Hierarchy 'cn_core', File '/home/victor/open_baseband/openasip/custom_units/LDPC/LDPC_decoder/new/project_1.srcs/sources_1/imports/new/cn_core.v', Line 477.
WARNING: [Synth 37-93] [ASSIGN-6]Signal 'gen_cn_buses_19.in_cn_proc_8' was assigned but not read. 
RTL Name 'gen_cn_buses_19.in_cn_proc_8', Hierarchy 'cn_core', File '/home/victor/open_baseband/openasip/custom_units/LDPC/LDPC_decoder/new/project_1.srcs/sources_1/imports/new/cn_core.v', Line 449.
WARNING: [Synth 37-93] [ASSIGN-6]Signal 'gen_cn_buses_19.in_cn_proc_9' was assigned but not read. 
RTL Name 'gen_cn_buses_19.in_cn_proc_9', Hierarchy 'cn_core', File '/home/victor/open_baseband/openasip/custom_units/LDPC/LDPC_decoder/new/project_1.srcs/sources_1/imports/new/cn_core.v', Line 463.
WARNING: [Synth 37-93] [ASSIGN-6]Signal 'gen_min_mul_buses_19.out_demux_min_0' was assigned but not read. 
RTL Name 'gen_min_mul_buses_19.out_demux_min_0', Hierarchy 'cn_core', File '/home/victor/open_baseband/openasip/custom_units/LDPC/LDPC_decoder/new/project_1.srcs/sources_1/imports/new/cn_core.v', Line 1297.
WARNING: [Synth 37-93] [ASSIGN-6]Signal 'gen_min_mul_buses_19.out_demux_min_1' was assigned but not read. 
RTL Name 'gen_min_mul_buses_19.out_demux_min_1', Hierarchy 'cn_core', File '/home/victor/open_baseband/openasip/custom_units/LDPC/LDPC_decoder/new/project_1.srcs/sources_1/imports/new/cn_core.v', Line 1298.
WARNING: [Synth 37-93] [ASSIGN-6]Signal 'gen_min_mul_buses_19.out_demux_min_2' was assigned but not read. 
RTL Name 'gen_min_mul_buses_19.out_demux_min_2', Hierarchy 'cn_core', File '/home/victor/open_baseband/openasip/custom_units/LDPC/LDPC_decoder/new/project_1.srcs/sources_1/imports/new/cn_core.v', Line 1299.
WARNING: [Synth 37-93] [ASSIGN-6]Signal 'gen_min_mul_buses_19.out_demux_mul_0' was assigned but not read. 
RTL Name 'gen_min_mul_buses_19.out_demux_mul_0', Hierarchy 'cn_core', File '/home/victor/open_baseband/openasip/custom_units/LDPC/LDPC_decoder/new/project_1.srcs/sources_1/imports/new/cn_core.v', Line 1300.
WARNING: [Synth 37-93] [ASSIGN-6]Signal 'gen_min_mul_buses_19.out_demux_mul_1' was assigned but not read. 
RTL Name 'gen_min_mul_buses_19.out_demux_mul_1', Hierarchy 'cn_core', File '/home/victor/open_baseband/openasip/custom_units/LDPC/LDPC_decoder/new/project_1.srcs/sources_1/imports/new/cn_core.v', Line 1301.
WARNING: [Synth 37-93] [ASSIGN-6]Signal 'gen_min_mul_buses_19.out_demux_mul_2' was assigned but not read. 
RTL Name 'gen_min_mul_buses_19.out_demux_mul_2', Hierarchy 'cn_core', File '/home/victor/open_baseband/openasip/custom_units/LDPC/LDPC_decoder/new/project_1.srcs/sources_1/imports/new/cn_core.v', Line 1302.
WARNING: [Synth 37-126] [ASSIGN-9]Some bits in IO 'out_llr' are not set. First unset bit index is 0. 
RTL Name 'out_llr', Hierarchy 'cn_core', File 'cn_core.v', Line 57.
WARNING: [Synth 37-125] [ASSIGN-10]Some bits in IO 'sel_demux_min_30' are not read. First unread bit index is 0. 
RTL Name 'sel_demux_min_30', Hierarchy 'cn_core', File 'cn_core.v', Line 77.
WARNING: [Synth 37-125] [ASSIGN-10]Some bits in IO 'sel_demux_min_31' are not read. First unread bit index is 0. 
RTL Name 'sel_demux_min_31', Hierarchy 'cn_core', File 'cn_core.v', Line 78.
WARNING: [Synth 37-125] [ASSIGN-10]Some bits in IO 'sel_demux_mul_30' are not read. First unread bit index is 0. 
RTL Name 'sel_demux_mul_30', Hierarchy 'cn_core', File 'cn_core.v', Line 80.
WARNING: [Synth 37-125] [ASSIGN-10]Some bits in IO 'sel_demux_mul_31' are not read. First unread bit index is 0. 
RTL Name 'sel_demux_mul_31', Hierarchy 'cn_core', File 'cn_core.v', Line 81.
INFO: [Synth 37-85] Total of 21 linter message(s) generated.
INFO: [Synth 37-45] Linter Run Finished!
Synthesis Optimization Runtime : Time (s): cpu = 00:00:05 ; elapsed = 00:00:05 . Memory (MB): peak = 11453.293 ; gain = 0.000 ; free physical = 1453 ; free virtual = 13490
INFO: [Common 17-83] Releasing license: Synthesis
19 Infos, 22 Warnings, 0 Critical Warnings and 0 Errors encountered.
synth_design completed successfully
WARNING: [filemgmt 56-199] Attempt to get parsing info during refresh. "On-the-fly" syntax checking information may be incorrect. [/home/victor/open_baseband/openasip/custom_units/LDPC/LDPC_decoder/new/project_1.srcs/sources_1/imports/new/cn_core.v:]
WARNING: [filemgmt 56-199] Attempt to get parsing info during refresh. "On-the-fly" syntax checking information may be incorrect. [/home/victor/open_baseband/openasip/custom_units/LDPC/LDPC_decoder/new/project_1.srcs/sources_1/imports/new/defines.vh:]
WARNING: [filemgmt 56-199] Attempt to get parsing info during refresh. "On-the-fly" syntax checking information may be incorrect. [/home/victor/open_baseband/openasip/custom_units/LDPC/LDPC_decoder/new/project_1.srcs/sources_1/imports/new/cn_core.v:]
WARNING: [filemgmt 56-199] Attempt to get parsing info during refresh. "On-the-fly" syntax checking information may be incorrect. [/home/victor/open_baseband/openasip/custom_units/LDPC/LDPC_decoder/new/project_1.srcs/sources_1/imports/new/cn_core.v:]
update_files -from_files /home/victor/open_baseband/openasip/custom_units/LDPC/LDPC_decoder/new/cn_core.v -to_files /home/victor/open_baseband/openasip/custom_units/LDPC/LDPC_decoder/new/project_1.srcs/sources_1/imports/new/cn_core.v -filesets [get_filesets *]
INFO: [filemgmt 20-762] Replacing file '/home/victor/open_baseband/openasip/custom_units/LDPC/LDPC_decoder/new/project_1.srcs/sources_1/imports/new/cn_core.v' with file '/home/victor/open_baseband/openasip/custom_units/LDPC/LDPC_decoder/new/cn_core.v'.
INFO: [filemgmt 20-1080] Importing file from '/home/victor/open_baseband/openasip/custom_units/LDPC/LDPC_decoder/new/cn_core.v' to '/home/victor/open_baseband/openasip/custom_units/LDPC/LDPC_decoder/new/project_1.srcs/sources_1/imports/new/cn_core.v'.
WARNING: [filemgmt 56-199] Attempt to get parsing info during refresh. "On-the-fly" syntax checking information may be incorrect. [/home/victor/open_baseband/openasip/custom_units/LDPC/LDPC_decoder/new/project_1.srcs/sources_1/imports/new/cn_core.v:]
WARNING: [filemgmt 56-199] Attempt to get parsing info during refresh. "On-the-fly" syntax checking information may be incorrect. [/home/victor/open_baseband/openasip/custom_units/LDPC/LDPC_decoder/new/project_1.srcs/sources_1/imports/new/defines.vh:]
WARNING: [filemgmt 56-199] Attempt to get parsing info during refresh. "On-the-fly" syntax checking information may be incorrect. [/home/victor/open_baseband/openasip/custom_units/LDPC/LDPC_decoder/new/project_1.srcs/sources_1/imports/new/cn_core.v:]
WARNING: [filemgmt 56-199] Attempt to get parsing info during refresh. "On-the-fly" syntax checking information may be incorrect. [/home/victor/open_baseband/openasip/custom_units/LDPC/LDPC_decoder/new/project_1.srcs/sources_1/imports/new/cn_core.v:]
synth_design -top cn_core -part xczu7ev-ffvc1156-2-e -lint 
Command: synth_design -top cn_core -part xczu7ev-ffvc1156-2-e -lint
Starting synth_design
Attempting to get a license for feature 'Synthesis' and/or device 'xczu7ev'
INFO: [Common 17-349] Got license for feature 'Synthesis' and/or device 'xczu7ev'
INFO: [Synth 8-7079] Multithreading enabled for synth_design using a maximum of 7 processes.
---------------------------------------------------------------------------------
Starting Synthesize : Time (s): cpu = 00:00:03 ; elapsed = 00:00:03 . Memory (MB): peak = 11471.297 ; gain = 0.000 ; free physical = 1276 ; free virtual = 13319
---------------------------------------------------------------------------------
Clean up Linter database...
INFO: [Synth 8-6157] synthesizing module 'cn_core' [/home/victor/open_baseband/openasip/custom_units/LDPC/LDPC_decoder/new/project_1.srcs/sources_1/imports/new/cn_core.v:48]
INFO: [Synth 8-6157] synthesizing module 'cn_proc' [/home/victor/open_baseband/openasip/custom_units/LDPC/LDPC_decoder/new/cn_proc.v:1]
	Parameter GROUP bound to: 3 - type: integer 
	Parameter WIDTH bound to: 8 - type: integer 
INFO: [Synth 8-6155] done synthesizing module 'cn_proc' (1#1) [/home/victor/open_baseband/openasip/custom_units/LDPC/LDPC_decoder/new/cn_proc.v:1]
INFO: [Synth 8-6157] synthesizing module 'cn_proc__parameterized0' [/home/victor/open_baseband/openasip/custom_units/LDPC/LDPC_decoder/new/cn_proc.v:1]
	Parameter GROUP bound to: 4 - type: integer 
	Parameter WIDTH bound to: 8 - type: integer 
INFO: [Synth 8-6155] done synthesizing module 'cn_proc__parameterized0' (1#1) [/home/victor/open_baseband/openasip/custom_units/LDPC/LDPC_decoder/new/cn_proc.v:1]
INFO: [Synth 8-6157] synthesizing module 'cn_proc__parameterized1' [/home/victor/open_baseband/openasip/custom_units/LDPC/LDPC_decoder/new/cn_proc.v:1]
	Parameter GROUP bound to: 5 - type: integer 
	Parameter WIDTH bound to: 8 - type: integer 
INFO: [Synth 8-6155] done synthesizing module 'cn_proc__parameterized1' (1#1) [/home/victor/open_baseband/openasip/custom_units/LDPC/LDPC_decoder/new/cn_proc.v:1]
INFO: [Synth 8-6157] synthesizing module 'cn_proc__parameterized2' [/home/victor/open_baseband/openasip/custom_units/LDPC/LDPC_decoder/new/cn_proc.v:1]
	Parameter GROUP bound to: 6 - type: integer 
	Parameter WIDTH bound to: 8 - type: integer 
INFO: [Synth 8-6155] done synthesizing module 'cn_proc__parameterized2' (1#1) [/home/victor/open_baseband/openasip/custom_units/LDPC/LDPC_decoder/new/cn_proc.v:1]
INFO: [Synth 8-6157] synthesizing module 'cn_proc__parameterized3' [/home/victor/open_baseband/openasip/custom_units/LDPC/LDPC_decoder/new/cn_proc.v:1]
	Parameter GROUP bound to: 7 - type: integer 
	Parameter WIDTH bound to: 8 - type: integer 
INFO: [Synth 8-6155] done synthesizing module 'cn_proc__parameterized3' (1#1) [/home/victor/open_baseband/openasip/custom_units/LDPC/LDPC_decoder/new/cn_proc.v:1]
INFO: [Synth 8-6157] synthesizing module 'cn_proc__parameterized4' [/home/victor/open_baseband/openasip/custom_units/LDPC/LDPC_decoder/new/cn_proc.v:1]
	Parameter GROUP bound to: 8 - type: integer 
	Parameter WIDTH bound to: 8 - type: integer 
INFO: [Synth 8-6155] done synthesizing module 'cn_proc__parameterized4' (1#1) [/home/victor/open_baseband/openasip/custom_units/LDPC/LDPC_decoder/new/cn_proc.v:1]
INFO: [Synth 8-6157] synthesizing module 'cn_proc__parameterized5' [/home/victor/open_baseband/openasip/custom_units/LDPC/LDPC_decoder/new/cn_proc.v:1]
	Parameter GROUP bound to: 9 - type: integer 
	Parameter WIDTH bound to: 8 - type: integer 
INFO: [Synth 8-6155] done synthesizing module 'cn_proc__parameterized5' (1#1) [/home/victor/open_baseband/openasip/custom_units/LDPC/LDPC_decoder/new/cn_proc.v:1]
INFO: [Synth 8-6157] synthesizing module 'cn_proc__parameterized6' [/home/victor/open_baseband/openasip/custom_units/LDPC/LDPC_decoder/new/cn_proc.v:1]
	Parameter GROUP bound to: 10 - type: integer 
	Parameter WIDTH bound to: 8 - type: integer 
INFO: [Synth 8-6155] done synthesizing module 'cn_proc__parameterized6' (1#1) [/home/victor/open_baseband/openasip/custom_units/LDPC/LDPC_decoder/new/cn_proc.v:1]
INFO: [Synth 8-6157] synthesizing module 'cn_proc__parameterized7' [/home/victor/open_baseband/openasip/custom_units/LDPC/LDPC_decoder/new/cn_proc.v:1]
	Parameter GROUP bound to: 19 - type: integer 
	Parameter WIDTH bound to: 8 - type: integer 
INFO: [Synth 8-6155] done synthesizing module 'cn_proc__parameterized7' (1#1) [/home/victor/open_baseband/openasip/custom_units/LDPC/LDPC_decoder/new/cn_proc.v:1]
WARNING: [Synth 8-3848] Net out_llr_r in module/entity cn_core does not have driver. [/home/victor/open_baseband/openasip/custom_units/LDPC/LDPC_decoder/new/project_1.srcs/sources_1/imports/new/cn_core.v:1915]
INFO: [Synth 8-6155] done synthesizing module 'cn_core' (2#1) [/home/victor/open_baseband/openasip/custom_units/LDPC/LDPC_decoder/new/project_1.srcs/sources_1/imports/new/cn_core.v:48]
---------------------------------------------------------------------------------
Finished Synthesize : Time (s): cpu = 00:00:05 ; elapsed = 00:00:05 . Memory (MB): peak = 11486.262 ; gain = 14.965 ; free physical = 1432 ; free virtual = 13476
---------------------------------------------------------------------------------
Copyright 1986-2022 Xilinx, Inc. All Rights Reserved. Copyright 2022-2025 Advanced Micro Devices, Inc. All Rights Reserved.
---------------------------------------------------------------------------------------------------------------------------------------------
| Tool Version : Vivado v.2025.2 (lin64) Build 6299465 Fri Nov 14 12:34:56 MST 2025
| Date         : Sun May  3 15:03:46 2026
| Host         : victor-IdeaPad-Slim-3-15ARP10 running 64-bit Ubuntu 24.04.4 LTS
---------------------------------------------------------------------------------------------------------------------------------------------

RTL Linter Report

Table of Contents
-----------------
1. Summary

1. Summary
----------

+-----------+----------+--------------+----------+
| Rule ID   | Severity | # Violations | # Waived |
+-----------+----------+--------------+----------+
| ASSIGN-5  | WARNING  | 1            | 0        |
| ASSIGN-6  | WARNING  | 6            | 0        |
| ASSIGN-9  | WARNING  | 1            | 0        |
| ASSIGN-10 | WARNING  | 4            | 0        |
+-----------+----------+--------------+----------+


WARNING: [Synth 37-124] [ASSIGN-5]Some bits in 'out_llr_r' are not set. First unset bit index is 0. 
RTL Name 'out_llr_r', Hierarchy 'cn_core', File 'cn_core.v', Line 1915.
WARNING: [Synth 37-93] [ASSIGN-6]Signal 'gen_min_mul_buses_19.out_demux_min_0' was assigned but not read. 
RTL Name 'gen_min_mul_buses_19.out_demux_min_0', Hierarchy 'cn_core', File '/home/victor/open_baseband/openasip/custom_units/LDPC/LDPC_decoder/new/project_1.srcs/sources_1/imports/new/cn_core.v', Line 1321.
WARNING: [Synth 37-93] [ASSIGN-6]Signal 'gen_min_mul_buses_19.out_demux_min_1' was assigned but not read. 
RTL Name 'gen_min_mul_buses_19.out_demux_min_1', Hierarchy 'cn_core', File '/home/victor/open_baseband/openasip/custom_units/LDPC/LDPC_decoder/new/project_1.srcs/sources_1/imports/new/cn_core.v', Line 1322.
WARNING: [Synth 37-93] [ASSIGN-6]Signal 'gen_min_mul_buses_19.out_demux_min_2' was assigned but not read. 
RTL Name 'gen_min_mul_buses_19.out_demux_min_2', Hierarchy 'cn_core', File '/home/victor/open_baseband/openasip/custom_units/LDPC/LDPC_decoder/new/project_1.srcs/sources_1/imports/new/cn_core.v', Line 1323.
WARNING: [Synth 37-93] [ASSIGN-6]Signal 'gen_min_mul_buses_19.out_demux_mul_0' was assigned but not read. 
RTL Name 'gen_min_mul_buses_19.out_demux_mul_0', Hierarchy 'cn_core', File '/home/victor/open_baseband/openasip/custom_units/LDPC/LDPC_decoder/new/project_1.srcs/sources_1/imports/new/cn_core.v', Line 1324.
WARNING: [Synth 37-93] [ASSIGN-6]Signal 'gen_min_mul_buses_19.out_demux_mul_1' was assigned but not read. 
RTL Name 'gen_min_mul_buses_19.out_demux_mul_1', Hierarchy 'cn_core', File '/home/victor/open_baseband/openasip/custom_units/LDPC/LDPC_decoder/new/project_1.srcs/sources_1/imports/new/cn_core.v', Line 1325.
WARNING: [Synth 37-93] [ASSIGN-6]Signal 'gen_min_mul_buses_19.out_demux_mul_2' was assigned but not read. 
RTL Name 'gen_min_mul_buses_19.out_demux_mul_2', Hierarchy 'cn_core', File '/home/victor/open_baseband/openasip/custom_units/LDPC/LDPC_decoder/new/project_1.srcs/sources_1/imports/new/cn_core.v', Line 1326.
WARNING: [Synth 37-126] [ASSIGN-9]Some bits in IO 'out_llr' are not set. First unset bit index is 0. 
RTL Name 'out_llr', Hierarchy 'cn_core', File 'cn_core.v', Line 57.
WARNING: [Synth 37-125] [ASSIGN-10]Some bits in IO 'sel_demux_min_30' are not read. First unread bit index is 0. 
RTL Name 'sel_demux_min_30', Hierarchy 'cn_core', File 'cn_core.v', Line 77.
WARNING: [Synth 37-125] [ASSIGN-10]Some bits in IO 'sel_demux_min_31' are not read. First unread bit index is 0. 
RTL Name 'sel_demux_min_31', Hierarchy 'cn_core', File 'cn_core.v', Line 78.
WARNING: [Synth 37-125] [ASSIGN-10]Some bits in IO 'sel_demux_mul_30' are not read. First unread bit index is 0. 
RTL Name 'sel_demux_mul_30', Hierarchy 'cn_core', File 'cn_core.v', Line 80.
WARNING: [Synth 37-125] [ASSIGN-10]Some bits in IO 'sel_demux_mul_31' are not read. First unread bit index is 0. 
RTL Name 'sel_demux_mul_31', Hierarchy 'cn_core', File 'cn_core.v', Line 81.
INFO: [Synth 37-85] Total of 12 linter message(s) generated.
INFO: [Synth 37-45] Linter Run Finished!
Synthesis Optimization Runtime : Time (s): cpu = 00:00:05 ; elapsed = 00:00:05 . Memory (MB): peak = 11486.262 ; gain = 14.965 ; free physical = 1428 ; free virtual = 13472
INFO: [Common 17-83] Releasing license: Synthesis
25 Infos, 13 Warnings, 0 Critical Warnings and 0 Errors encountered.
synth_design completed successfully
WARNING: [filemgmt 56-199] Attempt to get parsing info during refresh. "On-the-fly" syntax checking information may be incorrect. [/home/victor/open_baseband/openasip/custom_units/LDPC/LDPC_decoder/new/project_1.srcs/sources_1/imports/new/cn_core.v:]
WARNING: [filemgmt 56-199] Attempt to get parsing info during refresh. "On-the-fly" syntax checking information may be incorrect. [/home/victor/open_baseband/openasip/custom_units/LDPC/LDPC_decoder/new/project_1.srcs/sources_1/imports/new/defines.vh:]
WARNING: [filemgmt 56-199] Attempt to get parsing info during refresh. "On-the-fly" syntax checking information may be incorrect. [/home/victor/open_baseband/openasip/custom_units/LDPC/LDPC_decoder/new/project_1.srcs/sources_1/imports/new/cn_core.v:]
WARNING: [filemgmt 56-199] Attempt to get parsing info during refresh. "On-the-fly" syntax checking information may be incorrect. [/home/victor/open_baseband/openasip/custom_units/LDPC/LDPC_decoder/new/project_1.srcs/sources_1/imports/new/cn_core.v:]
update_files -from_files /home/victor/open_baseband/openasip/custom_units/LDPC/LDPC_decoder/new/cn_core.v -to_files /home/victor/open_baseband/openasip/custom_units/LDPC/LDPC_decoder/new/project_1.srcs/sources_1/imports/new/cn_core.v -filesets [get_filesets *]
INFO: [filemgmt 20-762] Replacing file '/home/victor/open_baseband/openasip/custom_units/LDPC/LDPC_decoder/new/project_1.srcs/sources_1/imports/new/cn_core.v' with file '/home/victor/open_baseband/openasip/custom_units/LDPC/LDPC_decoder/new/cn_core.v'.
INFO: [filemgmt 20-1080] Importing file from '/home/victor/open_baseband/openasip/custom_units/LDPC/LDPC_decoder/new/cn_core.v' to '/home/victor/open_baseband/openasip/custom_units/LDPC/LDPC_decoder/new/project_1.srcs/sources_1/imports/new/cn_core.v'.
WARNING: [filemgmt 56-199] Attempt to get parsing info during refresh. "On-the-fly" syntax checking information may be incorrect. [/home/victor/open_baseband/openasip/custom_units/LDPC/LDPC_decoder/new/project_1.srcs/sources_1/imports/new/cn_core.v:]
WARNING: [filemgmt 56-199] Attempt to get parsing info during refresh. "On-the-fly" syntax checking information may be incorrect. [/home/victor/open_baseband/openasip/custom_units/LDPC/LDPC_decoder/new/project_1.srcs/sources_1/imports/new/defines.vh:]
WARNING: [filemgmt 56-199] Attempt to get parsing info during refresh. "On-the-fly" syntax checking information may be incorrect. [/home/victor/open_baseband/openasip/custom_units/LDPC/LDPC_decoder/new/project_1.srcs/sources_1/imports/new/cn_core.v:]
WARNING: [filemgmt 56-199] Attempt to get parsing info during refresh. "On-the-fly" syntax checking information may be incorrect. [/home/victor/open_baseband/openasip/custom_units/LDPC/LDPC_decoder/new/project_1.srcs/sources_1/imports/new/cn_core.v:]
synth_design -top cn_core -part xczu7ev-ffvc1156-2-e -lint 
Command: synth_design -top cn_core -part xczu7ev-ffvc1156-2-e -lint
Starting synth_design
Attempting to get a license for feature 'Synthesis' and/or device 'xczu7ev'
INFO: [Common 17-349] Got license for feature 'Synthesis' and/or device 'xczu7ev'
INFO: [Synth 8-7079] Multithreading enabled for synth_design using a maximum of 7 processes.
---------------------------------------------------------------------------------
Starting Synthesize : Time (s): cpu = 00:00:03 ; elapsed = 00:00:03 . Memory (MB): peak = 11496.297 ; gain = 0.000 ; free physical = 1381 ; free virtual = 13460
---------------------------------------------------------------------------------
Clean up Linter database...
INFO: [Synth 8-6157] synthesizing module 'cn_core' [/home/victor/open_baseband/openasip/custom_units/LDPC/LDPC_decoder/new/project_1.srcs/sources_1/imports/new/cn_core.v:48]
INFO: [Synth 8-6157] synthesizing module 'cn_proc' [/home/victor/open_baseband/openasip/custom_units/LDPC/LDPC_decoder/new/cn_proc.v:1]
	Parameter GROUP bound to: 3 - type: integer 
	Parameter WIDTH bound to: 8 - type: integer 
INFO: [Synth 8-6155] done synthesizing module 'cn_proc' (1#1) [/home/victor/open_baseband/openasip/custom_units/LDPC/LDPC_decoder/new/cn_proc.v:1]
INFO: [Synth 8-6157] synthesizing module 'cn_proc__parameterized0' [/home/victor/open_baseband/openasip/custom_units/LDPC/LDPC_decoder/new/cn_proc.v:1]
	Parameter GROUP bound to: 4 - type: integer 
	Parameter WIDTH bound to: 8 - type: integer 
INFO: [Synth 8-6155] done synthesizing module 'cn_proc__parameterized0' (1#1) [/home/victor/open_baseband/openasip/custom_units/LDPC/LDPC_decoder/new/cn_proc.v:1]
INFO: [Synth 8-6157] synthesizing module 'cn_proc__parameterized1' [/home/victor/open_baseband/openasip/custom_units/LDPC/LDPC_decoder/new/cn_proc.v:1]
	Parameter GROUP bound to: 5 - type: integer 
	Parameter WIDTH bound to: 8 - type: integer 
INFO: [Synth 8-6155] done synthesizing module 'cn_proc__parameterized1' (1#1) [/home/victor/open_baseband/openasip/custom_units/LDPC/LDPC_decoder/new/cn_proc.v:1]
INFO: [Synth 8-6157] synthesizing module 'cn_proc__parameterized2' [/home/victor/open_baseband/openasip/custom_units/LDPC/LDPC_decoder/new/cn_proc.v:1]
	Parameter GROUP bound to: 6 - type: integer 
	Parameter WIDTH bound to: 8 - type: integer 
INFO: [Synth 8-6155] done synthesizing module 'cn_proc__parameterized2' (1#1) [/home/victor/open_baseband/openasip/custom_units/LDPC/LDPC_decoder/new/cn_proc.v:1]
INFO: [Synth 8-6157] synthesizing module 'cn_proc__parameterized3' [/home/victor/open_baseband/openasip/custom_units/LDPC/LDPC_decoder/new/cn_proc.v:1]
	Parameter GROUP bound to: 7 - type: integer 
	Parameter WIDTH bound to: 8 - type: integer 
INFO: [Synth 8-6155] done synthesizing module 'cn_proc__parameterized3' (1#1) [/home/victor/open_baseband/openasip/custom_units/LDPC/LDPC_decoder/new/cn_proc.v:1]
INFO: [Synth 8-6157] synthesizing module 'cn_proc__parameterized4' [/home/victor/open_baseband/openasip/custom_units/LDPC/LDPC_decoder/new/cn_proc.v:1]
	Parameter GROUP bound to: 8 - type: integer 
	Parameter WIDTH bound to: 8 - type: integer 
INFO: [Synth 8-6155] done synthesizing module 'cn_proc__parameterized4' (1#1) [/home/victor/open_baseband/openasip/custom_units/LDPC/LDPC_decoder/new/cn_proc.v:1]
INFO: [Synth 8-6157] synthesizing module 'cn_proc__parameterized5' [/home/victor/open_baseband/openasip/custom_units/LDPC/LDPC_decoder/new/cn_proc.v:1]
	Parameter GROUP bound to: 9 - type: integer 
	Parameter WIDTH bound to: 8 - type: integer 
INFO: [Synth 8-6155] done synthesizing module 'cn_proc__parameterized5' (1#1) [/home/victor/open_baseband/openasip/custom_units/LDPC/LDPC_decoder/new/cn_proc.v:1]
INFO: [Synth 8-6157] synthesizing module 'cn_proc__parameterized6' [/home/victor/open_baseband/openasip/custom_units/LDPC/LDPC_decoder/new/cn_proc.v:1]
	Parameter GROUP bound to: 10 - type: integer 
	Parameter WIDTH bound to: 8 - type: integer 
INFO: [Synth 8-6155] done synthesizing module 'cn_proc__parameterized6' (1#1) [/home/victor/open_baseband/openasip/custom_units/LDPC/LDPC_decoder/new/cn_proc.v:1]
INFO: [Synth 8-6157] synthesizing module 'cn_proc__parameterized7' [/home/victor/open_baseband/openasip/custom_units/LDPC/LDPC_decoder/new/cn_proc.v:1]
	Parameter GROUP bound to: 19 - type: integer 
	Parameter WIDTH bound to: 8 - type: integer 
INFO: [Synth 8-6155] done synthesizing module 'cn_proc__parameterized7' (1#1) [/home/victor/open_baseband/openasip/custom_units/LDPC/LDPC_decoder/new/cn_proc.v:1]
WARNING: [Synth 8-3848] Net out_llr_r in module/entity cn_core does not have driver. [/home/victor/open_baseband/openasip/custom_units/LDPC/LDPC_decoder/new/project_1.srcs/sources_1/imports/new/cn_core.v:1915]
INFO: [Synth 8-6155] done synthesizing module 'cn_core' (2#1) [/home/victor/open_baseband/openasip/custom_units/LDPC/LDPC_decoder/new/project_1.srcs/sources_1/imports/new/cn_core.v:48]
---------------------------------------------------------------------------------
Finished Synthesize : Time (s): cpu = 00:00:05 ; elapsed = 00:00:05 . Memory (MB): peak = 11496.297 ; gain = 0.000 ; free physical = 1391 ; free virtual = 13470
---------------------------------------------------------------------------------
Copyright 1986-2022 Xilinx, Inc. All Rights Reserved. Copyright 2022-2025 Advanced Micro Devices, Inc. All Rights Reserved.
---------------------------------------------------------------------------------------------------------------------------------------------
| Tool Version : Vivado v.2025.2 (lin64) Build 6299465 Fri Nov 14 12:34:56 MST 2025
| Date         : Sun May  3 15:20:13 2026
| Host         : victor-IdeaPad-Slim-3-15ARP10 running 64-bit Ubuntu 24.04.4 LTS
---------------------------------------------------------------------------------------------------------------------------------------------

RTL Linter Report

Table of Contents
-----------------
1. Summary

1. Summary
----------

+-----------+----------+--------------+----------+
| Rule ID   | Severity | # Violations | # Waived |
+-----------+----------+--------------+----------+
| ASSIGN-5  | WARNING  | 1            | 0        |
| ASSIGN-6  | WARNING  | 6            | 0        |
| ASSIGN-9  | WARNING  | 1            | 0        |
| ASSIGN-10 | WARNING  | 4            | 0        |
+-----------+----------+--------------+----------+


WARNING: [Synth 37-124] [ASSIGN-5]Some bits in 'out_llr_r' are not set. First unset bit index is 0. 
RTL Name 'out_llr_r', Hierarchy 'cn_core', File 'cn_core.v', Line 1915.
WARNING: [Synth 37-93] [ASSIGN-6]Signal 'gen_min_mul_buses_19.out_demux_min_0' was assigned but not read. 
RTL Name 'gen_min_mul_buses_19.out_demux_min_0', Hierarchy 'cn_core', File '/home/victor/open_baseband/openasip/custom_units/LDPC/LDPC_decoder/new/project_1.srcs/sources_1/imports/new/cn_core.v', Line 1321.
WARNING: [Synth 37-93] [ASSIGN-6]Signal 'gen_min_mul_buses_19.out_demux_min_1' was assigned but not read. 
RTL Name 'gen_min_mul_buses_19.out_demux_min_1', Hierarchy 'cn_core', File '/home/victor/open_baseband/openasip/custom_units/LDPC/LDPC_decoder/new/project_1.srcs/sources_1/imports/new/cn_core.v', Line 1322.
WARNING: [Synth 37-93] [ASSIGN-6]Signal 'gen_min_mul_buses_19.out_demux_min_2' was assigned but not read. 
RTL Name 'gen_min_mul_buses_19.out_demux_min_2', Hierarchy 'cn_core', File '/home/victor/open_baseband/openasip/custom_units/LDPC/LDPC_decoder/new/project_1.srcs/sources_1/imports/new/cn_core.v', Line 1323.
WARNING: [Synth 37-93] [ASSIGN-6]Signal 'gen_min_mul_buses_19.out_demux_mul_0' was assigned but not read. 
RTL Name 'gen_min_mul_buses_19.out_demux_mul_0', Hierarchy 'cn_core', File '/home/victor/open_baseband/openasip/custom_units/LDPC/LDPC_decoder/new/project_1.srcs/sources_1/imports/new/cn_core.v', Line 1324.
WARNING: [Synth 37-93] [ASSIGN-6]Signal 'gen_min_mul_buses_19.out_demux_mul_1' was assigned but not read. 
RTL Name 'gen_min_mul_buses_19.out_demux_mul_1', Hierarchy 'cn_core', File '/home/victor/open_baseband/openasip/custom_units/LDPC/LDPC_decoder/new/project_1.srcs/sources_1/imports/new/cn_core.v', Line 1325.
WARNING: [Synth 37-93] [ASSIGN-6]Signal 'gen_min_mul_buses_19.out_demux_mul_2' was assigned but not read. 
RTL Name 'gen_min_mul_buses_19.out_demux_mul_2', Hierarchy 'cn_core', File '/home/victor/open_baseband/openasip/custom_units/LDPC/LDPC_decoder/new/project_1.srcs/sources_1/imports/new/cn_core.v', Line 1326.
WARNING: [Synth 37-126] [ASSIGN-9]Some bits in IO 'out_llr' are not set. First unset bit index is 0. 
RTL Name 'out_llr', Hierarchy 'cn_core', File 'cn_core.v', Line 57.
WARNING: [Synth 37-125] [ASSIGN-10]Some bits in IO 'sel_demux_min_30' are not read. First unread bit index is 0. 
RTL Name 'sel_demux_min_30', Hierarchy 'cn_core', File 'cn_core.v', Line 77.
WARNING: [Synth 37-125] [ASSIGN-10]Some bits in IO 'sel_demux_min_31' are not read. First unread bit index is 0. 
RTL Name 'sel_demux_min_31', Hierarchy 'cn_core', File 'cn_core.v', Line 78.
WARNING: [Synth 37-125] [ASSIGN-10]Some bits in IO 'sel_demux_mul_30' are not read. First unread bit index is 0. 
RTL Name 'sel_demux_mul_30', Hierarchy 'cn_core', File 'cn_core.v', Line 80.
WARNING: [Synth 37-125] [ASSIGN-10]Some bits in IO 'sel_demux_mul_31' are not read. First unread bit index is 0. 
RTL Name 'sel_demux_mul_31', Hierarchy 'cn_core', File 'cn_core.v', Line 81.
INFO: [Synth 37-85] Total of 12 linter message(s) generated.
INFO: [Synth 37-45] Linter Run Finished!
Synthesis Optimization Runtime : Time (s): cpu = 00:00:05 ; elapsed = 00:00:05 . Memory (MB): peak = 11496.297 ; gain = 0.000 ; free physical = 1401 ; free virtual = 13481
INFO: [Common 17-83] Releasing license: Synthesis
25 Infos, 13 Warnings, 0 Critical Warnings and 0 Errors encountered.
synth_design completed successfully
synth_design -top cn_core -part xczu7ev-ffvc1156-2-e -lint 
Command: synth_design -top cn_core -part xczu7ev-ffvc1156-2-e -lint
Starting synth_design
Attempting to get a license for feature 'Synthesis' and/or device 'xczu7ev'
INFO: [Common 17-349] Got license for feature 'Synthesis' and/or device 'xczu7ev'
INFO: [Synth 8-7079] Multithreading enabled for synth_design using a maximum of 7 processes.
---------------------------------------------------------------------------------
Starting Synthesize : Time (s): cpu = 00:00:04 ; elapsed = 00:00:03 . Memory (MB): peak = 11506.262 ; gain = 9.965 ; free physical = 1377 ; free virtual = 13457
---------------------------------------------------------------------------------
Clean up Linter database...
INFO: [Synth 8-6157] synthesizing module 'cn_core' [/home/victor/open_baseband/openasip/custom_units/LDPC/LDPC_decoder/new/project_1.srcs/sources_1/imports/new/cn_core.v:48]
INFO: [Synth 8-6157] synthesizing module 'cn_proc' [/home/victor/open_baseband/openasip/custom_units/LDPC/LDPC_decoder/new/cn_proc.v:1]
	Parameter GROUP bound to: 3 - type: integer 
	Parameter WIDTH bound to: 8 - type: integer 
INFO: [Synth 8-6155] done synthesizing module 'cn_proc' (1#1) [/home/victor/open_baseband/openasip/custom_units/LDPC/LDPC_decoder/new/cn_proc.v:1]
INFO: [Synth 8-6157] synthesizing module 'cn_proc__parameterized0' [/home/victor/open_baseband/openasip/custom_units/LDPC/LDPC_decoder/new/cn_proc.v:1]
	Parameter GROUP bound to: 4 - type: integer 
	Parameter WIDTH bound to: 8 - type: integer 
INFO: [Synth 8-6155] done synthesizing module 'cn_proc__parameterized0' (1#1) [/home/victor/open_baseband/openasip/custom_units/LDPC/LDPC_decoder/new/cn_proc.v:1]
INFO: [Synth 8-6157] synthesizing module 'cn_proc__parameterized1' [/home/victor/open_baseband/openasip/custom_units/LDPC/LDPC_decoder/new/cn_proc.v:1]
	Parameter GROUP bound to: 5 - type: integer 
	Parameter WIDTH bound to: 8 - type: integer 
INFO: [Synth 8-6155] done synthesizing module 'cn_proc__parameterized1' (1#1) [/home/victor/open_baseband/openasip/custom_units/LDPC/LDPC_decoder/new/cn_proc.v:1]
INFO: [Synth 8-6157] synthesizing module 'cn_proc__parameterized2' [/home/victor/open_baseband/openasip/custom_units/LDPC/LDPC_decoder/new/cn_proc.v:1]
	Parameter GROUP bound to: 6 - type: integer 
	Parameter WIDTH bound to: 8 - type: integer 
INFO: [Synth 8-6155] done synthesizing module 'cn_proc__parameterized2' (1#1) [/home/victor/open_baseband/openasip/custom_units/LDPC/LDPC_decoder/new/cn_proc.v:1]
INFO: [Synth 8-6157] synthesizing module 'cn_proc__parameterized3' [/home/victor/open_baseband/openasip/custom_units/LDPC/LDPC_decoder/new/cn_proc.v:1]
	Parameter GROUP bound to: 7 - type: integer 
	Parameter WIDTH bound to: 8 - type: integer 
INFO: [Synth 8-6155] done synthesizing module 'cn_proc__parameterized3' (1#1) [/home/victor/open_baseband/openasip/custom_units/LDPC/LDPC_decoder/new/cn_proc.v:1]
INFO: [Synth 8-6157] synthesizing module 'cn_proc__parameterized4' [/home/victor/open_baseband/openasip/custom_units/LDPC/LDPC_decoder/new/cn_proc.v:1]
	Parameter GROUP bound to: 8 - type: integer 
	Parameter WIDTH bound to: 8 - type: integer 
INFO: [Synth 8-6155] done synthesizing module 'cn_proc__parameterized4' (1#1) [/home/victor/open_baseband/openasip/custom_units/LDPC/LDPC_decoder/new/cn_proc.v:1]
INFO: [Synth 8-6157] synthesizing module 'cn_proc__parameterized5' [/home/victor/open_baseband/openasip/custom_units/LDPC/LDPC_decoder/new/cn_proc.v:1]
	Parameter GROUP bound to: 9 - type: integer 
	Parameter WIDTH bound to: 8 - type: integer 
INFO: [Synth 8-6155] done synthesizing module 'cn_proc__parameterized5' (1#1) [/home/victor/open_baseband/openasip/custom_units/LDPC/LDPC_decoder/new/cn_proc.v:1]
INFO: [Synth 8-6157] synthesizing module 'cn_proc__parameterized6' [/home/victor/open_baseband/openasip/custom_units/LDPC/LDPC_decoder/new/cn_proc.v:1]
	Parameter GROUP bound to: 10 - type: integer 
	Parameter WIDTH bound to: 8 - type: integer 
INFO: [Synth 8-6155] done synthesizing module 'cn_proc__parameterized6' (1#1) [/home/victor/open_baseband/openasip/custom_units/LDPC/LDPC_decoder/new/cn_proc.v:1]
INFO: [Synth 8-6157] synthesizing module 'cn_proc__parameterized7' [/home/victor/open_baseband/openasip/custom_units/LDPC/LDPC_decoder/new/cn_proc.v:1]
	Parameter GROUP bound to: 19 - type: integer 
	Parameter WIDTH bound to: 8 - type: integer 
INFO: [Synth 8-6155] done synthesizing module 'cn_proc__parameterized7' (1#1) [/home/victor/open_baseband/openasip/custom_units/LDPC/LDPC_decoder/new/cn_proc.v:1]
WARNING: [Synth 8-3848] Net out_llr_r in module/entity cn_core does not have driver. [/home/victor/open_baseband/openasip/custom_units/LDPC/LDPC_decoder/new/project_1.srcs/sources_1/imports/new/cn_core.v:1915]
INFO: [Synth 8-6155] done synthesizing module 'cn_core' (2#1) [/home/victor/open_baseband/openasip/custom_units/LDPC/LDPC_decoder/new/project_1.srcs/sources_1/imports/new/cn_core.v:48]
---------------------------------------------------------------------------------
Finished Synthesize : Time (s): cpu = 00:00:05 ; elapsed = 00:00:05 . Memory (MB): peak = 11506.262 ; gain = 9.965 ; free physical = 1372 ; free virtual = 13452
---------------------------------------------------------------------------------
Copyright 1986-2022 Xilinx, Inc. All Rights Reserved. Copyright 2022-2025 Advanced Micro Devices, Inc. All Rights Reserved.
---------------------------------------------------------------------------------------------------------------------------------------------
| Tool Version : Vivado v.2025.2 (lin64) Build 6299465 Fri Nov 14 12:34:56 MST 2025
| Date         : Sun May  3 15:23:11 2026
| Host         : victor-IdeaPad-Slim-3-15ARP10 running 64-bit Ubuntu 24.04.4 LTS
---------------------------------------------------------------------------------------------------------------------------------------------

RTL Linter Report

Table of Contents
-----------------
1. Summary

1. Summary
----------

+-----------+----------+--------------+----------+
| Rule ID   | Severity | # Violations | # Waived |
+-----------+----------+--------------+----------+
| ASSIGN-5  | WARNING  | 1            | 0        |
| ASSIGN-6  | WARNING  | 6            | 0        |
| ASSIGN-9  | WARNING  | 1            | 0        |
| ASSIGN-10 | WARNING  | 4            | 0        |
+-----------+----------+--------------+----------+


WARNING: [Synth 37-124] [ASSIGN-5]Some bits in 'out_llr_r' are not set. First unset bit index is 0. 
RTL Name 'out_llr_r', Hierarchy 'cn_core', File 'cn_core.v', Line 1915.
WARNING: [Synth 37-93] [ASSIGN-6]Signal 'gen_min_mul_buses_19.out_demux_min_0' was assigned but not read. 
RTL Name 'gen_min_mul_buses_19.out_demux_min_0', Hierarchy 'cn_core', File '/home/victor/open_baseband/openasip/custom_units/LDPC/LDPC_decoder/new/project_1.srcs/sources_1/imports/new/cn_core.v', Line 1321.
WARNING: [Synth 37-93] [ASSIGN-6]Signal 'gen_min_mul_buses_19.out_demux_min_1' was assigned but not read. 
RTL Name 'gen_min_mul_buses_19.out_demux_min_1', Hierarchy 'cn_core', File '/home/victor/open_baseband/openasip/custom_units/LDPC/LDPC_decoder/new/project_1.srcs/sources_1/imports/new/cn_core.v', Line 1322.
WARNING: [Synth 37-93] [ASSIGN-6]Signal 'gen_min_mul_buses_19.out_demux_min_2' was assigned but not read. 
RTL Name 'gen_min_mul_buses_19.out_demux_min_2', Hierarchy 'cn_core', File '/home/victor/open_baseband/openasip/custom_units/LDPC/LDPC_decoder/new/project_1.srcs/sources_1/imports/new/cn_core.v', Line 1323.
WARNING: [Synth 37-93] [ASSIGN-6]Signal 'gen_min_mul_buses_19.out_demux_mul_0' was assigned but not read. 
RTL Name 'gen_min_mul_buses_19.out_demux_mul_0', Hierarchy 'cn_core', File '/home/victor/open_baseband/openasip/custom_units/LDPC/LDPC_decoder/new/project_1.srcs/sources_1/imports/new/cn_core.v', Line 1324.
WARNING: [Synth 37-93] [ASSIGN-6]Signal 'gen_min_mul_buses_19.out_demux_mul_1' was assigned but not read. 
RTL Name 'gen_min_mul_buses_19.out_demux_mul_1', Hierarchy 'cn_core', File '/home/victor/open_baseband/openasip/custom_units/LDPC/LDPC_decoder/new/project_1.srcs/sources_1/imports/new/cn_core.v', Line 1325.
WARNING: [Synth 37-93] [ASSIGN-6]Signal 'gen_min_mul_buses_19.out_demux_mul_2' was assigned but not read. 
RTL Name 'gen_min_mul_buses_19.out_demux_mul_2', Hierarchy 'cn_core', File '/home/victor/open_baseband/openasip/custom_units/LDPC/LDPC_decoder/new/project_1.srcs/sources_1/imports/new/cn_core.v', Line 1326.
WARNING: [Synth 37-126] [ASSIGN-9]Some bits in IO 'out_llr' are not set. First unset bit index is 0. 
RTL Name 'out_llr', Hierarchy 'cn_core', File 'cn_core.v', Line 57.
WARNING: [Synth 37-125] [ASSIGN-10]Some bits in IO 'sel_demux_min_30' are not read. First unread bit index is 0. 
RTL Name 'sel_demux_min_30', Hierarchy 'cn_core', File 'cn_core.v', Line 77.
WARNING: [Synth 37-125] [ASSIGN-10]Some bits in IO 'sel_demux_min_31' are not read. First unread bit index is 0. 
RTL Name 'sel_demux_min_31', Hierarchy 'cn_core', File 'cn_core.v', Line 78.
WARNING: [Synth 37-125] [ASSIGN-10]Some bits in IO 'sel_demux_mul_30' are not read. First unread bit index is 0. 
RTL Name 'sel_demux_mul_30', Hierarchy 'cn_core', File 'cn_core.v', Line 80.
WARNING: [Synth 37-125] [ASSIGN-10]Some bits in IO 'sel_demux_mul_31' are not read. First unread bit index is 0. 
RTL Name 'sel_demux_mul_31', Hierarchy 'cn_core', File 'cn_core.v', Line 81.
INFO: [Synth 37-85] Total of 12 linter message(s) generated.
INFO: [Synth 37-45] Linter Run Finished!
Synthesis Optimization Runtime : Time (s): cpu = 00:00:05 ; elapsed = 00:00:05 . Memory (MB): peak = 11506.262 ; gain = 9.965 ; free physical = 1362 ; free virtual = 13442
INFO: [Common 17-83] Releasing license: Synthesis
25 Infos, 13 Warnings, 0 Critical Warnings and 0 Errors encountered.
synth_design completed successfully
update_files -from_files /home/victor/open_baseband/openasip/custom_units/LDPC/LDPC_decoder/new/cn_core.v -to_files /home/victor/open_baseband/openasip/custom_units/LDPC/LDPC_decoder/new/project_1.srcs/sources_1/imports/new/cn_core.v -filesets [get_filesets *]
INFO: [filemgmt 20-762] Replacing file '/home/victor/open_baseband/openasip/custom_units/LDPC/LDPC_decoder/new/project_1.srcs/sources_1/imports/new/cn_core.v' with file '/home/victor/open_baseband/openasip/custom_units/LDPC/LDPC_decoder/new/cn_core.v'.
INFO: [filemgmt 20-1080] Importing file from '/home/victor/open_baseband/openasip/custom_units/LDPC/LDPC_decoder/new/cn_core.v' to '/home/victor/open_baseband/openasip/custom_units/LDPC/LDPC_decoder/new/project_1.srcs/sources_1/imports/new/cn_core.v'.
WARNING: [filemgmt 56-199] Attempt to get parsing info during refresh. "On-the-fly" syntax checking information may be incorrect. [/home/victor/open_baseband/openasip/custom_units/LDPC/LDPC_decoder/new/project_1.srcs/sources_1/imports/new/cn_core.v:]
WARNING: [filemgmt 56-199] Attempt to get parsing info during refresh. "On-the-fly" syntax checking information may be incorrect. [/home/victor/open_baseband/openasip/custom_units/LDPC/LDPC_decoder/new/project_1.srcs/sources_1/imports/new/defines.vh:]
WARNING: [filemgmt 56-199] Attempt to get parsing info during refresh. "On-the-fly" syntax checking information may be incorrect. [/home/victor/open_baseband/openasip/custom_units/LDPC/LDPC_decoder/new/project_1.srcs/sources_1/imports/new/cn_core.v:]
WARNING: [filemgmt 56-199] Attempt to get parsing info during refresh. "On-the-fly" syntax checking information may be incorrect. [/home/victor/open_baseband/openasip/custom_units/LDPC/LDPC_decoder/new/project_1.srcs/sources_1/imports/new/cn_core.v:]
launch_runs synth_1 -jobs 15
WARNING: [filemgmt 56-199] Attempt to get parsing info during refresh. "On-the-fly" syntax checking information may be incorrect. [/home/victor/open_baseband/openasip/custom_units/LDPC/LDPC_decoder/new/project_1.srcs/sources_1/imports/new/cn_core.v:]
WARNING: [filemgmt 56-199] Attempt to get parsing info during refresh. "On-the-fly" syntax checking information may be incorrect. [/home/victor/open_baseband/openasip/custom_units/LDPC/LDPC_decoder/new/project_1.srcs/sources_1/imports/new/defines.vh:]
WARNING: [filemgmt 56-199] Attempt to get parsing info during refresh. "On-the-fly" syntax checking information may be incorrect. [/home/victor/open_baseband/openasip/custom_units/LDPC/LDPC_decoder/new/project_1.srcs/sources_1/imports/new/cn_core.v:]
WARNING: [filemgmt 56-199] Attempt to get parsing info during refresh. "On-the-fly" syntax checking information may be incorrect. [/home/victor/open_baseband/openasip/custom_units/LDPC/LDPC_decoder/new/project_1.srcs/sources_1/imports/new/cn_core.v:]
WARNING: [Vivado 12-7122] Auto Incremental Compile:: No reference checkpoint was found in run synth_1. Auto-incremental flow will not be run, the standard flow will be run instead.
[Sun May  3 15:24:57 2026] Launched synth_1...
Run output will be captured here: /home/victor/open_baseband/openasip/custom_units/LDPC/LDPC_decoder/new/project_1.runs/synth_1/runme.log
launch_runs: Time (s): cpu = 00:00:08 ; elapsed = 00:00:07 . Memory (MB): peak = 11567.297 ; gain = 0.035 ; free physical = 1538 ; free virtual = 13619
open_run synth_1 -name synth_1
Design is defaulting to impl run constrset: constrs_1
Design is defaulting to synth run part: xczu7ev-ffvc1156-2-e
INFO: [Device 21-403] Loading part xczu7ev-ffvc1156-2-e
INFO: [Project 1-5699] Read binary netlist with skipMacroContent - 1
Netlist sorting complete. Time (s): cpu = 00:00:00 ; elapsed = 00:00:00 . Memory (MB): peak = 12500.824 ; gain = 0.000 ; free physical = 1527 ; free virtual = 12756
INFO: [Project 1-479] Netlist was created with Vivado 2025.2
INFO: [Project 1-570] Preparing netlist for logic optimization
INFO: [Opt 31-138] Pushed 0 inverter(s) to 0 load pin(s).
Netlist sorting complete. Time (s): cpu = 00:00:00 ; elapsed = 00:00:00 . Memory (MB): peak = 12666.410 ; gain = 0.000 ; free physical = 1293 ; free virtual = 12559
INFO: [Project 1-111] Unisim Transformation Summary:
No Unisim elements were transformed.

open_run: Time (s): cpu = 00:00:24 ; elapsed = 00:00:16 . Memory (MB): peak = 13387.379 ; gain = 1800.117 ; free physical = 467 ; free virtual = 11745
synth_design -top cn_core -part xczu7ev-ffvc1156-2-e -lint 
Command: synth_design -top cn_core -part xczu7ev-ffvc1156-2-e -lint
Starting synth_design
Attempting to get a license for feature 'Synthesis' and/or device 'xczu7ev'
INFO: [Common 17-349] Got license for feature 'Synthesis' and/or device 'xczu7ev'
INFO: [Synth 8-7079] Multithreading enabled for synth_design using a maximum of 7 processes.
---------------------------------------------------------------------------------
Starting Synthesize : Time (s): cpu = 00:00:04 ; elapsed = 00:00:03 . Memory (MB): peak = 13681.504 ; gain = 123.531 ; free physical = 252 ; free virtual = 11333
---------------------------------------------------------------------------------
Clean up Linter database...
INFO: [Synth 8-6157] synthesizing module 'cn_core' [/home/victor/open_baseband/openasip/custom_units/LDPC/LDPC_decoder/new/project_1.srcs/sources_1/imports/new/cn_core.v:48]
INFO: [Synth 8-6157] synthesizing module 'cn_proc' [/home/victor/open_baseband/openasip/custom_units/LDPC/LDPC_decoder/new/cn_proc.v:1]
	Parameter GROUP bound to: 3 - type: integer 
	Parameter WIDTH bound to: 8 - type: integer 
INFO: [Synth 8-6155] done synthesizing module 'cn_proc' (1#1) [/home/victor/open_baseband/openasip/custom_units/LDPC/LDPC_decoder/new/cn_proc.v:1]
INFO: [Synth 8-6157] synthesizing module 'cn_proc__parameterized0' [/home/victor/open_baseband/openasip/custom_units/LDPC/LDPC_decoder/new/cn_proc.v:1]
	Parameter GROUP bound to: 4 - type: integer 
	Parameter WIDTH bound to: 8 - type: integer 
INFO: [Synth 8-6155] done synthesizing module 'cn_proc__parameterized0' (1#1) [/home/victor/open_baseband/openasip/custom_units/LDPC/LDPC_decoder/new/cn_proc.v:1]
INFO: [Synth 8-6157] synthesizing module 'cn_proc__parameterized1' [/home/victor/open_baseband/openasip/custom_units/LDPC/LDPC_decoder/new/cn_proc.v:1]
	Parameter GROUP bound to: 5 - type: integer 
	Parameter WIDTH bound to: 8 - type: integer 
INFO: [Synth 8-6155] done synthesizing module 'cn_proc__parameterized1' (1#1) [/home/victor/open_baseband/openasip/custom_units/LDPC/LDPC_decoder/new/cn_proc.v:1]
INFO: [Synth 8-6157] synthesizing module 'cn_proc__parameterized2' [/home/victor/open_baseband/openasip/custom_units/LDPC/LDPC_decoder/new/cn_proc.v:1]
	Parameter GROUP bound to: 6 - type: integer 
	Parameter WIDTH bound to: 8 - type: integer 
INFO: [Synth 8-6155] done synthesizing module 'cn_proc__parameterized2' (1#1) [/home/victor/open_baseband/openasip/custom_units/LDPC/LDPC_decoder/new/cn_proc.v:1]
INFO: [Synth 8-6157] synthesizing module 'cn_proc__parameterized3' [/home/victor/open_baseband/openasip/custom_units/LDPC/LDPC_decoder/new/cn_proc.v:1]
	Parameter GROUP bound to: 7 - type: integer 
	Parameter WIDTH bound to: 8 - type: integer 
INFO: [Synth 8-6155] done synthesizing module 'cn_proc__parameterized3' (1#1) [/home/victor/open_baseband/openasip/custom_units/LDPC/LDPC_decoder/new/cn_proc.v:1]
INFO: [Synth 8-6157] synthesizing module 'cn_proc__parameterized4' [/home/victor/open_baseband/openasip/custom_units/LDPC/LDPC_decoder/new/cn_proc.v:1]
	Parameter GROUP bound to: 8 - type: integer 
	Parameter WIDTH bound to: 8 - type: integer 
INFO: [Synth 8-6155] done synthesizing module 'cn_proc__parameterized4' (1#1) [/home/victor/open_baseband/openasip/custom_units/LDPC/LDPC_decoder/new/cn_proc.v:1]
INFO: [Synth 8-6157] synthesizing module 'cn_proc__parameterized5' [/home/victor/open_baseband/openasip/custom_units/LDPC/LDPC_decoder/new/cn_proc.v:1]
	Parameter GROUP bound to: 9 - type: integer 
	Parameter WIDTH bound to: 8 - type: integer 
INFO: [Synth 8-6155] done synthesizing module 'cn_proc__parameterized5' (1#1) [/home/victor/open_baseband/openasip/custom_units/LDPC/LDPC_decoder/new/cn_proc.v:1]
INFO: [Synth 8-6157] synthesizing module 'cn_proc__parameterized6' [/home/victor/open_baseband/openasip/custom_units/LDPC/LDPC_decoder/new/cn_proc.v:1]
	Parameter GROUP bound to: 10 - type: integer 
	Parameter WIDTH bound to: 8 - type: integer 
INFO: [Synth 8-6155] done synthesizing module 'cn_proc__parameterized6' (1#1) [/home/victor/open_baseband/openasip/custom_units/LDPC/LDPC_decoder/new/cn_proc.v:1]
INFO: [Synth 8-6157] synthesizing module 'cn_proc__parameterized7' [/home/victor/open_baseband/openasip/custom_units/LDPC/LDPC_decoder/new/cn_proc.v:1]
	Parameter GROUP bound to: 19 - type: integer 
	Parameter WIDTH bound to: 8 - type: integer 
INFO: [Synth 8-6155] done synthesizing module 'cn_proc__parameterized7' (1#1) [/home/victor/open_baseband/openasip/custom_units/LDPC/LDPC_decoder/new/cn_proc.v:1]
WARNING: [Synth 8-3848] Net out_llr_r in module/entity cn_core does not have driver. [/home/victor/open_baseband/openasip/custom_units/LDPC/LDPC_decoder/new/project_1.srcs/sources_1/imports/new/cn_core.v:1915]
INFO: [Synth 8-6155] done synthesizing module 'cn_core' (2#1) [/home/victor/open_baseband/openasip/custom_units/LDPC/LDPC_decoder/new/project_1.srcs/sources_1/imports/new/cn_core.v:48]
---------------------------------------------------------------------------------
Finished Synthesize : Time (s): cpu = 00:00:05 ; elapsed = 00:00:04 . Memory (MB): peak = 13779.473 ; gain = 221.500 ; free physical = 210 ; free virtual = 11292
---------------------------------------------------------------------------------
Copyright 1986-2022 Xilinx, Inc. All Rights Reserved. Copyright 2022-2025 Advanced Micro Devices, Inc. All Rights Reserved.
---------------------------------------------------------------------------------------------------------------------------------------------
| Tool Version : Vivado v.2025.2 (lin64) Build 6299465 Fri Nov 14 12:34:56 MST 2025
| Date         : Sun May  3 15:27:17 2026
| Host         : victor-IdeaPad-Slim-3-15ARP10 running 64-bit Ubuntu 24.04.4 LTS
---------------------------------------------------------------------------------------------------------------------------------------------

RTL Linter Report

Table of Contents
-----------------
1. Summary

1. Summary
----------

+-----------+----------+--------------+----------+
| Rule ID   | Severity | # Violations | # Waived |
+-----------+----------+--------------+----------+
| ASSIGN-5  | WARNING  | 1            | 0        |
| ASSIGN-6  | WARNING  | 6            | 0        |
| ASSIGN-9  | WARNING  | 1            | 0        |
| ASSIGN-10 | WARNING  | 4            | 0        |
+-----------+----------+--------------+----------+


WARNING: [Synth 37-124] [ASSIGN-5]Some bits in 'out_llr_r' are not set. First unset bit index is 0. 
RTL Name 'out_llr_r', Hierarchy 'cn_core', File 'cn_core.v', Line 1915.
WARNING: [Synth 37-93] [ASSIGN-6]Signal 'gen_min_mul_buses_19.out_demux_min_0' was assigned but not read. 
RTL Name 'gen_min_mul_buses_19.out_demux_min_0', Hierarchy 'cn_core', File '/home/victor/open_baseband/openasip/custom_units/LDPC/LDPC_decoder/new/project_1.srcs/sources_1/imports/new/cn_core.v', Line 1321.
WARNING: [Synth 37-93] [ASSIGN-6]Signal 'gen_min_mul_buses_19.out_demux_min_1' was assigned but not read. 
RTL Name 'gen_min_mul_buses_19.out_demux_min_1', Hierarchy 'cn_core', File '/home/victor/open_baseband/openasip/custom_units/LDPC/LDPC_decoder/new/project_1.srcs/sources_1/imports/new/cn_core.v', Line 1322.
WARNING: [Synth 37-93] [ASSIGN-6]Signal 'gen_min_mul_buses_19.out_demux_min_2' was assigned but not read. 
RTL Name 'gen_min_mul_buses_19.out_demux_min_2', Hierarchy 'cn_core', File '/home/victor/open_baseband/openasip/custom_units/LDPC/LDPC_decoder/new/project_1.srcs/sources_1/imports/new/cn_core.v', Line 1323.
WARNING: [Synth 37-93] [ASSIGN-6]Signal 'gen_min_mul_buses_19.out_demux_mul_0' was assigned but not read. 
RTL Name 'gen_min_mul_buses_19.out_demux_mul_0', Hierarchy 'cn_core', File '/home/victor/open_baseband/openasip/custom_units/LDPC/LDPC_decoder/new/project_1.srcs/sources_1/imports/new/cn_core.v', Line 1324.
WARNING: [Synth 37-93] [ASSIGN-6]Signal 'gen_min_mul_buses_19.out_demux_mul_1' was assigned but not read. 
RTL Name 'gen_min_mul_buses_19.out_demux_mul_1', Hierarchy 'cn_core', File '/home/victor/open_baseband/openasip/custom_units/LDPC/LDPC_decoder/new/project_1.srcs/sources_1/imports/new/cn_core.v', Line 1325.
WARNING: [Synth 37-93] [ASSIGN-6]Signal 'gen_min_mul_buses_19.out_demux_mul_2' was assigned but not read. 
RTL Name 'gen_min_mul_buses_19.out_demux_mul_2', Hierarchy 'cn_core', File '/home/victor/open_baseband/openasip/custom_units/LDPC/LDPC_decoder/new/project_1.srcs/sources_1/imports/new/cn_core.v', Line 1326.
WARNING: [Synth 37-126] [ASSIGN-9]Some bits in IO 'out_llr' are not set. First unset bit index is 0. 
RTL Name 'out_llr', Hierarchy 'cn_core', File 'cn_core.v', Line 57.
WARNING: [Synth 37-125] [ASSIGN-10]Some bits in IO 'sel_demux_min_30' are not read. First unread bit index is 0. 
RTL Name 'sel_demux_min_30', Hierarchy 'cn_core', File 'cn_core.v', Line 77.
WARNING: [Synth 37-125] [ASSIGN-10]Some bits in IO 'sel_demux_min_31' are not read. First unread bit index is 0. 
RTL Name 'sel_demux_min_31', Hierarchy 'cn_core', File 'cn_core.v', Line 78.
WARNING: [Synth 37-125] [ASSIGN-10]Some bits in IO 'sel_demux_mul_30' are not read. First unread bit index is 0. 
RTL Name 'sel_demux_mul_30', Hierarchy 'cn_core', File 'cn_core.v', Line 80.
WARNING: [Synth 37-125] [ASSIGN-10]Some bits in IO 'sel_demux_mul_31' are not read. First unread bit index is 0. 
RTL Name 'sel_demux_mul_31', Hierarchy 'cn_core', File 'cn_core.v', Line 81.
INFO: [Synth 37-85] Total of 12 linter message(s) generated.
INFO: [Synth 37-45] Linter Run Finished!
Synthesis Optimization Runtime : Time (s): cpu = 00:00:05 ; elapsed = 00:00:04 . Memory (MB): peak = 13779.473 ; gain = 221.500 ; free physical = 199 ; free virtual = 11281
INFO: [Common 17-83] Releasing license: Synthesis
25 Infos, 13 Warnings, 0 Critical Warnings and 0 Errors encountered.
synth_design completed successfully
synth_design -top cn_core -part xczu7ev-ffvc1156-2-e -lint 
Command: synth_design -top cn_core -part xczu7ev-ffvc1156-2-e -lint
Starting synth_design
Attempting to get a license for feature 'Synthesis' and/or device 'xczu7ev'
INFO: [Common 17-349] Got license for feature 'Synthesis' and/or device 'xczu7ev'
INFO: [Synth 8-7079] Multithreading enabled for synth_design using a maximum of 7 processes.
---------------------------------------------------------------------------------
Starting Synthesize : Time (s): cpu = 00:00:03 ; elapsed = 00:00:03 . Memory (MB): peak = 13789.473 ; gain = 0.000 ; free physical = 253 ; free virtual = 11283
---------------------------------------------------------------------------------
Clean up Linter database...
INFO: [Synth 8-6157] synthesizing module 'cn_core' [/home/victor/open_baseband/openasip/custom_units/LDPC/LDPC_decoder/new/project_1.srcs/sources_1/imports/new/cn_core.v:48]
INFO: [Synth 8-6157] synthesizing module 'cn_proc' [/home/victor/open_baseband/openasip/custom_units/LDPC/LDPC_decoder/new/cn_proc.v:1]
	Parameter GROUP bound to: 3 - type: integer 
	Parameter WIDTH bound to: 8 - type: integer 
INFO: [Synth 8-6155] done synthesizing module 'cn_proc' (1#1) [/home/victor/open_baseband/openasip/custom_units/LDPC/LDPC_decoder/new/cn_proc.v:1]
INFO: [Synth 8-6157] synthesizing module 'cn_proc__parameterized0' [/home/victor/open_baseband/openasip/custom_units/LDPC/LDPC_decoder/new/cn_proc.v:1]
	Parameter GROUP bound to: 4 - type: integer 
	Parameter WIDTH bound to: 8 - type: integer 
INFO: [Synth 8-6155] done synthesizing module 'cn_proc__parameterized0' (1#1) [/home/victor/open_baseband/openasip/custom_units/LDPC/LDPC_decoder/new/cn_proc.v:1]
INFO: [Synth 8-6157] synthesizing module 'cn_proc__parameterized1' [/home/victor/open_baseband/openasip/custom_units/LDPC/LDPC_decoder/new/cn_proc.v:1]
	Parameter GROUP bound to: 5 - type: integer 
	Parameter WIDTH bound to: 8 - type: integer 
INFO: [Synth 8-6155] done synthesizing module 'cn_proc__parameterized1' (1#1) [/home/victor/open_baseband/openasip/custom_units/LDPC/LDPC_decoder/new/cn_proc.v:1]
INFO: [Synth 8-6157] synthesizing module 'cn_proc__parameterized2' [/home/victor/open_baseband/openasip/custom_units/LDPC/LDPC_decoder/new/cn_proc.v:1]
	Parameter GROUP bound to: 6 - type: integer 
	Parameter WIDTH bound to: 8 - type: integer 
INFO: [Synth 8-6155] done synthesizing module 'cn_proc__parameterized2' (1#1) [/home/victor/open_baseband/openasip/custom_units/LDPC/LDPC_decoder/new/cn_proc.v:1]
INFO: [Synth 8-6157] synthesizing module 'cn_proc__parameterized3' [/home/victor/open_baseband/openasip/custom_units/LDPC/LDPC_decoder/new/cn_proc.v:1]
	Parameter GROUP bound to: 7 - type: integer 
	Parameter WIDTH bound to: 8 - type: integer 
INFO: [Synth 8-6155] done synthesizing module 'cn_proc__parameterized3' (1#1) [/home/victor/open_baseband/openasip/custom_units/LDPC/LDPC_decoder/new/cn_proc.v:1]
INFO: [Synth 8-6157] synthesizing module 'cn_proc__parameterized4' [/home/victor/open_baseband/openasip/custom_units/LDPC/LDPC_decoder/new/cn_proc.v:1]
	Parameter GROUP bound to: 8 - type: integer 
	Parameter WIDTH bound to: 8 - type: integer 
INFO: [Synth 8-6155] done synthesizing module 'cn_proc__parameterized4' (1#1) [/home/victor/open_baseband/openasip/custom_units/LDPC/LDPC_decoder/new/cn_proc.v:1]
INFO: [Synth 8-6157] synthesizing module 'cn_proc__parameterized5' [/home/victor/open_baseband/openasip/custom_units/LDPC/LDPC_decoder/new/cn_proc.v:1]
	Parameter GROUP bound to: 9 - type: integer 
	Parameter WIDTH bound to: 8 - type: integer 
INFO: [Synth 8-6155] done synthesizing module 'cn_proc__parameterized5' (1#1) [/home/victor/open_baseband/openasip/custom_units/LDPC/LDPC_decoder/new/cn_proc.v:1]
INFO: [Synth 8-6157] synthesizing module 'cn_proc__parameterized6' [/home/victor/open_baseband/openasip/custom_units/LDPC/LDPC_decoder/new/cn_proc.v:1]
	Parameter GROUP bound to: 10 - type: integer 
	Parameter WIDTH bound to: 8 - type: integer 
INFO: [Synth 8-6155] done synthesizing module 'cn_proc__parameterized6' (1#1) [/home/victor/open_baseband/openasip/custom_units/LDPC/LDPC_decoder/new/cn_proc.v:1]
INFO: [Synth 8-6157] synthesizing module 'cn_proc__parameterized7' [/home/victor/open_baseband/openasip/custom_units/LDPC/LDPC_decoder/new/cn_proc.v:1]
	Parameter GROUP bound to: 19 - type: integer 
	Parameter WIDTH bound to: 8 - type: integer 
INFO: [Synth 8-6155] done synthesizing module 'cn_proc__parameterized7' (1#1) [/home/victor/open_baseband/openasip/custom_units/LDPC/LDPC_decoder/new/cn_proc.v:1]
WARNING: [Synth 8-3848] Net out_llr_r in module/entity cn_core does not have driver. [/home/victor/open_baseband/openasip/custom_units/LDPC/LDPC_decoder/new/project_1.srcs/sources_1/imports/new/cn_core.v:1915]
INFO: [Synth 8-6155] done synthesizing module 'cn_core' (2#1) [/home/victor/open_baseband/openasip/custom_units/LDPC/LDPC_decoder/new/project_1.srcs/sources_1/imports/new/cn_core.v:48]
---------------------------------------------------------------------------------
Finished Synthesize : Time (s): cpu = 00:00:05 ; elapsed = 00:00:04 . Memory (MB): peak = 13789.473 ; gain = 0.000 ; free physical = 262 ; free virtual = 11292
---------------------------------------------------------------------------------
Copyright 1986-2022 Xilinx, Inc. All Rights Reserved. Copyright 2022-2025 Advanced Micro Devices, Inc. All Rights Reserved.
---------------------------------------------------------------------------------------------------------------------------------------------
| Tool Version : Vivado v.2025.2 (lin64) Build 6299465 Fri Nov 14 12:34:56 MST 2025
| Date         : Sun May  3 15:27:38 2026
| Host         : victor-IdeaPad-Slim-3-15ARP10 running 64-bit Ubuntu 24.04.4 LTS
---------------------------------------------------------------------------------------------------------------------------------------------

RTL Linter Report

Table of Contents
-----------------
1. Summary

1. Summary
----------

+-----------+----------+--------------+----------+
| Rule ID   | Severity | # Violations | # Waived |
+-----------+----------+--------------+----------+
| ASSIGN-5  | WARNING  | 1            | 0        |
| ASSIGN-6  | WARNING  | 6            | 0        |
| ASSIGN-9  | WARNING  | 1            | 0        |
| ASSIGN-10 | WARNING  | 4            | 0        |
+-----------+----------+--------------+----------+


WARNING: [Synth 37-124] [ASSIGN-5]Some bits in 'out_llr_r' are not set. First unset bit index is 0. 
RTL Name 'out_llr_r', Hierarchy 'cn_core', File 'cn_core.v', Line 1915.
WARNING: [Synth 37-93] [ASSIGN-6]Signal 'gen_min_mul_buses_19.out_demux_min_0' was assigned but not read. 
RTL Name 'gen_min_mul_buses_19.out_demux_min_0', Hierarchy 'cn_core', File '/home/victor/open_baseband/openasip/custom_units/LDPC/LDPC_decoder/new/project_1.srcs/sources_1/imports/new/cn_core.v', Line 1321.
WARNING: [Synth 37-93] [ASSIGN-6]Signal 'gen_min_mul_buses_19.out_demux_min_1' was assigned but not read. 
RTL Name 'gen_min_mul_buses_19.out_demux_min_1', Hierarchy 'cn_core', File '/home/victor/open_baseband/openasip/custom_units/LDPC/LDPC_decoder/new/project_1.srcs/sources_1/imports/new/cn_core.v', Line 1322.
WARNING: [Synth 37-93] [ASSIGN-6]Signal 'gen_min_mul_buses_19.out_demux_min_2' was assigned but not read. 
RTL Name 'gen_min_mul_buses_19.out_demux_min_2', Hierarchy 'cn_core', File '/home/victor/open_baseband/openasip/custom_units/LDPC/LDPC_decoder/new/project_1.srcs/sources_1/imports/new/cn_core.v', Line 1323.
WARNING: [Synth 37-93] [ASSIGN-6]Signal 'gen_min_mul_buses_19.out_demux_mul_0' was assigned but not read. 
RTL Name 'gen_min_mul_buses_19.out_demux_mul_0', Hierarchy 'cn_core', File '/home/victor/open_baseband/openasip/custom_units/LDPC/LDPC_decoder/new/project_1.srcs/sources_1/imports/new/cn_core.v', Line 1324.
WARNING: [Synth 37-93] [ASSIGN-6]Signal 'gen_min_mul_buses_19.out_demux_mul_1' was assigned but not read. 
RTL Name 'gen_min_mul_buses_19.out_demux_mul_1', Hierarchy 'cn_core', File '/home/victor/open_baseband/openasip/custom_units/LDPC/LDPC_decoder/new/project_1.srcs/sources_1/imports/new/cn_core.v', Line 1325.
WARNING: [Synth 37-93] [ASSIGN-6]Signal 'gen_min_mul_buses_19.out_demux_mul_2' was assigned but not read. 
RTL Name 'gen_min_mul_buses_19.out_demux_mul_2', Hierarchy 'cn_core', File '/home/victor/open_baseband/openasip/custom_units/LDPC/LDPC_decoder/new/project_1.srcs/sources_1/imports/new/cn_core.v', Line 1326.
WARNING: [Synth 37-126] [ASSIGN-9]Some bits in IO 'out_llr' are not set. First unset bit index is 0. 
RTL Name 'out_llr', Hierarchy 'cn_core', File 'cn_core.v', Line 57.
WARNING: [Synth 37-125] [ASSIGN-10]Some bits in IO 'sel_demux_min_30' are not read. First unread bit index is 0. 
RTL Name 'sel_demux_min_30', Hierarchy 'cn_core', File 'cn_core.v', Line 77.
WARNING: [Synth 37-125] [ASSIGN-10]Some bits in IO 'sel_demux_min_31' are not read. First unread bit index is 0. 
RTL Name 'sel_demux_min_31', Hierarchy 'cn_core', File 'cn_core.v', Line 78.
WARNING: [Synth 37-125] [ASSIGN-10]Some bits in IO 'sel_demux_mul_30' are not read. First unread bit index is 0. 
RTL Name 'sel_demux_mul_30', Hierarchy 'cn_core', File 'cn_core.v', Line 80.
WARNING: [Synth 37-125] [ASSIGN-10]Some bits in IO 'sel_demux_mul_31' are not read. First unread bit index is 0. 
RTL Name 'sel_demux_mul_31', Hierarchy 'cn_core', File 'cn_core.v', Line 81.
INFO: [Synth 37-85] Total of 12 linter message(s) generated.
INFO: [Synth 37-45] Linter Run Finished!
Synthesis Optimization Runtime : Time (s): cpu = 00:00:05 ; elapsed = 00:00:04 . Memory (MB): peak = 13794.316 ; gain = 4.844 ; free physical = 250 ; free virtual = 11281
INFO: [Common 17-83] Releasing license: Synthesis
25 Infos, 13 Warnings, 0 Critical Warnings and 0 Errors encountered.
synth_design completed successfully
synth_design -top cn_core -part xczu7ev-ffvc1156-2-e -lint 
Command: synth_design -top cn_core -part xczu7ev-ffvc1156-2-e -lint
Starting synth_design
Attempting to get a license for feature 'Synthesis' and/or device 'xczu7ev'
INFO: [Common 17-349] Got license for feature 'Synthesis' and/or device 'xczu7ev'
INFO: [Synth 8-7079] Multithreading enabled for synth_design using a maximum of 7 processes.
---------------------------------------------------------------------------------
Starting Synthesize : Time (s): cpu = 00:00:03 ; elapsed = 00:00:03 . Memory (MB): peak = 13804.316 ; gain = 0.000 ; free physical = 289 ; free virtual = 11273
---------------------------------------------------------------------------------
Clean up Linter database...
INFO: [Synth 8-6157] synthesizing module 'cn_core' [/home/victor/open_baseband/openasip/custom_units/LDPC/LDPC_decoder/new/project_1.srcs/sources_1/imports/new/cn_core.v:48]
INFO: [Synth 8-6157] synthesizing module 'cn_proc' [/home/victor/open_baseband/openasip/custom_units/LDPC/LDPC_decoder/new/cn_proc.v:1]
	Parameter GROUP bound to: 3 - type: integer 
	Parameter WIDTH bound to: 8 - type: integer 
INFO: [Synth 8-6155] done synthesizing module 'cn_proc' (1#1) [/home/victor/open_baseband/openasip/custom_units/LDPC/LDPC_decoder/new/cn_proc.v:1]
INFO: [Synth 8-6157] synthesizing module 'cn_proc__parameterized0' [/home/victor/open_baseband/openasip/custom_units/LDPC/LDPC_decoder/new/cn_proc.v:1]
	Parameter GROUP bound to: 4 - type: integer 
	Parameter WIDTH bound to: 8 - type: integer 
INFO: [Synth 8-6155] done synthesizing module 'cn_proc__parameterized0' (1#1) [/home/victor/open_baseband/openasip/custom_units/LDPC/LDPC_decoder/new/cn_proc.v:1]
INFO: [Synth 8-6157] synthesizing module 'cn_proc__parameterized1' [/home/victor/open_baseband/openasip/custom_units/LDPC/LDPC_decoder/new/cn_proc.v:1]
	Parameter GROUP bound to: 5 - type: integer 
	Parameter WIDTH bound to: 8 - type: integer 
INFO: [Synth 8-6155] done synthesizing module 'cn_proc__parameterized1' (1#1) [/home/victor/open_baseband/openasip/custom_units/LDPC/LDPC_decoder/new/cn_proc.v:1]
INFO: [Synth 8-6157] synthesizing module 'cn_proc__parameterized2' [/home/victor/open_baseband/openasip/custom_units/LDPC/LDPC_decoder/new/cn_proc.v:1]
	Parameter GROUP bound to: 6 - type: integer 
	Parameter WIDTH bound to: 8 - type: integer 
INFO: [Synth 8-6155] done synthesizing module 'cn_proc__parameterized2' (1#1) [/home/victor/open_baseband/openasip/custom_units/LDPC/LDPC_decoder/new/cn_proc.v:1]
INFO: [Synth 8-6157] synthesizing module 'cn_proc__parameterized3' [/home/victor/open_baseband/openasip/custom_units/LDPC/LDPC_decoder/new/cn_proc.v:1]
	Parameter GROUP bound to: 7 - type: integer 
	Parameter WIDTH bound to: 8 - type: integer 
INFO: [Synth 8-6155] done synthesizing module 'cn_proc__parameterized3' (1#1) [/home/victor/open_baseband/openasip/custom_units/LDPC/LDPC_decoder/new/cn_proc.v:1]
INFO: [Synth 8-6157] synthesizing module 'cn_proc__parameterized4' [/home/victor/open_baseband/openasip/custom_units/LDPC/LDPC_decoder/new/cn_proc.v:1]
	Parameter GROUP bound to: 8 - type: integer 
	Parameter WIDTH bound to: 8 - type: integer 
INFO: [Synth 8-6155] done synthesizing module 'cn_proc__parameterized4' (1#1) [/home/victor/open_baseband/openasip/custom_units/LDPC/LDPC_decoder/new/cn_proc.v:1]
INFO: [Synth 8-6157] synthesizing module 'cn_proc__parameterized5' [/home/victor/open_baseband/openasip/custom_units/LDPC/LDPC_decoder/new/cn_proc.v:1]
	Parameter GROUP bound to: 9 - type: integer 
	Parameter WIDTH bound to: 8 - type: integer 
INFO: [Synth 8-6155] done synthesizing module 'cn_proc__parameterized5' (1#1) [/home/victor/open_baseband/openasip/custom_units/LDPC/LDPC_decoder/new/cn_proc.v:1]
INFO: [Synth 8-6157] synthesizing module 'cn_proc__parameterized6' [/home/victor/open_baseband/openasip/custom_units/LDPC/LDPC_decoder/new/cn_proc.v:1]
	Parameter GROUP bound to: 10 - type: integer 
	Parameter WIDTH bound to: 8 - type: integer 
INFO: [Synth 8-6155] done synthesizing module 'cn_proc__parameterized6' (1#1) [/home/victor/open_baseband/openasip/custom_units/LDPC/LDPC_decoder/new/cn_proc.v:1]
INFO: [Synth 8-6157] synthesizing module 'cn_proc__parameterized7' [/home/victor/open_baseband/openasip/custom_units/LDPC/LDPC_decoder/new/cn_proc.v:1]
	Parameter GROUP bound to: 19 - type: integer 
	Parameter WIDTH bound to: 8 - type: integer 
INFO: [Synth 8-6155] done synthesizing module 'cn_proc__parameterized7' (1#1) [/home/victor/open_baseband/openasip/custom_units/LDPC/LDPC_decoder/new/cn_proc.v:1]
WARNING: [Synth 8-3848] Net out_llr_r in module/entity cn_core does not have driver. [/home/victor/open_baseband/openasip/custom_units/LDPC/LDPC_decoder/new/project_1.srcs/sources_1/imports/new/cn_core.v:1915]
INFO: [Synth 8-6155] done synthesizing module 'cn_core' (2#1) [/home/victor/open_baseband/openasip/custom_units/LDPC/LDPC_decoder/new/project_1.srcs/sources_1/imports/new/cn_core.v:48]
---------------------------------------------------------------------------------
Finished Synthesize : Time (s): cpu = 00:00:05 ; elapsed = 00:00:04 . Memory (MB): peak = 13804.316 ; gain = 0.000 ; free physical = 298 ; free virtual = 11282
---------------------------------------------------------------------------------
Copyright 1986-2022 Xilinx, Inc. All Rights Reserved. Copyright 2022-2025 Advanced Micro Devices, Inc. All Rights Reserved.
---------------------------------------------------------------------------------------------------------------------------------------------
| Tool Version : Vivado v.2025.2 (lin64) Build 6299465 Fri Nov 14 12:34:56 MST 2025
| Date         : Sun May  3 15:27:51 2026
| Host         : victor-IdeaPad-Slim-3-15ARP10 running 64-bit Ubuntu 24.04.4 LTS
---------------------------------------------------------------------------------------------------------------------------------------------

RTL Linter Report

Table of Contents
-----------------
1. Summary

1. Summary
----------

+-----------+----------+--------------+----------+
| Rule ID   | Severity | # Violations | # Waived |
+-----------+----------+--------------+----------+
| ASSIGN-5  | WARNING  | 1            | 0        |
| ASSIGN-6  | WARNING  | 6            | 0        |
| ASSIGN-9  | WARNING  | 1            | 0        |
| ASSIGN-10 | WARNING  | 4            | 0        |
+-----------+----------+--------------+----------+


WARNING: [Synth 37-124] [ASSIGN-5]Some bits in 'out_llr_r' are not set. First unset bit index is 0. 
RTL Name 'out_llr_r', Hierarchy 'cn_core', File 'cn_core.v', Line 1915.
WARNING: [Synth 37-93] [ASSIGN-6]Signal 'gen_min_mul_buses_19.out_demux_min_0' was assigned but not read. 
RTL Name 'gen_min_mul_buses_19.out_demux_min_0', Hierarchy 'cn_core', File '/home/victor/open_baseband/openasip/custom_units/LDPC/LDPC_decoder/new/project_1.srcs/sources_1/imports/new/cn_core.v', Line 1321.
WARNING: [Synth 37-93] [ASSIGN-6]Signal 'gen_min_mul_buses_19.out_demux_min_1' was assigned but not read. 
RTL Name 'gen_min_mul_buses_19.out_demux_min_1', Hierarchy 'cn_core', File '/home/victor/open_baseband/openasip/custom_units/LDPC/LDPC_decoder/new/project_1.srcs/sources_1/imports/new/cn_core.v', Line 1322.
WARNING: [Synth 37-93] [ASSIGN-6]Signal 'gen_min_mul_buses_19.out_demux_min_2' was assigned but not read. 
RTL Name 'gen_min_mul_buses_19.out_demux_min_2', Hierarchy 'cn_core', File '/home/victor/open_baseband/openasip/custom_units/LDPC/LDPC_decoder/new/project_1.srcs/sources_1/imports/new/cn_core.v', Line 1323.
WARNING: [Synth 37-93] [ASSIGN-6]Signal 'gen_min_mul_buses_19.out_demux_mul_0' was assigned but not read. 
RTL Name 'gen_min_mul_buses_19.out_demux_mul_0', Hierarchy 'cn_core', File '/home/victor/open_baseband/openasip/custom_units/LDPC/LDPC_decoder/new/project_1.srcs/sources_1/imports/new/cn_core.v', Line 1324.
WARNING: [Synth 37-93] [ASSIGN-6]Signal 'gen_min_mul_buses_19.out_demux_mul_1' was assigned but not read. 
RTL Name 'gen_min_mul_buses_19.out_demux_mul_1', Hierarchy 'cn_core', File '/home/victor/open_baseband/openasip/custom_units/LDPC/LDPC_decoder/new/project_1.srcs/sources_1/imports/new/cn_core.v', Line 1325.
WARNING: [Synth 37-93] [ASSIGN-6]Signal 'gen_min_mul_buses_19.out_demux_mul_2' was assigned but not read. 
RTL Name 'gen_min_mul_buses_19.out_demux_mul_2', Hierarchy 'cn_core', File '/home/victor/open_baseband/openasip/custom_units/LDPC/LDPC_decoder/new/project_1.srcs/sources_1/imports/new/cn_core.v', Line 1326.
WARNING: [Synth 37-126] [ASSIGN-9]Some bits in IO 'out_llr' are not set. First unset bit index is 0. 
RTL Name 'out_llr', Hierarchy 'cn_core', File 'cn_core.v', Line 57.
WARNING: [Synth 37-125] [ASSIGN-10]Some bits in IO 'sel_demux_min_30' are not read. First unread bit index is 0. 
RTL Name 'sel_demux_min_30', Hierarchy 'cn_core', File 'cn_core.v', Line 77.
WARNING: [Synth 37-125] [ASSIGN-10]Some bits in IO 'sel_demux_min_31' are not read. First unread bit index is 0. 
RTL Name 'sel_demux_min_31', Hierarchy 'cn_core', File 'cn_core.v', Line 78.
WARNING: [Synth 37-125] [ASSIGN-10]Some bits in IO 'sel_demux_mul_30' are not read. First unread bit index is 0. 
RTL Name 'sel_demux_mul_30', Hierarchy 'cn_core', File 'cn_core.v', Line 80.
WARNING: [Synth 37-125] [ASSIGN-10]Some bits in IO 'sel_demux_mul_31' are not read. First unread bit index is 0. 
RTL Name 'sel_demux_mul_31', Hierarchy 'cn_core', File 'cn_core.v', Line 81.
INFO: [Synth 37-85] Total of 12 linter message(s) generated.
INFO: [Synth 37-45] Linter Run Finished!
Synthesis Optimization Runtime : Time (s): cpu = 00:00:05 ; elapsed = 00:00:04 . Memory (MB): peak = 13804.316 ; gain = 0.000 ; free physical = 298 ; free virtual = 11282
INFO: [Common 17-83] Releasing license: Synthesis
25 Infos, 13 Warnings, 0 Critical Warnings and 0 Errors encountered.
synth_design completed successfully
WARNING: [filemgmt 56-199] Attempt to get parsing info during refresh. "On-the-fly" syntax checking information may be incorrect. [/home/victor/open_baseband/openasip/custom_units/LDPC/LDPC_decoder/new/project_1.srcs/sources_1/imports/new/cn_core.v:]
WARNING: [filemgmt 56-199] Attempt to get parsing info during refresh. "On-the-fly" syntax checking information may be incorrect. [/home/victor/open_baseband/openasip/custom_units/LDPC/LDPC_decoder/new/project_1.srcs/sources_1/imports/new/defines.vh:]
WARNING: [filemgmt 56-199] Attempt to get parsing info during refresh. "On-the-fly" syntax checking information may be incorrect. [/home/victor/open_baseband/openasip/custom_units/LDPC/LDPC_decoder/new/project_1.srcs/sources_1/imports/new/cn_core.v:]
WARNING: [filemgmt 56-199] Attempt to get parsing info during refresh. "On-the-fly" syntax checking information may be incorrect. [/home/victor/open_baseband/openasip/custom_units/LDPC/LDPC_decoder/new/project_1.srcs/sources_1/imports/new/cn_core.v:]
update_files -from_files /home/victor/open_baseband/openasip/custom_units/LDPC/LDPC_decoder/new/cn_core.v -to_files /home/victor/open_baseband/openasip/custom_units/LDPC/LDPC_decoder/new/project_1.srcs/sources_1/imports/new/cn_core.v -filesets [get_filesets *]
INFO: [filemgmt 20-762] Replacing file '/home/victor/open_baseband/openasip/custom_units/LDPC/LDPC_decoder/new/project_1.srcs/sources_1/imports/new/cn_core.v' with file '/home/victor/open_baseband/openasip/custom_units/LDPC/LDPC_decoder/new/cn_core.v'.
INFO: [filemgmt 20-1080] Importing file from '/home/victor/open_baseband/openasip/custom_units/LDPC/LDPC_decoder/new/cn_core.v' to '/home/victor/open_baseband/openasip/custom_units/LDPC/LDPC_decoder/new/project_1.srcs/sources_1/imports/new/cn_core.v'.
WARNING: [filemgmt 56-199] Attempt to get parsing info during refresh. "On-the-fly" syntax checking information may be incorrect. [/home/victor/open_baseband/openasip/custom_units/LDPC/LDPC_decoder/new/project_1.srcs/sources_1/imports/new/cn_core.v:]
WARNING: [filemgmt 56-199] Attempt to get parsing info during refresh. "On-the-fly" syntax checking information may be incorrect. [/home/victor/open_baseband/openasip/custom_units/LDPC/LDPC_decoder/new/project_1.srcs/sources_1/imports/new/defines.vh:]
WARNING: [filemgmt 56-199] Attempt to get parsing info during refresh. "On-the-fly" syntax checking information may be incorrect. [/home/victor/open_baseband/openasip/custom_units/LDPC/LDPC_decoder/new/project_1.srcs/sources_1/imports/new/cn_core.v:]
WARNING: [filemgmt 56-199] Attempt to get parsing info during refresh. "On-the-fly" syntax checking information may be incorrect. [/home/victor/open_baseband/openasip/custom_units/LDPC/LDPC_decoder/new/project_1.srcs/sources_1/imports/new/cn_core.v:]
synth_design -top cn_core -part xczu7ev-ffvc1156-2-e -lint 
Command: synth_design -top cn_core -part xczu7ev-ffvc1156-2-e -lint
Starting synth_design
Attempting to get a license for feature 'Synthesis' and/or device 'xczu7ev'
INFO: [Common 17-349] Got license for feature 'Synthesis' and/or device 'xczu7ev'
INFO: [Synth 8-7079] Multithreading enabled for synth_design using a maximum of 7 processes.
---------------------------------------------------------------------------------
Starting Synthesize : Time (s): cpu = 00:00:03 ; elapsed = 00:00:03 . Memory (MB): peak = 13835.316 ; gain = 0.000 ; free physical = 274 ; free virtual = 11270
---------------------------------------------------------------------------------
Clean up Linter database...
INFO: [Synth 8-6157] synthesizing module 'cn_core' [/home/victor/open_baseband/openasip/custom_units/LDPC/LDPC_decoder/new/project_1.srcs/sources_1/imports/new/cn_core.v:48]
INFO: [Synth 8-6157] synthesizing module 'cn_proc' [/home/victor/open_baseband/openasip/custom_units/LDPC/LDPC_decoder/new/cn_proc.v:1]
	Parameter GROUP bound to: 3 - type: integer 
	Parameter WIDTH bound to: 8 - type: integer 
INFO: [Synth 8-6155] done synthesizing module 'cn_proc' (1#1) [/home/victor/open_baseband/openasip/custom_units/LDPC/LDPC_decoder/new/cn_proc.v:1]
INFO: [Synth 8-6157] synthesizing module 'cn_proc__parameterized0' [/home/victor/open_baseband/openasip/custom_units/LDPC/LDPC_decoder/new/cn_proc.v:1]
	Parameter GROUP bound to: 4 - type: integer 
	Parameter WIDTH bound to: 8 - type: integer 
INFO: [Synth 8-6155] done synthesizing module 'cn_proc__parameterized0' (1#1) [/home/victor/open_baseband/openasip/custom_units/LDPC/LDPC_decoder/new/cn_proc.v:1]
INFO: [Synth 8-6157] synthesizing module 'cn_proc__parameterized1' [/home/victor/open_baseband/openasip/custom_units/LDPC/LDPC_decoder/new/cn_proc.v:1]
	Parameter GROUP bound to: 5 - type: integer 
	Parameter WIDTH bound to: 8 - type: integer 
INFO: [Synth 8-6155] done synthesizing module 'cn_proc__parameterized1' (1#1) [/home/victor/open_baseband/openasip/custom_units/LDPC/LDPC_decoder/new/cn_proc.v:1]
INFO: [Synth 8-6157] synthesizing module 'cn_proc__parameterized2' [/home/victor/open_baseband/openasip/custom_units/LDPC/LDPC_decoder/new/cn_proc.v:1]
	Parameter GROUP bound to: 6 - type: integer 
	Parameter WIDTH bound to: 8 - type: integer 
INFO: [Synth 8-6155] done synthesizing module 'cn_proc__parameterized2' (1#1) [/home/victor/open_baseband/openasip/custom_units/LDPC/LDPC_decoder/new/cn_proc.v:1]
INFO: [Synth 8-6157] synthesizing module 'cn_proc__parameterized3' [/home/victor/open_baseband/openasip/custom_units/LDPC/LDPC_decoder/new/cn_proc.v:1]
	Parameter GROUP bound to: 7 - type: integer 
	Parameter WIDTH bound to: 8 - type: integer 
INFO: [Synth 8-6155] done synthesizing module 'cn_proc__parameterized3' (1#1) [/home/victor/open_baseband/openasip/custom_units/LDPC/LDPC_decoder/new/cn_proc.v:1]
INFO: [Synth 8-6157] synthesizing module 'cn_proc__parameterized4' [/home/victor/open_baseband/openasip/custom_units/LDPC/LDPC_decoder/new/cn_proc.v:1]
	Parameter GROUP bound to: 8 - type: integer 
	Parameter WIDTH bound to: 8 - type: integer 
INFO: [Synth 8-6155] done synthesizing module 'cn_proc__parameterized4' (1#1) [/home/victor/open_baseband/openasip/custom_units/LDPC/LDPC_decoder/new/cn_proc.v:1]
INFO: [Synth 8-6157] synthesizing module 'cn_proc__parameterized5' [/home/victor/open_baseband/openasip/custom_units/LDPC/LDPC_decoder/new/cn_proc.v:1]
	Parameter GROUP bound to: 9 - type: integer 
	Parameter WIDTH bound to: 8 - type: integer 
INFO: [Synth 8-6155] done synthesizing module 'cn_proc__parameterized5' (1#1) [/home/victor/open_baseband/openasip/custom_units/LDPC/LDPC_decoder/new/cn_proc.v:1]
INFO: [Synth 8-6157] synthesizing module 'cn_proc__parameterized6' [/home/victor/open_baseband/openasip/custom_units/LDPC/LDPC_decoder/new/cn_proc.v:1]
	Parameter GROUP bound to: 10 - type: integer 
	Parameter WIDTH bound to: 8 - type: integer 
INFO: [Synth 8-6155] done synthesizing module 'cn_proc__parameterized6' (1#1) [/home/victor/open_baseband/openasip/custom_units/LDPC/LDPC_decoder/new/cn_proc.v:1]
INFO: [Synth 8-6157] synthesizing module 'cn_proc__parameterized7' [/home/victor/open_baseband/openasip/custom_units/LDPC/LDPC_decoder/new/cn_proc.v:1]
	Parameter GROUP bound to: 19 - type: integer 
	Parameter WIDTH bound to: 8 - type: integer 
INFO: [Synth 8-6155] done synthesizing module 'cn_proc__parameterized7' (1#1) [/home/victor/open_baseband/openasip/custom_units/LDPC/LDPC_decoder/new/cn_proc.v:1]
INFO: [Synth 8-6155] done synthesizing module 'cn_core' (2#1) [/home/victor/open_baseband/openasip/custom_units/LDPC/LDPC_decoder/new/project_1.srcs/sources_1/imports/new/cn_core.v:48]
---------------------------------------------------------------------------------
Finished Synthesize : Time (s): cpu = 00:00:05 ; elapsed = 00:00:04 . Memory (MB): peak = 13835.316 ; gain = 0.000 ; free physical = 275 ; free virtual = 11271
---------------------------------------------------------------------------------
Copyright 1986-2022 Xilinx, Inc. All Rights Reserved. Copyright 2022-2025 Advanced Micro Devices, Inc. All Rights Reserved.
---------------------------------------------------------------------------------------------------------------------------------------------
| Tool Version : Vivado v.2025.2 (lin64) Build 6299465 Fri Nov 14 12:34:56 MST 2025
| Date         : Sun May  3 15:31:41 2026
| Host         : victor-IdeaPad-Slim-3-15ARP10 running 64-bit Ubuntu 24.04.4 LTS
---------------------------------------------------------------------------------------------------------------------------------------------

RTL Linter Report

Table of Contents
-----------------
1. Summary

1. Summary
----------

+-----------+----------+--------------+----------+
| Rule ID   | Severity | # Violations | # Waived |
+-----------+----------+--------------+----------+
| ASSIGN-5  | WARNING  | 1            | 0        |
| ASSIGN-6  | WARNING  | 6            | 0        |
| ASSIGN-9  | WARNING  | 1            | 0        |
| ASSIGN-10 | WARNING  | 4            | 0        |
+-----------+----------+--------------+----------+


WARNING: [Synth 37-124] [ASSIGN-5]Some bits in 'out_llr_r' are not set. First unset bit index is 0. 
RTL Name 'out_llr_r', Hierarchy 'cn_core', File 'cn_core.v', Line 2272.
WARNING: [Synth 37-93] [ASSIGN-6]Signal 'gen_min_mul_buses_19.out_demux_min_0' was assigned but not read. 
RTL Name 'gen_min_mul_buses_19.out_demux_min_0', Hierarchy 'cn_core', File '/home/victor/open_baseband/openasip/custom_units/LDPC/LDPC_decoder/new/project_1.srcs/sources_1/imports/new/cn_core.v', Line 1321.
WARNING: [Synth 37-93] [ASSIGN-6]Signal 'gen_min_mul_buses_19.out_demux_min_1' was assigned but not read. 
RTL Name 'gen_min_mul_buses_19.out_demux_min_1', Hierarchy 'cn_core', File '/home/victor/open_baseband/openasip/custom_units/LDPC/LDPC_decoder/new/project_1.srcs/sources_1/imports/new/cn_core.v', Line 1322.
WARNING: [Synth 37-93] [ASSIGN-6]Signal 'gen_min_mul_buses_19.out_demux_min_2' was assigned but not read. 
RTL Name 'gen_min_mul_buses_19.out_demux_min_2', Hierarchy 'cn_core', File '/home/victor/open_baseband/openasip/custom_units/LDPC/LDPC_decoder/new/project_1.srcs/sources_1/imports/new/cn_core.v', Line 1323.
WARNING: [Synth 37-93] [ASSIGN-6]Signal 'gen_min_mul_buses_19.out_demux_mul_0' was assigned but not read. 
RTL Name 'gen_min_mul_buses_19.out_demux_mul_0', Hierarchy 'cn_core', File '/home/victor/open_baseband/openasip/custom_units/LDPC/LDPC_decoder/new/project_1.srcs/sources_1/imports/new/cn_core.v', Line 1324.
WARNING: [Synth 37-93] [ASSIGN-6]Signal 'gen_min_mul_buses_19.out_demux_mul_1' was assigned but not read. 
RTL Name 'gen_min_mul_buses_19.out_demux_mul_1', Hierarchy 'cn_core', File '/home/victor/open_baseband/openasip/custom_units/LDPC/LDPC_decoder/new/project_1.srcs/sources_1/imports/new/cn_core.v', Line 1325.
WARNING: [Synth 37-93] [ASSIGN-6]Signal 'gen_min_mul_buses_19.out_demux_mul_2' was assigned but not read. 
RTL Name 'gen_min_mul_buses_19.out_demux_mul_2', Hierarchy 'cn_core', File '/home/victor/open_baseband/openasip/custom_units/LDPC/LDPC_decoder/new/project_1.srcs/sources_1/imports/new/cn_core.v', Line 1326.
WARNING: [Synth 37-126] [ASSIGN-9]Some bits in IO 'out_llr' are not set. First unset bit index is 0. 
RTL Name 'out_llr', Hierarchy 'cn_core', File 'cn_core.v', Line 57.
WARNING: [Synth 37-125] [ASSIGN-10]Some bits in IO 'sel_demux_min_30' are not read. First unread bit index is 0. 
RTL Name 'sel_demux_min_30', Hierarchy 'cn_core', File 'cn_core.v', Line 77.
WARNING: [Synth 37-125] [ASSIGN-10]Some bits in IO 'sel_demux_min_31' are not read. First unread bit index is 0. 
RTL Name 'sel_demux_min_31', Hierarchy 'cn_core', File 'cn_core.v', Line 78.
WARNING: [Synth 37-125] [ASSIGN-10]Some bits in IO 'sel_demux_mul_30' are not read. First unread bit index is 0. 
RTL Name 'sel_demux_mul_30', Hierarchy 'cn_core', File 'cn_core.v', Line 80.
WARNING: [Synth 37-125] [ASSIGN-10]Some bits in IO 'sel_demux_mul_31' are not read. First unread bit index is 0. 
RTL Name 'sel_demux_mul_31', Hierarchy 'cn_core', File 'cn_core.v', Line 81.
INFO: [Synth 37-85] Total of 12 linter message(s) generated.
INFO: [Synth 37-45] Linter Run Finished!
Synthesis Optimization Runtime : Time (s): cpu = 00:00:05 ; elapsed = 00:00:04 . Memory (MB): peak = 13835.316 ; gain = 0.000 ; free physical = 232 ; free virtual = 11229
INFO: [Common 17-83] Releasing license: Synthesis
25 Infos, 12 Warnings, 0 Critical Warnings and 0 Errors encountered.
synth_design completed successfully
synth_design -top cn_core -part xczu7ev-ffvc1156-2-e -lint 
Command: synth_design -top cn_core -part xczu7ev-ffvc1156-2-e -lint
Starting synth_design
Attempting to get a license for feature 'Synthesis' and/or device 'xczu7ev'
INFO: [Common 17-349] Got license for feature 'Synthesis' and/or device 'xczu7ev'
INFO: [Synth 8-7079] Multithreading enabled for synth_design using a maximum of 7 processes.
---------------------------------------------------------------------------------
Starting Synthesize : Time (s): cpu = 00:00:04 ; elapsed = 00:00:03 . Memory (MB): peak = 13847.285 ; gain = 0.000 ; free physical = 256 ; free virtual = 11233
---------------------------------------------------------------------------------
Clean up Linter database...
INFO: [Synth 8-6157] synthesizing module 'cn_core' [/home/victor/open_baseband/openasip/custom_units/LDPC/LDPC_decoder/new/project_1.srcs/sources_1/imports/new/cn_core.v:48]
INFO: [Synth 8-6157] synthesizing module 'cn_proc' [/home/victor/open_baseband/openasip/custom_units/LDPC/LDPC_decoder/new/cn_proc.v:1]
	Parameter GROUP bound to: 3 - type: integer 
	Parameter WIDTH bound to: 8 - type: integer 
INFO: [Synth 8-6155] done synthesizing module 'cn_proc' (1#1) [/home/victor/open_baseband/openasip/custom_units/LDPC/LDPC_decoder/new/cn_proc.v:1]
INFO: [Synth 8-6157] synthesizing module 'cn_proc__parameterized0' [/home/victor/open_baseband/openasip/custom_units/LDPC/LDPC_decoder/new/cn_proc.v:1]
	Parameter GROUP bound to: 4 - type: integer 
	Parameter WIDTH bound to: 8 - type: integer 
INFO: [Synth 8-6155] done synthesizing module 'cn_proc__parameterized0' (1#1) [/home/victor/open_baseband/openasip/custom_units/LDPC/LDPC_decoder/new/cn_proc.v:1]
INFO: [Synth 8-6157] synthesizing module 'cn_proc__parameterized1' [/home/victor/open_baseband/openasip/custom_units/LDPC/LDPC_decoder/new/cn_proc.v:1]
	Parameter GROUP bound to: 5 - type: integer 
	Parameter WIDTH bound to: 8 - type: integer 
INFO: [Synth 8-6155] done synthesizing module 'cn_proc__parameterized1' (1#1) [/home/victor/open_baseband/openasip/custom_units/LDPC/LDPC_decoder/new/cn_proc.v:1]
INFO: [Synth 8-6157] synthesizing module 'cn_proc__parameterized2' [/home/victor/open_baseband/openasip/custom_units/LDPC/LDPC_decoder/new/cn_proc.v:1]
	Parameter GROUP bound to: 6 - type: integer 
	Parameter WIDTH bound to: 8 - type: integer 
INFO: [Synth 8-6155] done synthesizing module 'cn_proc__parameterized2' (1#1) [/home/victor/open_baseband/openasip/custom_units/LDPC/LDPC_decoder/new/cn_proc.v:1]
INFO: [Synth 8-6157] synthesizing module 'cn_proc__parameterized3' [/home/victor/open_baseband/openasip/custom_units/LDPC/LDPC_decoder/new/cn_proc.v:1]
	Parameter GROUP bound to: 7 - type: integer 
	Parameter WIDTH bound to: 8 - type: integer 
INFO: [Synth 8-6155] done synthesizing module 'cn_proc__parameterized3' (1#1) [/home/victor/open_baseband/openasip/custom_units/LDPC/LDPC_decoder/new/cn_proc.v:1]
INFO: [Synth 8-6157] synthesizing module 'cn_proc__parameterized4' [/home/victor/open_baseband/openasip/custom_units/LDPC/LDPC_decoder/new/cn_proc.v:1]
	Parameter GROUP bound to: 8 - type: integer 
	Parameter WIDTH bound to: 8 - type: integer 
INFO: [Synth 8-6155] done synthesizing module 'cn_proc__parameterized4' (1#1) [/home/victor/open_baseband/openasip/custom_units/LDPC/LDPC_decoder/new/cn_proc.v:1]
INFO: [Synth 8-6157] synthesizing module 'cn_proc__parameterized5' [/home/victor/open_baseband/openasip/custom_units/LDPC/LDPC_decoder/new/cn_proc.v:1]
	Parameter GROUP bound to: 9 - type: integer 
	Parameter WIDTH bound to: 8 - type: integer 
INFO: [Synth 8-6155] done synthesizing module 'cn_proc__parameterized5' (1#1) [/home/victor/open_baseband/openasip/custom_units/LDPC/LDPC_decoder/new/cn_proc.v:1]
INFO: [Synth 8-6157] synthesizing module 'cn_proc__parameterized6' [/home/victor/open_baseband/openasip/custom_units/LDPC/LDPC_decoder/new/cn_proc.v:1]
	Parameter GROUP bound to: 10 - type: integer 
	Parameter WIDTH bound to: 8 - type: integer 
INFO: [Synth 8-6155] done synthesizing module 'cn_proc__parameterized6' (1#1) [/home/victor/open_baseband/openasip/custom_units/LDPC/LDPC_decoder/new/cn_proc.v:1]
INFO: [Synth 8-6157] synthesizing module 'cn_proc__parameterized7' [/home/victor/open_baseband/openasip/custom_units/LDPC/LDPC_decoder/new/cn_proc.v:1]
	Parameter GROUP bound to: 19 - type: integer 
	Parameter WIDTH bound to: 8 - type: integer 
INFO: [Synth 8-6155] done synthesizing module 'cn_proc__parameterized7' (1#1) [/home/victor/open_baseband/openasip/custom_units/LDPC/LDPC_decoder/new/cn_proc.v:1]
INFO: [Synth 8-6155] done synthesizing module 'cn_core' (2#1) [/home/victor/open_baseband/openasip/custom_units/LDPC/LDPC_decoder/new/project_1.srcs/sources_1/imports/new/cn_core.v:48]
---------------------------------------------------------------------------------
Finished Synthesize : Time (s): cpu = 00:00:05 ; elapsed = 00:00:04 . Memory (MB): peak = 13847.285 ; gain = 0.000 ; free physical = 252 ; free virtual = 11229
---------------------------------------------------------------------------------
Copyright 1986-2022 Xilinx, Inc. All Rights Reserved. Copyright 2022-2025 Advanced Micro Devices, Inc. All Rights Reserved.
---------------------------------------------------------------------------------------------------------------------------------------------
| Tool Version : Vivado v.2025.2 (lin64) Build 6299465 Fri Nov 14 12:34:56 MST 2025
| Date         : Sun May  3 15:33:10 2026
| Host         : victor-IdeaPad-Slim-3-15ARP10 running 64-bit Ubuntu 24.04.4 LTS
---------------------------------------------------------------------------------------------------------------------------------------------

RTL Linter Report

Table of Contents
-----------------
1. Summary

1. Summary
----------

+-----------+----------+--------------+----------+
| Rule ID   | Severity | # Violations | # Waived |
+-----------+----------+--------------+----------+
| ASSIGN-5  | WARNING  | 1            | 0        |
| ASSIGN-6  | WARNING  | 6            | 0        |
| ASSIGN-9  | WARNING  | 1            | 0        |
| ASSIGN-10 | WARNING  | 4            | 0        |
+-----------+----------+--------------+----------+


WARNING: [Synth 37-124] [ASSIGN-5]Some bits in 'out_llr_r' are not set. First unset bit index is 0. 
RTL Name 'out_llr_r', Hierarchy 'cn_core', File 'cn_core.v', Line 2272.
WARNING: [Synth 37-93] [ASSIGN-6]Signal 'gen_min_mul_buses_19.out_demux_min_0' was assigned but not read. 
RTL Name 'gen_min_mul_buses_19.out_demux_min_0', Hierarchy 'cn_core', File '/home/victor/open_baseband/openasip/custom_units/LDPC/LDPC_decoder/new/project_1.srcs/sources_1/imports/new/cn_core.v', Line 1321.
WARNING: [Synth 37-93] [ASSIGN-6]Signal 'gen_min_mul_buses_19.out_demux_min_1' was assigned but not read. 
RTL Name 'gen_min_mul_buses_19.out_demux_min_1', Hierarchy 'cn_core', File '/home/victor/open_baseband/openasip/custom_units/LDPC/LDPC_decoder/new/project_1.srcs/sources_1/imports/new/cn_core.v', Line 1322.
WARNING: [Synth 37-93] [ASSIGN-6]Signal 'gen_min_mul_buses_19.out_demux_min_2' was assigned but not read. 
RTL Name 'gen_min_mul_buses_19.out_demux_min_2', Hierarchy 'cn_core', File '/home/victor/open_baseband/openasip/custom_units/LDPC/LDPC_decoder/new/project_1.srcs/sources_1/imports/new/cn_core.v', Line 1323.
WARNING: [Synth 37-93] [ASSIGN-6]Signal 'gen_min_mul_buses_19.out_demux_mul_0' was assigned but not read. 
RTL Name 'gen_min_mul_buses_19.out_demux_mul_0', Hierarchy 'cn_core', File '/home/victor/open_baseband/openasip/custom_units/LDPC/LDPC_decoder/new/project_1.srcs/sources_1/imports/new/cn_core.v', Line 1324.
WARNING: [Synth 37-93] [ASSIGN-6]Signal 'gen_min_mul_buses_19.out_demux_mul_1' was assigned but not read. 
RTL Name 'gen_min_mul_buses_19.out_demux_mul_1', Hierarchy 'cn_core', File '/home/victor/open_baseband/openasip/custom_units/LDPC/LDPC_decoder/new/project_1.srcs/sources_1/imports/new/cn_core.v', Line 1325.
WARNING: [Synth 37-93] [ASSIGN-6]Signal 'gen_min_mul_buses_19.out_demux_mul_2' was assigned but not read. 
RTL Name 'gen_min_mul_buses_19.out_demux_mul_2', Hierarchy 'cn_core', File '/home/victor/open_baseband/openasip/custom_units/LDPC/LDPC_decoder/new/project_1.srcs/sources_1/imports/new/cn_core.v', Line 1326.
WARNING: [Synth 37-126] [ASSIGN-9]Some bits in IO 'out_llr' are not set. First unset bit index is 0. 
RTL Name 'out_llr', Hierarchy 'cn_core', File 'cn_core.v', Line 57.
WARNING: [Synth 37-125] [ASSIGN-10]Some bits in IO 'sel_demux_min_30' are not read. First unread bit index is 0. 
RTL Name 'sel_demux_min_30', Hierarchy 'cn_core', File 'cn_core.v', Line 77.
WARNING: [Synth 37-125] [ASSIGN-10]Some bits in IO 'sel_demux_min_31' are not read. First unread bit index is 0. 
RTL Name 'sel_demux_min_31', Hierarchy 'cn_core', File 'cn_core.v', Line 78.
WARNING: [Synth 37-125] [ASSIGN-10]Some bits in IO 'sel_demux_mul_30' are not read. First unread bit index is 0. 
RTL Name 'sel_demux_mul_30', Hierarchy 'cn_core', File 'cn_core.v', Line 80.
WARNING: [Synth 37-125] [ASSIGN-10]Some bits in IO 'sel_demux_mul_31' are not read. First unread bit index is 0. 
RTL Name 'sel_demux_mul_31', Hierarchy 'cn_core', File 'cn_core.v', Line 81.
INFO: [Synth 37-85] Total of 12 linter message(s) generated.
INFO: [Synth 37-45] Linter Run Finished!
Synthesis Optimization Runtime : Time (s): cpu = 00:00:05 ; elapsed = 00:00:04 . Memory (MB): peak = 13847.285 ; gain = 0.000 ; free physical = 236 ; free virtual = 11213
INFO: [Common 17-83] Releasing license: Synthesis
25 Infos, 12 Warnings, 0 Critical Warnings and 0 Errors encountered.
synth_design completed successfully
WARNING: [filemgmt 56-199] Attempt to get parsing info during refresh. "On-the-fly" syntax checking information may be incorrect. [/home/victor/open_baseband/openasip/custom_units/LDPC/LDPC_decoder/new/project_1.srcs/sources_1/imports/new/cn_core.v:]
WARNING: [filemgmt 56-199] Attempt to get parsing info during refresh. "On-the-fly" syntax checking information may be incorrect. [/home/victor/open_baseband/openasip/custom_units/LDPC/LDPC_decoder/new/project_1.srcs/sources_1/imports/new/defines.vh:]
WARNING: [filemgmt 56-199] Attempt to get parsing info during refresh. "On-the-fly" syntax checking information may be incorrect. [/home/victor/open_baseband/openasip/custom_units/LDPC/LDPC_decoder/new/project_1.srcs/sources_1/imports/new/cn_core.v:]
WARNING: [filemgmt 56-199] Attempt to get parsing info during refresh. "On-the-fly" syntax checking information may be incorrect. [/home/victor/open_baseband/openasip/custom_units/LDPC/LDPC_decoder/new/project_1.srcs/sources_1/imports/new/cn_core.v:]
update_files -from_files /home/victor/open_baseband/openasip/custom_units/LDPC/LDPC_decoder/new/cn_core.v -to_files /home/victor/open_baseband/openasip/custom_units/LDPC/LDPC_decoder/new/project_1.srcs/sources_1/imports/new/cn_core.v -filesets [get_filesets *]
INFO: [filemgmt 20-762] Replacing file '/home/victor/open_baseband/openasip/custom_units/LDPC/LDPC_decoder/new/project_1.srcs/sources_1/imports/new/cn_core.v' with file '/home/victor/open_baseband/openasip/custom_units/LDPC/LDPC_decoder/new/cn_core.v'.
INFO: [filemgmt 20-1080] Importing file from '/home/victor/open_baseband/openasip/custom_units/LDPC/LDPC_decoder/new/cn_core.v' to '/home/victor/open_baseband/openasip/custom_units/LDPC/LDPC_decoder/new/project_1.srcs/sources_1/imports/new/cn_core.v'.
WARNING: [filemgmt 56-199] Attempt to get parsing info during refresh. "On-the-fly" syntax checking information may be incorrect. [/home/victor/open_baseband/openasip/custom_units/LDPC/LDPC_decoder/new/project_1.srcs/sources_1/imports/new/cn_core.v:]
WARNING: [filemgmt 56-199] Attempt to get parsing info during refresh. "On-the-fly" syntax checking information may be incorrect. [/home/victor/open_baseband/openasip/custom_units/LDPC/LDPC_decoder/new/project_1.srcs/sources_1/imports/new/defines.vh:]
WARNING: [filemgmt 56-199] Attempt to get parsing info during refresh. "On-the-fly" syntax checking information may be incorrect. [/home/victor/open_baseband/openasip/custom_units/LDPC/LDPC_decoder/new/project_1.srcs/sources_1/imports/new/cn_core.v:]
WARNING: [filemgmt 56-199] Attempt to get parsing info during refresh. "On-the-fly" syntax checking information may be incorrect. [/home/victor/open_baseband/openasip/custom_units/LDPC/LDPC_decoder/new/project_1.srcs/sources_1/imports/new/cn_core.v:]
synth_design -top cn_core -part xczu7ev-ffvc1156-2-e -lint 
Command: synth_design -top cn_core -part xczu7ev-ffvc1156-2-e -lint
Starting synth_design
Attempting to get a license for feature 'Synthesis' and/or device 'xczu7ev'
INFO: [Common 17-349] Got license for feature 'Synthesis' and/or device 'xczu7ev'
INFO: [Synth 8-7079] Multithreading enabled for synth_design using a maximum of 7 processes.
---------------------------------------------------------------------------------
Starting Synthesize : Time (s): cpu = 00:00:03 ; elapsed = 00:00:03 . Memory (MB): peak = 13857.285 ; gain = 0.000 ; free physical = 247 ; free virtual = 11170
---------------------------------------------------------------------------------
Clean up Linter database...
INFO: [Synth 8-6157] synthesizing module 'cn_core' [/home/victor/open_baseband/openasip/custom_units/LDPC/LDPC_decoder/new/project_1.srcs/sources_1/imports/new/cn_core.v:48]
INFO: [Synth 8-6157] synthesizing module 'cn_proc' [/home/victor/open_baseband/openasip/custom_units/LDPC/LDPC_decoder/new/cn_proc.v:1]
	Parameter GROUP bound to: 3 - type: integer 
	Parameter WIDTH bound to: 8 - type: integer 
INFO: [Synth 8-6155] done synthesizing module 'cn_proc' (1#1) [/home/victor/open_baseband/openasip/custom_units/LDPC/LDPC_decoder/new/cn_proc.v:1]
INFO: [Synth 8-6157] synthesizing module 'cn_proc__parameterized0' [/home/victor/open_baseband/openasip/custom_units/LDPC/LDPC_decoder/new/cn_proc.v:1]
	Parameter GROUP bound to: 4 - type: integer 
	Parameter WIDTH bound to: 8 - type: integer 
INFO: [Synth 8-6155] done synthesizing module 'cn_proc__parameterized0' (1#1) [/home/victor/open_baseband/openasip/custom_units/LDPC/LDPC_decoder/new/cn_proc.v:1]
INFO: [Synth 8-6157] synthesizing module 'cn_proc__parameterized1' [/home/victor/open_baseband/openasip/custom_units/LDPC/LDPC_decoder/new/cn_proc.v:1]
	Parameter GROUP bound to: 5 - type: integer 
	Parameter WIDTH bound to: 8 - type: integer 
INFO: [Synth 8-6155] done synthesizing module 'cn_proc__parameterized1' (1#1) [/home/victor/open_baseband/openasip/custom_units/LDPC/LDPC_decoder/new/cn_proc.v:1]
INFO: [Synth 8-6157] synthesizing module 'cn_proc__parameterized2' [/home/victor/open_baseband/openasip/custom_units/LDPC/LDPC_decoder/new/cn_proc.v:1]
	Parameter GROUP bound to: 6 - type: integer 
	Parameter WIDTH bound to: 8 - type: integer 
INFO: [Synth 8-6155] done synthesizing module 'cn_proc__parameterized2' (1#1) [/home/victor/open_baseband/openasip/custom_units/LDPC/LDPC_decoder/new/cn_proc.v:1]
INFO: [Synth 8-6157] synthesizing module 'cn_proc__parameterized3' [/home/victor/open_baseband/openasip/custom_units/LDPC/LDPC_decoder/new/cn_proc.v:1]
	Parameter GROUP bound to: 7 - type: integer 
	Parameter WIDTH bound to: 8 - type: integer 
INFO: [Synth 8-6155] done synthesizing module 'cn_proc__parameterized3' (1#1) [/home/victor/open_baseband/openasip/custom_units/LDPC/LDPC_decoder/new/cn_proc.v:1]
INFO: [Synth 8-6157] synthesizing module 'cn_proc__parameterized4' [/home/victor/open_baseband/openasip/custom_units/LDPC/LDPC_decoder/new/cn_proc.v:1]
	Parameter GROUP bound to: 8 - type: integer 
	Parameter WIDTH bound to: 8 - type: integer 
INFO: [Synth 8-6155] done synthesizing module 'cn_proc__parameterized4' (1#1) [/home/victor/open_baseband/openasip/custom_units/LDPC/LDPC_decoder/new/cn_proc.v:1]
INFO: [Synth 8-6157] synthesizing module 'cn_proc__parameterized5' [/home/victor/open_baseband/openasip/custom_units/LDPC/LDPC_decoder/new/cn_proc.v:1]
	Parameter GROUP bound to: 9 - type: integer 
	Parameter WIDTH bound to: 8 - type: integer 
INFO: [Synth 8-6155] done synthesizing module 'cn_proc__parameterized5' (1#1) [/home/victor/open_baseband/openasip/custom_units/LDPC/LDPC_decoder/new/cn_proc.v:1]
INFO: [Synth 8-6157] synthesizing module 'cn_proc__parameterized6' [/home/victor/open_baseband/openasip/custom_units/LDPC/LDPC_decoder/new/cn_proc.v:1]
	Parameter GROUP bound to: 10 - type: integer 
	Parameter WIDTH bound to: 8 - type: integer 
INFO: [Synth 8-6155] done synthesizing module 'cn_proc__parameterized6' (1#1) [/home/victor/open_baseband/openasip/custom_units/LDPC/LDPC_decoder/new/cn_proc.v:1]
INFO: [Synth 8-6157] synthesizing module 'cn_proc__parameterized7' [/home/victor/open_baseband/openasip/custom_units/LDPC/LDPC_decoder/new/cn_proc.v:1]
	Parameter GROUP bound to: 19 - type: integer 
	Parameter WIDTH bound to: 8 - type: integer 
INFO: [Synth 8-6155] done synthesizing module 'cn_proc__parameterized7' (1#1) [/home/victor/open_baseband/openasip/custom_units/LDPC/LDPC_decoder/new/cn_proc.v:1]
INFO: [Synth 8-6155] done synthesizing module 'cn_core' (2#1) [/home/victor/open_baseband/openasip/custom_units/LDPC/LDPC_decoder/new/project_1.srcs/sources_1/imports/new/cn_core.v:48]
---------------------------------------------------------------------------------
Finished Synthesize : Time (s): cpu = 00:00:05 ; elapsed = 00:00:04 . Memory (MB): peak = 13857.285 ; gain = 0.000 ; free physical = 260 ; free virtual = 11183
---------------------------------------------------------------------------------
Copyright 1986-2022 Xilinx, Inc. All Rights Reserved. Copyright 2022-2025 Advanced Micro Devices, Inc. All Rights Reserved.
---------------------------------------------------------------------------------------------------------------------------------------------
| Tool Version : Vivado v.2025.2 (lin64) Build 6299465 Fri Nov 14 12:34:56 MST 2025
| Date         : Sun May  3 15:37:34 2026
| Host         : victor-IdeaPad-Slim-3-15ARP10 running 64-bit Ubuntu 24.04.4 LTS
---------------------------------------------------------------------------------------------------------------------------------------------

RTL Linter Report

Table of Contents
-----------------
1. Summary

1. Summary
----------

+-----------+----------+--------------+----------+
| Rule ID   | Severity | # Violations | # Waived |
+-----------+----------+--------------+----------+
| ASSIGN-5  | WARNING  | 1            | 0        |
| ASSIGN-6  | WARNING  | 6            | 0        |
| ASSIGN-9  | WARNING  | 1            | 0        |
| ASSIGN-10 | WARNING  | 4            | 0        |
+-----------+----------+--------------+----------+


WARNING: [Synth 37-124] [ASSIGN-5]Some bits in 'out_llr_r' are not set. First unset bit index is 0. 
RTL Name 'out_llr_r', Hierarchy 'cn_core', File 'cn_core.v', Line 2272.
WARNING: [Synth 37-93] [ASSIGN-6]Signal 'gen_min_mul_buses_19.out_demux_min_0' was assigned but not read. 
RTL Name 'gen_min_mul_buses_19.out_demux_min_0', Hierarchy 'cn_core', File '/home/victor/open_baseband/openasip/custom_units/LDPC/LDPC_decoder/new/project_1.srcs/sources_1/imports/new/cn_core.v', Line 1321.
WARNING: [Synth 37-93] [ASSIGN-6]Signal 'gen_min_mul_buses_19.out_demux_min_1' was assigned but not read. 
RTL Name 'gen_min_mul_buses_19.out_demux_min_1', Hierarchy 'cn_core', File '/home/victor/open_baseband/openasip/custom_units/LDPC/LDPC_decoder/new/project_1.srcs/sources_1/imports/new/cn_core.v', Line 1322.
WARNING: [Synth 37-93] [ASSIGN-6]Signal 'gen_min_mul_buses_19.out_demux_min_2' was assigned but not read. 
RTL Name 'gen_min_mul_buses_19.out_demux_min_2', Hierarchy 'cn_core', File '/home/victor/open_baseband/openasip/custom_units/LDPC/LDPC_decoder/new/project_1.srcs/sources_1/imports/new/cn_core.v', Line 1323.
WARNING: [Synth 37-93] [ASSIGN-6]Signal 'gen_min_mul_buses_19.out_demux_mul_0' was assigned but not read. 
RTL Name 'gen_min_mul_buses_19.out_demux_mul_0', Hierarchy 'cn_core', File '/home/victor/open_baseband/openasip/custom_units/LDPC/LDPC_decoder/new/project_1.srcs/sources_1/imports/new/cn_core.v', Line 1324.
WARNING: [Synth 37-93] [ASSIGN-6]Signal 'gen_min_mul_buses_19.out_demux_mul_1' was assigned but not read. 
RTL Name 'gen_min_mul_buses_19.out_demux_mul_1', Hierarchy 'cn_core', File '/home/victor/open_baseband/openasip/custom_units/LDPC/LDPC_decoder/new/project_1.srcs/sources_1/imports/new/cn_core.v', Line 1325.
WARNING: [Synth 37-93] [ASSIGN-6]Signal 'gen_min_mul_buses_19.out_demux_mul_2' was assigned but not read. 
RTL Name 'gen_min_mul_buses_19.out_demux_mul_2', Hierarchy 'cn_core', File '/home/victor/open_baseband/openasip/custom_units/LDPC/LDPC_decoder/new/project_1.srcs/sources_1/imports/new/cn_core.v', Line 1326.
WARNING: [Synth 37-126] [ASSIGN-9]Some bits in IO 'out_llr' are not set. First unset bit index is 0. 
RTL Name 'out_llr', Hierarchy 'cn_core', File 'cn_core.v', Line 57.
WARNING: [Synth 37-125] [ASSIGN-10]Some bits in IO 'sel_demux_min_30' are not read. First unread bit index is 0. 
RTL Name 'sel_demux_min_30', Hierarchy 'cn_core', File 'cn_core.v', Line 77.
WARNING: [Synth 37-125] [ASSIGN-10]Some bits in IO 'sel_demux_min_31' are not read. First unread bit index is 0. 
RTL Name 'sel_demux_min_31', Hierarchy 'cn_core', File 'cn_core.v', Line 78.
WARNING: [Synth 37-125] [ASSIGN-10]Some bits in IO 'sel_demux_mul_30' are not read. First unread bit index is 0. 
RTL Name 'sel_demux_mul_30', Hierarchy 'cn_core', File 'cn_core.v', Line 80.
WARNING: [Synth 37-125] [ASSIGN-10]Some bits in IO 'sel_demux_mul_31' are not read. First unread bit index is 0. 
RTL Name 'sel_demux_mul_31', Hierarchy 'cn_core', File 'cn_core.v', Line 81.
INFO: [Synth 37-85] Total of 12 linter message(s) generated.
INFO: [Synth 37-45] Linter Run Finished!
Synthesis Optimization Runtime : Time (s): cpu = 00:00:05 ; elapsed = 00:00:04 . Memory (MB): peak = 13857.285 ; gain = 0.000 ; free physical = 249 ; free virtual = 11171
INFO: [Common 17-83] Releasing license: Synthesis
25 Infos, 12 Warnings, 0 Critical Warnings and 0 Errors encountered.
synth_design completed successfully
reset_run synth_1
INFO: [Project 1-1160] Copying file /home/victor/open_baseband/openasip/custom_units/LDPC/LDPC_decoder/new/project_1.runs/synth_1/cn_core.dcp to /home/victor/open_baseband/openasip/custom_units/LDPC/LDPC_decoder/new/project_1.srcs/utils_1/imports/synth_1 and adding it to utils fileset
WARNING: [filemgmt 56-199] Attempt to get parsing info during refresh. "On-the-fly" syntax checking information may be incorrect. [/home/victor/open_baseband/openasip/custom_units/LDPC/LDPC_decoder/new/project_1.srcs/sources_1/imports/new/cn_core.v:]
WARNING: [filemgmt 56-199] Attempt to get parsing info during refresh. "On-the-fly" syntax checking information may be incorrect. [/home/victor/open_baseband/openasip/custom_units/LDPC/LDPC_decoder/new/project_1.srcs/sources_1/imports/new/defines.vh:]
WARNING: [filemgmt 56-199] Attempt to get parsing info during refresh. "On-the-fly" syntax checking information may be incorrect. [/home/victor/open_baseband/openasip/custom_units/LDPC/LDPC_decoder/new/project_1.srcs/sources_1/imports/new/cn_core.v:]
WARNING: [filemgmt 56-199] Attempt to get parsing info during refresh. "On-the-fly" syntax checking information may be incorrect. [/home/victor/open_baseband/openasip/custom_units/LDPC/LDPC_decoder/new/project_1.srcs/sources_1/imports/new/cn_core.v:]
close_design
add_files -norecurse -scan_for_includes /home/victor/open_baseband/openasip/custom_units/LDPC/LDPC_decoder/new/ldpc.v
WARNING: [filemgmt 56-199] Attempt to get parsing info during refresh. "On-the-fly" syntax checking information may be incorrect. [/home/victor/open_baseband/openasip/custom_units/LDPC/LDPC_decoder/new/project_1.srcs/sources_1/imports/new/cn_core.v:]
WARNING: [filemgmt 56-199] Attempt to get parsing info during refresh. "On-the-fly" syntax checking information may be incorrect. [/home/victor/open_baseband/openasip/custom_units/LDPC/LDPC_decoder/new/project_1.srcs/sources_1/imports/new/defines.vh:]
WARNING: [filemgmt 56-199] Attempt to get parsing info during refresh. "On-the-fly" syntax checking information may be incorrect. [/home/victor/open_baseband/openasip/custom_units/LDPC/LDPC_decoder/new/project_1.srcs/sources_1/imports/new/cn_core.v:]
WARNING: [filemgmt 56-199] Attempt to get parsing info during refresh. "On-the-fly" syntax checking information may be incorrect. [/home/victor/open_baseband/openasip/custom_units/LDPC/LDPC_decoder/new/project_1.srcs/sources_1/imports/new/cn_core.v:]
import_files -norecurse /home/victor/open_baseband/openasip/custom_units/LDPC/LDPC_decoder/new/ldpc.v
WARNING: [filemgmt 56-199] Attempt to get parsing info during refresh. "On-the-fly" syntax checking information may be incorrect. [/home/victor/open_baseband/openasip/custom_units/LDPC/LDPC_decoder/new/project_1.srcs/sources_1/imports/new/cn_core.v:]
WARNING: [filemgmt 56-199] Attempt to get parsing info during refresh. "On-the-fly" syntax checking information may be incorrect. [/home/victor/open_baseband/openasip/custom_units/LDPC/LDPC_decoder/new/project_1.srcs/sources_1/imports/new/defines.vh:]
WARNING: [filemgmt 56-199] Attempt to get parsing info during refresh. "On-the-fly" syntax checking information may be incorrect. [/home/victor/open_baseband/openasip/custom_units/LDPC/LDPC_decoder/new/project_1.srcs/sources_1/imports/new/cn_core.v:]
WARNING: [filemgmt 56-199] Attempt to get parsing info during refresh. "On-the-fly" syntax checking information may be incorrect. [/home/victor/open_baseband/openasip/custom_units/LDPC/LDPC_decoder/new/project_1.srcs/sources_1/imports/new/cn_core.v:]
reorder_files -back /home/victor/open_baseband/openasip/custom_units/LDPC/LDPC_decoder/new/project_1.srcs/sources_1/imports/new/cn_core.v
WARNING: [filemgmt 56-199] Attempt to get parsing info during refresh. "On-the-fly" syntax checking information may be incorrect. [/home/victor/open_baseband/openasip/custom_units/LDPC/LDPC_decoder/new/project_1.srcs/sources_1/imports/new/cn_core.v:]
WARNING: [filemgmt 56-199] Attempt to get parsing info during refresh. "On-the-fly" syntax checking information may be incorrect. [/home/victor/open_baseband/openasip/custom_units/LDPC/LDPC_decoder/new/project_1.srcs/sources_1/imports/new/defines.vh:]
WARNING: [filemgmt 56-199] Attempt to get parsing info during refresh. "On-the-fly" syntax checking information may be incorrect. [/home/victor/open_baseband/openasip/custom_units/LDPC/LDPC_decoder/new/project_1.srcs/sources_1/imports/new/cn_core.v:]
WARNING: [filemgmt 56-199] Attempt to get parsing info during refresh. "On-the-fly" syntax checking information may be incorrect. [/home/victor/open_baseband/openasip/custom_units/LDPC/LDPC_decoder/new/project_1.srcs/sources_1/imports/new/cn_core.v:]
synth_design -top cn_core -part xczu7ev-ffvc1156-2-e -lint 
Command: synth_design -top cn_core -part xczu7ev-ffvc1156-2-e -lint
Starting synth_design
Attempting to get a license for feature 'Synthesis' and/or device 'xczu7ev'
INFO: [Common 17-349] Got license for feature 'Synthesis' and/or device 'xczu7ev'
INFO: [Synth 8-7079] Multithreading enabled for synth_design using a maximum of 7 processes.
---------------------------------------------------------------------------------
Starting Synthesize : Time (s): cpu = 00:00:03 ; elapsed = 00:00:03 . Memory (MB): peak = 13857.285 ; gain = 0.000 ; free physical = 637 ; free virtual = 11329
---------------------------------------------------------------------------------
Clean up Linter database...
WARNING: [Synth 8-10929] literal value 'b1111 truncated to fit in 1 bits [/home/victor/open_baseband/openasip/custom_units/LDPC/LDPC_decoder/new/project_1.srcs/sources_1/imports/new/ldpc.v:39]
WARNING: [Synth 8-10929] literal value 'b1111 truncated to fit in 1 bits [/home/victor/open_baseband/openasip/custom_units/LDPC/LDPC_decoder/new/project_1.srcs/sources_1/imports/new/ldpc.v:43]
INFO: [Synth 8-6157] synthesizing module 'cn_core' [/home/victor/open_baseband/openasip/custom_units/LDPC/LDPC_decoder/new/project_1.srcs/sources_1/imports/new/cn_core.v:48]
INFO: [Synth 8-6157] synthesizing module 'cn_proc' [/home/victor/open_baseband/openasip/custom_units/LDPC/LDPC_decoder/new/cn_proc.v:1]
	Parameter GROUP bound to: 3 - type: integer 
	Parameter WIDTH bound to: 8 - type: integer 
INFO: [Synth 8-6155] done synthesizing module 'cn_proc' (1#1) [/home/victor/open_baseband/openasip/custom_units/LDPC/LDPC_decoder/new/cn_proc.v:1]
INFO: [Synth 8-6157] synthesizing module 'cn_proc__parameterized0' [/home/victor/open_baseband/openasip/custom_units/LDPC/LDPC_decoder/new/cn_proc.v:1]
	Parameter GROUP bound to: 4 - type: integer 
	Parameter WIDTH bound to: 8 - type: integer 
INFO: [Synth 8-6155] done synthesizing module 'cn_proc__parameterized0' (1#1) [/home/victor/open_baseband/openasip/custom_units/LDPC/LDPC_decoder/new/cn_proc.v:1]
INFO: [Synth 8-6157] synthesizing module 'cn_proc__parameterized1' [/home/victor/open_baseband/openasip/custom_units/LDPC/LDPC_decoder/new/cn_proc.v:1]
	Parameter GROUP bound to: 5 - type: integer 
	Parameter WIDTH bound to: 8 - type: integer 
INFO: [Synth 8-6155] done synthesizing module 'cn_proc__parameterized1' (1#1) [/home/victor/open_baseband/openasip/custom_units/LDPC/LDPC_decoder/new/cn_proc.v:1]
INFO: [Synth 8-6157] synthesizing module 'cn_proc__parameterized2' [/home/victor/open_baseband/openasip/custom_units/LDPC/LDPC_decoder/new/cn_proc.v:1]
	Parameter GROUP bound to: 6 - type: integer 
	Parameter WIDTH bound to: 8 - type: integer 
INFO: [Synth 8-6155] done synthesizing module 'cn_proc__parameterized2' (1#1) [/home/victor/open_baseband/openasip/custom_units/LDPC/LDPC_decoder/new/cn_proc.v:1]
INFO: [Synth 8-6157] synthesizing module 'cn_proc__parameterized3' [/home/victor/open_baseband/openasip/custom_units/LDPC/LDPC_decoder/new/cn_proc.v:1]
	Parameter GROUP bound to: 7 - type: integer 
	Parameter WIDTH bound to: 8 - type: integer 
INFO: [Synth 8-6155] done synthesizing module 'cn_proc__parameterized3' (1#1) [/home/victor/open_baseband/openasip/custom_units/LDPC/LDPC_decoder/new/cn_proc.v:1]
INFO: [Synth 8-6157] synthesizing module 'cn_proc__parameterized4' [/home/victor/open_baseband/openasip/custom_units/LDPC/LDPC_decoder/new/cn_proc.v:1]
	Parameter GROUP bound to: 8 - type: integer 
	Parameter WIDTH bound to: 8 - type: integer 
INFO: [Synth 8-6155] done synthesizing module 'cn_proc__parameterized4' (1#1) [/home/victor/open_baseband/openasip/custom_units/LDPC/LDPC_decoder/new/cn_proc.v:1]
INFO: [Synth 8-6157] synthesizing module 'cn_proc__parameterized5' [/home/victor/open_baseband/openasip/custom_units/LDPC/LDPC_decoder/new/cn_proc.v:1]
	Parameter GROUP bound to: 9 - type: integer 
	Parameter WIDTH bound to: 8 - type: integer 
INFO: [Synth 8-6155] done synthesizing module 'cn_proc__parameterized5' (1#1) [/home/victor/open_baseband/openasip/custom_units/LDPC/LDPC_decoder/new/cn_proc.v:1]
INFO: [Synth 8-6157] synthesizing module 'cn_proc__parameterized6' [/home/victor/open_baseband/openasip/custom_units/LDPC/LDPC_decoder/new/cn_proc.v:1]
	Parameter GROUP bound to: 10 - type: integer 
	Parameter WIDTH bound to: 8 - type: integer 
INFO: [Synth 8-6155] done synthesizing module 'cn_proc__parameterized6' (1#1) [/home/victor/open_baseband/openasip/custom_units/LDPC/LDPC_decoder/new/cn_proc.v:1]
INFO: [Synth 8-6157] synthesizing module 'cn_proc__parameterized7' [/home/victor/open_baseband/openasip/custom_units/LDPC/LDPC_decoder/new/cn_proc.v:1]
	Parameter GROUP bound to: 19 - type: integer 
	Parameter WIDTH bound to: 8 - type: integer 
INFO: [Synth 8-6155] done synthesizing module 'cn_proc__parameterized7' (1#1) [/home/victor/open_baseband/openasip/custom_units/LDPC/LDPC_decoder/new/cn_proc.v:1]
INFO: [Synth 8-6155] done synthesizing module 'cn_core' (2#1) [/home/victor/open_baseband/openasip/custom_units/LDPC/LDPC_decoder/new/project_1.srcs/sources_1/imports/new/cn_core.v:48]
---------------------------------------------------------------------------------
Finished Synthesize : Time (s): cpu = 00:00:04 ; elapsed = 00:00:04 . Memory (MB): peak = 13857.285 ; gain = 0.000 ; free physical = 638 ; free virtual = 11331
---------------------------------------------------------------------------------
Copyright 1986-2022 Xilinx, Inc. All Rights Reserved. Copyright 2022-2025 Advanced Micro Devices, Inc. All Rights Reserved.
---------------------------------------------------------------------------------------------------------------------------------------------
| Tool Version : Vivado v.2025.2 (lin64) Build 6299465 Fri Nov 14 12:34:56 MST 2025
| Date         : Sun May  3 15:54:58 2026
| Host         : victor-IdeaPad-Slim-3-15ARP10 running 64-bit Ubuntu 24.04.4 LTS
---------------------------------------------------------------------------------------------------------------------------------------------

RTL Linter Report

Table of Contents
-----------------
1. Summary

1. Summary
----------

+-----------+----------+--------------+----------+
| Rule ID   | Severity | # Violations | # Waived |
+-----------+----------+--------------+----------+
| ASSIGN-5  | WARNING  | 1            | 0        |
| ASSIGN-6  | WARNING  | 6            | 0        |
| ASSIGN-9  | WARNING  | 1            | 0        |
| ASSIGN-10 | WARNING  | 4            | 0        |
+-----------+----------+--------------+----------+


WARNING: [Synth 37-124] [ASSIGN-5]Some bits in 'out_llr_r' are not set. First unset bit index is 0. 
RTL Name 'out_llr_r', Hierarchy 'cn_core', File 'cn_core.v', Line 2272.
WARNING: [Synth 37-93] [ASSIGN-6]Signal 'gen_min_mul_buses_19.out_demux_min_0' was assigned but not read. 
RTL Name 'gen_min_mul_buses_19.out_demux_min_0', Hierarchy 'cn_core', File '/home/victor/open_baseband/openasip/custom_units/LDPC/LDPC_decoder/new/project_1.srcs/sources_1/imports/new/cn_core.v', Line 1321.
WARNING: [Synth 37-93] [ASSIGN-6]Signal 'gen_min_mul_buses_19.out_demux_min_1' was assigned but not read. 
RTL Name 'gen_min_mul_buses_19.out_demux_min_1', Hierarchy 'cn_core', File '/home/victor/open_baseband/openasip/custom_units/LDPC/LDPC_decoder/new/project_1.srcs/sources_1/imports/new/cn_core.v', Line 1322.
WARNING: [Synth 37-93] [ASSIGN-6]Signal 'gen_min_mul_buses_19.out_demux_min_2' was assigned but not read. 
RTL Name 'gen_min_mul_buses_19.out_demux_min_2', Hierarchy 'cn_core', File '/home/victor/open_baseband/openasip/custom_units/LDPC/LDPC_decoder/new/project_1.srcs/sources_1/imports/new/cn_core.v', Line 1323.
WARNING: [Synth 37-93] [ASSIGN-6]Signal 'gen_min_mul_buses_19.out_demux_mul_0' was assigned but not read. 
RTL Name 'gen_min_mul_buses_19.out_demux_mul_0', Hierarchy 'cn_core', File '/home/victor/open_baseband/openasip/custom_units/LDPC/LDPC_decoder/new/project_1.srcs/sources_1/imports/new/cn_core.v', Line 1324.
WARNING: [Synth 37-93] [ASSIGN-6]Signal 'gen_min_mul_buses_19.out_demux_mul_1' was assigned but not read. 
RTL Name 'gen_min_mul_buses_19.out_demux_mul_1', Hierarchy 'cn_core', File '/home/victor/open_baseband/openasip/custom_units/LDPC/LDPC_decoder/new/project_1.srcs/sources_1/imports/new/cn_core.v', Line 1325.
WARNING: [Synth 37-93] [ASSIGN-6]Signal 'gen_min_mul_buses_19.out_demux_mul_2' was assigned but not read. 
RTL Name 'gen_min_mul_buses_19.out_demux_mul_2', Hierarchy 'cn_core', File '/home/victor/open_baseband/openasip/custom_units/LDPC/LDPC_decoder/new/project_1.srcs/sources_1/imports/new/cn_core.v', Line 1326.
WARNING: [Synth 37-126] [ASSIGN-9]Some bits in IO 'out_llr' are not set. First unset bit index is 0. 
RTL Name 'out_llr', Hierarchy 'cn_core', File 'cn_core.v', Line 57.
WARNING: [Synth 37-125] [ASSIGN-10]Some bits in IO 'sel_demux_min_30' are not read. First unread bit index is 0. 
RTL Name 'sel_demux_min_30', Hierarchy 'cn_core', File 'cn_core.v', Line 77.
WARNING: [Synth 37-125] [ASSIGN-10]Some bits in IO 'sel_demux_min_31' are not read. First unread bit index is 0. 
RTL Name 'sel_demux_min_31', Hierarchy 'cn_core', File 'cn_core.v', Line 78.
WARNING: [Synth 37-125] [ASSIGN-10]Some bits in IO 'sel_demux_mul_30' are not read. First unread bit index is 0. 
RTL Name 'sel_demux_mul_30', Hierarchy 'cn_core', File 'cn_core.v', Line 80.
WARNING: [Synth 37-125] [ASSIGN-10]Some bits in IO 'sel_demux_mul_31' are not read. First unread bit index is 0. 
RTL Name 'sel_demux_mul_31', Hierarchy 'cn_core', File 'cn_core.v', Line 81.
INFO: [Synth 37-85] Total of 12 linter message(s) generated.
INFO: [Synth 37-45] Linter Run Finished!
Synthesis Optimization Runtime : Time (s): cpu = 00:00:04 ; elapsed = 00:00:04 . Memory (MB): peak = 13857.285 ; gain = 0.000 ; free physical = 652 ; free virtual = 11345
INFO: [Common 17-83] Releasing license: Synthesis
25 Infos, 14 Warnings, 0 Critical Warnings and 0 Errors encountered.
synth_design completed successfully
reorder_files -after /home/victor/open_baseband/openasip/custom_units/LDPC/LDPC_decoder/new/project_1.srcs/sources_1/imports/new/cn_core.v /home/victor/open_baseband/openasip/custom_units/LDPC/LDPC_decoder/new/project_1.srcs/sources_1/imports/new/ldpc.v
WARNING: [filemgmt 56-199] Attempt to get parsing info during refresh. "On-the-fly" syntax checking information may be incorrect. [/home/victor/open_baseband/openasip/custom_units/LDPC/LDPC_decoder/new/project_1.srcs/sources_1/imports/new/cn_core.v:]
WARNING: [filemgmt 56-199] Attempt to get parsing info during refresh. "On-the-fly" syntax checking information may be incorrect. [/home/victor/open_baseband/openasip/custom_units/LDPC/LDPC_decoder/new/project_1.srcs/sources_1/imports/new/defines.vh:]
WARNING: [filemgmt 56-199] Attempt to get parsing info during refresh. "On-the-fly" syntax checking information may be incorrect. [/home/victor/open_baseband/openasip/custom_units/LDPC/LDPC_decoder/new/project_1.srcs/sources_1/imports/new/cn_core.v:]
WARNING: [filemgmt 56-199] Attempt to get parsing info during refresh. "On-the-fly" syntax checking information may be incorrect. [/home/victor/open_baseband/openasip/custom_units/LDPC/LDPC_decoder/new/project_1.srcs/sources_1/imports/new/cn_core.v:]
synth_design -top cn_core -part xczu7ev-ffvc1156-2-e -lint 
Command: synth_design -top cn_core -part xczu7ev-ffvc1156-2-e -lint
Starting synth_design
Attempting to get a license for feature 'Synthesis' and/or device 'xczu7ev'
INFO: [Common 17-349] Got license for feature 'Synthesis' and/or device 'xczu7ev'
INFO: [Synth 8-7079] Multithreading enabled for synth_design using a maximum of 7 processes.
---------------------------------------------------------------------------------
Starting Synthesize : Time (s): cpu = 00:00:03 ; elapsed = 00:00:03 . Memory (MB): peak = 13857.285 ; gain = 0.000 ; free physical = 621 ; free virtual = 11313
---------------------------------------------------------------------------------
Clean up Linter database...
WARNING: [Synth 8-10929] literal value 'b1111 truncated to fit in 1 bits [/home/victor/open_baseband/openasip/custom_units/LDPC/LDPC_decoder/new/project_1.srcs/sources_1/imports/new/ldpc.v:39]
WARNING: [Synth 8-10929] literal value 'b1111 truncated to fit in 1 bits [/home/victor/open_baseband/openasip/custom_units/LDPC/LDPC_decoder/new/project_1.srcs/sources_1/imports/new/ldpc.v:43]
INFO: [Synth 8-6157] synthesizing module 'cn_core' [/home/victor/open_baseband/openasip/custom_units/LDPC/LDPC_decoder/new/project_1.srcs/sources_1/imports/new/cn_core.v:48]
INFO: [Synth 8-6157] synthesizing module 'cn_proc' [/home/victor/open_baseband/openasip/custom_units/LDPC/LDPC_decoder/new/cn_proc.v:1]
	Parameter GROUP bound to: 3 - type: integer 
	Parameter WIDTH bound to: 8 - type: integer 
INFO: [Synth 8-6155] done synthesizing module 'cn_proc' (1#1) [/home/victor/open_baseband/openasip/custom_units/LDPC/LDPC_decoder/new/cn_proc.v:1]
INFO: [Synth 8-6157] synthesizing module 'cn_proc__parameterized0' [/home/victor/open_baseband/openasip/custom_units/LDPC/LDPC_decoder/new/cn_proc.v:1]
	Parameter GROUP bound to: 4 - type: integer 
	Parameter WIDTH bound to: 8 - type: integer 
INFO: [Synth 8-6155] done synthesizing module 'cn_proc__parameterized0' (1#1) [/home/victor/open_baseband/openasip/custom_units/LDPC/LDPC_decoder/new/cn_proc.v:1]
INFO: [Synth 8-6157] synthesizing module 'cn_proc__parameterized1' [/home/victor/open_baseband/openasip/custom_units/LDPC/LDPC_decoder/new/cn_proc.v:1]
	Parameter GROUP bound to: 5 - type: integer 
	Parameter WIDTH bound to: 8 - type: integer 
INFO: [Synth 8-6155] done synthesizing module 'cn_proc__parameterized1' (1#1) [/home/victor/open_baseband/openasip/custom_units/LDPC/LDPC_decoder/new/cn_proc.v:1]
INFO: [Synth 8-6157] synthesizing module 'cn_proc__parameterized2' [/home/victor/open_baseband/openasip/custom_units/LDPC/LDPC_decoder/new/cn_proc.v:1]
	Parameter GROUP bound to: 6 - type: integer 
	Parameter WIDTH bound to: 8 - type: integer 
INFO: [Synth 8-6155] done synthesizing module 'cn_proc__parameterized2' (1#1) [/home/victor/open_baseband/openasip/custom_units/LDPC/LDPC_decoder/new/cn_proc.v:1]
INFO: [Synth 8-6157] synthesizing module 'cn_proc__parameterized3' [/home/victor/open_baseband/openasip/custom_units/LDPC/LDPC_decoder/new/cn_proc.v:1]
	Parameter GROUP bound to: 7 - type: integer 
	Parameter WIDTH bound to: 8 - type: integer 
INFO: [Synth 8-6155] done synthesizing module 'cn_proc__parameterized3' (1#1) [/home/victor/open_baseband/openasip/custom_units/LDPC/LDPC_decoder/new/cn_proc.v:1]
INFO: [Synth 8-6157] synthesizing module 'cn_proc__parameterized4' [/home/victor/open_baseband/openasip/custom_units/LDPC/LDPC_decoder/new/cn_proc.v:1]
	Parameter GROUP bound to: 8 - type: integer 
	Parameter WIDTH bound to: 8 - type: integer 
INFO: [Synth 8-6155] done synthesizing module 'cn_proc__parameterized4' (1#1) [/home/victor/open_baseband/openasip/custom_units/LDPC/LDPC_decoder/new/cn_proc.v:1]
INFO: [Synth 8-6157] synthesizing module 'cn_proc__parameterized5' [/home/victor/open_baseband/openasip/custom_units/LDPC/LDPC_decoder/new/cn_proc.v:1]
	Parameter GROUP bound to: 9 - type: integer 
	Parameter WIDTH bound to: 8 - type: integer 
INFO: [Synth 8-6155] done synthesizing module 'cn_proc__parameterized5' (1#1) [/home/victor/open_baseband/openasip/custom_units/LDPC/LDPC_decoder/new/cn_proc.v:1]
INFO: [Synth 8-6157] synthesizing module 'cn_proc__parameterized6' [/home/victor/open_baseband/openasip/custom_units/LDPC/LDPC_decoder/new/cn_proc.v:1]
	Parameter GROUP bound to: 10 - type: integer 
	Parameter WIDTH bound to: 8 - type: integer 
INFO: [Synth 8-6155] done synthesizing module 'cn_proc__parameterized6' (1#1) [/home/victor/open_baseband/openasip/custom_units/LDPC/LDPC_decoder/new/cn_proc.v:1]
INFO: [Synth 8-6157] synthesizing module 'cn_proc__parameterized7' [/home/victor/open_baseband/openasip/custom_units/LDPC/LDPC_decoder/new/cn_proc.v:1]
	Parameter GROUP bound to: 19 - type: integer 
	Parameter WIDTH bound to: 8 - type: integer 
INFO: [Synth 8-6155] done synthesizing module 'cn_proc__parameterized7' (1#1) [/home/victor/open_baseband/openasip/custom_units/LDPC/LDPC_decoder/new/cn_proc.v:1]
INFO: [Synth 8-6155] done synthesizing module 'cn_core' (2#1) [/home/victor/open_baseband/openasip/custom_units/LDPC/LDPC_decoder/new/project_1.srcs/sources_1/imports/new/cn_core.v:48]
---------------------------------------------------------------------------------
Finished Synthesize : Time (s): cpu = 00:00:05 ; elapsed = 00:00:04 . Memory (MB): peak = 13857.285 ; gain = 0.000 ; free physical = 630 ; free virtual = 11323
---------------------------------------------------------------------------------
Copyright 1986-2022 Xilinx, Inc. All Rights Reserved. Copyright 2022-2025 Advanced Micro Devices, Inc. All Rights Reserved.
---------------------------------------------------------------------------------------------------------------------------------------------
| Tool Version : Vivado v.2025.2 (lin64) Build 6299465 Fri Nov 14 12:34:56 MST 2025
| Date         : Sun May  3 15:55:17 2026
| Host         : victor-IdeaPad-Slim-3-15ARP10 running 64-bit Ubuntu 24.04.4 LTS
---------------------------------------------------------------------------------------------------------------------------------------------

RTL Linter Report

Table of Contents
-----------------
1. Summary

1. Summary
----------

+-----------+----------+--------------+----------+
| Rule ID   | Severity | # Violations | # Waived |
+-----------+----------+--------------+----------+
| ASSIGN-5  | WARNING  | 1            | 0        |
| ASSIGN-6  | WARNING  | 6            | 0        |
| ASSIGN-9  | WARNING  | 1            | 0        |
| ASSIGN-10 | WARNING  | 4            | 0        |
+-----------+----------+--------------+----------+


WARNING: [Synth 37-124] [ASSIGN-5]Some bits in 'out_llr_r' are not set. First unset bit index is 0. 
RTL Name 'out_llr_r', Hierarchy 'cn_core', File 'cn_core.v', Line 2272.
WARNING: [Synth 37-93] [ASSIGN-6]Signal 'gen_min_mul_buses_19.out_demux_min_0' was assigned but not read. 
RTL Name 'gen_min_mul_buses_19.out_demux_min_0', Hierarchy 'cn_core', File '/home/victor/open_baseband/openasip/custom_units/LDPC/LDPC_decoder/new/project_1.srcs/sources_1/imports/new/cn_core.v', Line 1321.
WARNING: [Synth 37-93] [ASSIGN-6]Signal 'gen_min_mul_buses_19.out_demux_min_1' was assigned but not read. 
RTL Name 'gen_min_mul_buses_19.out_demux_min_1', Hierarchy 'cn_core', File '/home/victor/open_baseband/openasip/custom_units/LDPC/LDPC_decoder/new/project_1.srcs/sources_1/imports/new/cn_core.v', Line 1322.
WARNING: [Synth 37-93] [ASSIGN-6]Signal 'gen_min_mul_buses_19.out_demux_min_2' was assigned but not read. 
RTL Name 'gen_min_mul_buses_19.out_demux_min_2', Hierarchy 'cn_core', File '/home/victor/open_baseband/openasip/custom_units/LDPC/LDPC_decoder/new/project_1.srcs/sources_1/imports/new/cn_core.v', Line 1323.
WARNING: [Synth 37-93] [ASSIGN-6]Signal 'gen_min_mul_buses_19.out_demux_mul_0' was assigned but not read. 
RTL Name 'gen_min_mul_buses_19.out_demux_mul_0', Hierarchy 'cn_core', File '/home/victor/open_baseband/openasip/custom_units/LDPC/LDPC_decoder/new/project_1.srcs/sources_1/imports/new/cn_core.v', Line 1324.
WARNING: [Synth 37-93] [ASSIGN-6]Signal 'gen_min_mul_buses_19.out_demux_mul_1' was assigned but not read. 
RTL Name 'gen_min_mul_buses_19.out_demux_mul_1', Hierarchy 'cn_core', File '/home/victor/open_baseband/openasip/custom_units/LDPC/LDPC_decoder/new/project_1.srcs/sources_1/imports/new/cn_core.v', Line 1325.
WARNING: [Synth 37-93] [ASSIGN-6]Signal 'gen_min_mul_buses_19.out_demux_mul_2' was assigned but not read. 
RTL Name 'gen_min_mul_buses_19.out_demux_mul_2', Hierarchy 'cn_core', File '/home/victor/open_baseband/openasip/custom_units/LDPC/LDPC_decoder/new/project_1.srcs/sources_1/imports/new/cn_core.v', Line 1326.
WARNING: [Synth 37-126] [ASSIGN-9]Some bits in IO 'out_llr' are not set. First unset bit index is 0. 
RTL Name 'out_llr', Hierarchy 'cn_core', File 'cn_core.v', Line 57.
WARNING: [Synth 37-125] [ASSIGN-10]Some bits in IO 'sel_demux_min_30' are not read. First unread bit index is 0. 
RTL Name 'sel_demux_min_30', Hierarchy 'cn_core', File 'cn_core.v', Line 77.
WARNING: [Synth 37-125] [ASSIGN-10]Some bits in IO 'sel_demux_min_31' are not read. First unread bit index is 0. 
RTL Name 'sel_demux_min_31', Hierarchy 'cn_core', File 'cn_core.v', Line 78.
WARNING: [Synth 37-125] [ASSIGN-10]Some bits in IO 'sel_demux_mul_30' are not read. First unread bit index is 0. 
RTL Name 'sel_demux_mul_30', Hierarchy 'cn_core', File 'cn_core.v', Line 80.
WARNING: [Synth 37-125] [ASSIGN-10]Some bits in IO 'sel_demux_mul_31' are not read. First unread bit index is 0. 
RTL Name 'sel_demux_mul_31', Hierarchy 'cn_core', File 'cn_core.v', Line 81.
INFO: [Synth 37-85] Total of 12 linter message(s) generated.
INFO: [Synth 37-45] Linter Run Finished!
Synthesis Optimization Runtime : Time (s): cpu = 00:00:05 ; elapsed = 00:00:05 . Memory (MB): peak = 13857.285 ; gain = 0.000 ; free physical = 624 ; free virtual = 11317
INFO: [Common 17-83] Releasing license: Synthesis
25 Infos, 14 Warnings, 0 Critical Warnings and 0 Errors encountered.
synth_design completed successfully
synth_design -top cn_core -part xczu7ev-ffvc1156-2-e -lint 
Command: synth_design -top cn_core -part xczu7ev-ffvc1156-2-e -lint
Starting synth_design
Attempting to get a license for feature 'Synthesis' and/or device 'xczu7ev'
INFO: [Common 17-349] Got license for feature 'Synthesis' and/or device 'xczu7ev'
INFO: [Synth 8-7079] Multithreading enabled for synth_design using a maximum of 7 processes.
---------------------------------------------------------------------------------
Starting Synthesize : Time (s): cpu = 00:00:04 ; elapsed = 00:00:03 . Memory (MB): peak = 13857.285 ; gain = 0.000 ; free physical = 650 ; free virtual = 11343
---------------------------------------------------------------------------------
Clean up Linter database...
WARNING: [Synth 8-10929] literal value 'b1111 truncated to fit in 1 bits [/home/victor/open_baseband/openasip/custom_units/LDPC/LDPC_decoder/new/project_1.srcs/sources_1/imports/new/ldpc.v:39]
WARNING: [Synth 8-10929] literal value 'b1111 truncated to fit in 1 bits [/home/victor/open_baseband/openasip/custom_units/LDPC/LDPC_decoder/new/project_1.srcs/sources_1/imports/new/ldpc.v:43]
INFO: [Synth 8-6157] synthesizing module 'cn_core' [/home/victor/open_baseband/openasip/custom_units/LDPC/LDPC_decoder/new/project_1.srcs/sources_1/imports/new/cn_core.v:48]
INFO: [Synth 8-6157] synthesizing module 'cn_proc' [/home/victor/open_baseband/openasip/custom_units/LDPC/LDPC_decoder/new/cn_proc.v:1]
	Parameter GROUP bound to: 3 - type: integer 
	Parameter WIDTH bound to: 8 - type: integer 
INFO: [Synth 8-6155] done synthesizing module 'cn_proc' (1#1) [/home/victor/open_baseband/openasip/custom_units/LDPC/LDPC_decoder/new/cn_proc.v:1]
INFO: [Synth 8-6157] synthesizing module 'cn_proc__parameterized0' [/home/victor/open_baseband/openasip/custom_units/LDPC/LDPC_decoder/new/cn_proc.v:1]
	Parameter GROUP bound to: 4 - type: integer 
	Parameter WIDTH bound to: 8 - type: integer 
INFO: [Synth 8-6155] done synthesizing module 'cn_proc__parameterized0' (1#1) [/home/victor/open_baseband/openasip/custom_units/LDPC/LDPC_decoder/new/cn_proc.v:1]
INFO: [Synth 8-6157] synthesizing module 'cn_proc__parameterized1' [/home/victor/open_baseband/openasip/custom_units/LDPC/LDPC_decoder/new/cn_proc.v:1]
	Parameter GROUP bound to: 5 - type: integer 
	Parameter WIDTH bound to: 8 - type: integer 
INFO: [Synth 8-6155] done synthesizing module 'cn_proc__parameterized1' (1#1) [/home/victor/open_baseband/openasip/custom_units/LDPC/LDPC_decoder/new/cn_proc.v:1]
INFO: [Synth 8-6157] synthesizing module 'cn_proc__parameterized2' [/home/victor/open_baseband/openasip/custom_units/LDPC/LDPC_decoder/new/cn_proc.v:1]
	Parameter GROUP bound to: 6 - type: integer 
	Parameter WIDTH bound to: 8 - type: integer 
INFO: [Synth 8-6155] done synthesizing module 'cn_proc__parameterized2' (1#1) [/home/victor/open_baseband/openasip/custom_units/LDPC/LDPC_decoder/new/cn_proc.v:1]
INFO: [Synth 8-6157] synthesizing module 'cn_proc__parameterized3' [/home/victor/open_baseband/openasip/custom_units/LDPC/LDPC_decoder/new/cn_proc.v:1]
	Parameter GROUP bound to: 7 - type: integer 
	Parameter WIDTH bound to: 8 - type: integer 
INFO: [Synth 8-6155] done synthesizing module 'cn_proc__parameterized3' (1#1) [/home/victor/open_baseband/openasip/custom_units/LDPC/LDPC_decoder/new/cn_proc.v:1]
INFO: [Synth 8-6157] synthesizing module 'cn_proc__parameterized4' [/home/victor/open_baseband/openasip/custom_units/LDPC/LDPC_decoder/new/cn_proc.v:1]
	Parameter GROUP bound to: 8 - type: integer 
	Parameter WIDTH bound to: 8 - type: integer 
INFO: [Synth 8-6155] done synthesizing module 'cn_proc__parameterized4' (1#1) [/home/victor/open_baseband/openasip/custom_units/LDPC/LDPC_decoder/new/cn_proc.v:1]
INFO: [Synth 8-6157] synthesizing module 'cn_proc__parameterized5' [/home/victor/open_baseband/openasip/custom_units/LDPC/LDPC_decoder/new/cn_proc.v:1]
	Parameter GROUP bound to: 9 - type: integer 
	Parameter WIDTH bound to: 8 - type: integer 
INFO: [Synth 8-6155] done synthesizing module 'cn_proc__parameterized5' (1#1) [/home/victor/open_baseband/openasip/custom_units/LDPC/LDPC_decoder/new/cn_proc.v:1]
INFO: [Synth 8-6157] synthesizing module 'cn_proc__parameterized6' [/home/victor/open_baseband/openasip/custom_units/LDPC/LDPC_decoder/new/cn_proc.v:1]
	Parameter GROUP bound to: 10 - type: integer 
	Parameter WIDTH bound to: 8 - type: integer 
INFO: [Synth 8-6155] done synthesizing module 'cn_proc__parameterized6' (1#1) [/home/victor/open_baseband/openasip/custom_units/LDPC/LDPC_decoder/new/cn_proc.v:1]
INFO: [Synth 8-6157] synthesizing module 'cn_proc__parameterized7' [/home/victor/open_baseband/openasip/custom_units/LDPC/LDPC_decoder/new/cn_proc.v:1]
	Parameter GROUP bound to: 19 - type: integer 
	Parameter WIDTH bound to: 8 - type: integer 
INFO: [Synth 8-6155] done synthesizing module 'cn_proc__parameterized7' (1#1) [/home/victor/open_baseband/openasip/custom_units/LDPC/LDPC_decoder/new/cn_proc.v:1]
INFO: [Synth 8-6155] done synthesizing module 'cn_core' (2#1) [/home/victor/open_baseband/openasip/custom_units/LDPC/LDPC_decoder/new/project_1.srcs/sources_1/imports/new/cn_core.v:48]
---------------------------------------------------------------------------------
Finished Synthesize : Time (s): cpu = 00:00:05 ; elapsed = 00:00:04 . Memory (MB): peak = 13857.285 ; gain = 0.000 ; free physical = 648 ; free virtual = 11341
---------------------------------------------------------------------------------
Copyright 1986-2022 Xilinx, Inc. All Rights Reserved. Copyright 2022-2025 Advanced Micro Devices, Inc. All Rights Reserved.
---------------------------------------------------------------------------------------------------------------------------------------------
| Tool Version : Vivado v.2025.2 (lin64) Build 6299465 Fri Nov 14 12:34:56 MST 2025
| Date         : Sun May  3 15:56:42 2026
| Host         : victor-IdeaPad-Slim-3-15ARP10 running 64-bit Ubuntu 24.04.4 LTS
---------------------------------------------------------------------------------------------------------------------------------------------

RTL Linter Report

Table of Contents
-----------------
1. Summary

1. Summary
----------

+-----------+----------+--------------+----------+
| Rule ID   | Severity | # Violations | # Waived |
+-----------+----------+--------------+----------+
| ASSIGN-5  | WARNING  | 1            | 0        |
| ASSIGN-6  | WARNING  | 6            | 0        |
| ASSIGN-9  | WARNING  | 1            | 0        |
| ASSIGN-10 | WARNING  | 4            | 0        |
+-----------+----------+--------------+----------+


WARNING: [Synth 37-124] [ASSIGN-5]Some bits in 'out_llr_r' are not set. First unset bit index is 0. 
RTL Name 'out_llr_r', Hierarchy 'cn_core', File 'cn_core.v', Line 2272.
WARNING: [Synth 37-93] [ASSIGN-6]Signal 'gen_min_mul_buses_19.out_demux_min_0' was assigned but not read. 
RTL Name 'gen_min_mul_buses_19.out_demux_min_0', Hierarchy 'cn_core', File '/home/victor/open_baseband/openasip/custom_units/LDPC/LDPC_decoder/new/project_1.srcs/sources_1/imports/new/cn_core.v', Line 1321.
WARNING: [Synth 37-93] [ASSIGN-6]Signal 'gen_min_mul_buses_19.out_demux_min_1' was assigned but not read. 
RTL Name 'gen_min_mul_buses_19.out_demux_min_1', Hierarchy 'cn_core', File '/home/victor/open_baseband/openasip/custom_units/LDPC/LDPC_decoder/new/project_1.srcs/sources_1/imports/new/cn_core.v', Line 1322.
WARNING: [Synth 37-93] [ASSIGN-6]Signal 'gen_min_mul_buses_19.out_demux_min_2' was assigned but not read. 
RTL Name 'gen_min_mul_buses_19.out_demux_min_2', Hierarchy 'cn_core', File '/home/victor/open_baseband/openasip/custom_units/LDPC/LDPC_decoder/new/project_1.srcs/sources_1/imports/new/cn_core.v', Line 1323.
WARNING: [Synth 37-93] [ASSIGN-6]Signal 'gen_min_mul_buses_19.out_demux_mul_0' was assigned but not read. 
RTL Name 'gen_min_mul_buses_19.out_demux_mul_0', Hierarchy 'cn_core', File '/home/victor/open_baseband/openasip/custom_units/LDPC/LDPC_decoder/new/project_1.srcs/sources_1/imports/new/cn_core.v', Line 1324.
WARNING: [Synth 37-93] [ASSIGN-6]Signal 'gen_min_mul_buses_19.out_demux_mul_1' was assigned but not read. 
RTL Name 'gen_min_mul_buses_19.out_demux_mul_1', Hierarchy 'cn_core', File '/home/victor/open_baseband/openasip/custom_units/LDPC/LDPC_decoder/new/project_1.srcs/sources_1/imports/new/cn_core.v', Line 1325.
WARNING: [Synth 37-93] [ASSIGN-6]Signal 'gen_min_mul_buses_19.out_demux_mul_2' was assigned but not read. 
RTL Name 'gen_min_mul_buses_19.out_demux_mul_2', Hierarchy 'cn_core', File '/home/victor/open_baseband/openasip/custom_units/LDPC/LDPC_decoder/new/project_1.srcs/sources_1/imports/new/cn_core.v', Line 1326.
WARNING: [Synth 37-126] [ASSIGN-9]Some bits in IO 'out_llr' are not set. First unset bit index is 0. 
RTL Name 'out_llr', Hierarchy 'cn_core', File 'cn_core.v', Line 57.
WARNING: [Synth 37-125] [ASSIGN-10]Some bits in IO 'sel_demux_min_30' are not read. First unread bit index is 0. 
RTL Name 'sel_demux_min_30', Hierarchy 'cn_core', File 'cn_core.v', Line 77.
WARNING: [Synth 37-125] [ASSIGN-10]Some bits in IO 'sel_demux_min_31' are not read. First unread bit index is 0. 
RTL Name 'sel_demux_min_31', Hierarchy 'cn_core', File 'cn_core.v', Line 78.
WARNING: [Synth 37-125] [ASSIGN-10]Some bits in IO 'sel_demux_mul_30' are not read. First unread bit index is 0. 
RTL Name 'sel_demux_mul_30', Hierarchy 'cn_core', File 'cn_core.v', Line 80.
WARNING: [Synth 37-125] [ASSIGN-10]Some bits in IO 'sel_demux_mul_31' are not read. First unread bit index is 0. 
RTL Name 'sel_demux_mul_31', Hierarchy 'cn_core', File 'cn_core.v', Line 81.
INFO: [Synth 37-85] Total of 12 linter message(s) generated.
INFO: [Synth 37-45] Linter Run Finished!
Synthesis Optimization Runtime : Time (s): cpu = 00:00:05 ; elapsed = 00:00:05 . Memory (MB): peak = 13857.285 ; gain = 0.000 ; free physical = 633 ; free virtual = 11326
INFO: [Common 17-83] Releasing license: Synthesis
25 Infos, 14 Warnings, 0 Critical Warnings and 0 Errors encountered.
synth_design completed successfully
WARNING: [filemgmt 56-199] Attempt to get parsing info during refresh. "On-the-fly" syntax checking information may be incorrect. [/home/victor/open_baseband/openasip/custom_units/LDPC/LDPC_decoder/new/project_1.srcs/sources_1/imports/new/ldpc.v:]
WARNING: [filemgmt 56-199] Attempt to get parsing info during refresh. "On-the-fly" syntax checking information may be incorrect. [/home/victor/open_baseband/openasip/custom_units/LDPC/LDPC_decoder/new/project_1.srcs/sources_1/imports/new/cn_core.v:]
WARNING: [filemgmt 56-199] Attempt to get parsing info during refresh. "On-the-fly" syntax checking information may be incorrect. [/home/victor/open_baseband/openasip/custom_units/LDPC/LDPC_decoder/new/project_1.srcs/sources_1/imports/new/defines.vh:]
WARNING: [filemgmt 56-199] Attempt to get parsing info during refresh. "On-the-fly" syntax checking information may be incorrect. [/home/victor/open_baseband/openasip/custom_units/LDPC/LDPC_decoder/new/project_1.srcs/sources_1/imports/new/cn_core.v:]
WARNING: [filemgmt 56-199] Attempt to get parsing info during refresh. "On-the-fly" syntax checking information may be incorrect. [/home/victor/open_baseband/openasip/custom_units/LDPC/LDPC_decoder/new/project_1.srcs/sources_1/imports/new/cn_core.v:]
WARNING: [filemgmt 56-199] Attempt to get parsing info during refresh. "On-the-fly" syntax checking information may be incorrect. [/home/victor/open_baseband/openasip/custom_units/LDPC/LDPC_decoder/new/project_1.srcs/sources_1/imports/new/ldpc.v:]
WARNING: [filemgmt 56-199] Attempt to get parsing info during refresh. "On-the-fly" syntax checking information may be incorrect. [/home/victor/open_baseband/openasip/custom_units/LDPC/LDPC_decoder/new/project_1.srcs/sources_1/imports/new/cn_core.v:]
WARNING: [filemgmt 56-199] Attempt to get parsing info during refresh. "On-the-fly" syntax checking information may be incorrect. [/home/victor/open_baseband/openasip/custom_units/LDPC/LDPC_decoder/new/project_1.srcs/sources_1/imports/new/defines.vh:]
WARNING: [filemgmt 56-199] Attempt to get parsing info during refresh. "On-the-fly" syntax checking information may be incorrect. [/home/victor/open_baseband/openasip/custom_units/LDPC/LDPC_decoder/new/project_1.srcs/sources_1/imports/new/defines.vh:]
WARNING: [filemgmt 56-199] Attempt to get parsing info during refresh. "On-the-fly" syntax checking information may be incorrect. [/home/victor/open_baseband/openasip/custom_units/LDPC/LDPC_decoder/new/project_1.srcs/sources_1/imports/new/defines.vh:]
update_files -from_files /home/victor/open_baseband/openasip/custom_units/LDPC/LDPC_decoder/new/ldpc.v -to_files /home/victor/open_baseband/openasip/custom_units/LDPC/LDPC_decoder/new/project_1.srcs/sources_1/imports/new/ldpc.v -filesets [get_filesets *]
INFO: [filemgmt 20-762] Replacing file '/home/victor/open_baseband/openasip/custom_units/LDPC/LDPC_decoder/new/project_1.srcs/sources_1/imports/new/ldpc.v' with file '/home/victor/open_baseband/openasip/custom_units/LDPC/LDPC_decoder/new/ldpc.v'.
INFO: [filemgmt 20-1080] Importing file from '/home/victor/open_baseband/openasip/custom_units/LDPC/LDPC_decoder/new/ldpc.v' to '/home/victor/open_baseband/openasip/custom_units/LDPC/LDPC_decoder/new/project_1.srcs/sources_1/imports/new/ldpc.v'.
WARNING: [filemgmt 56-199] Attempt to get parsing info during refresh. "On-the-fly" syntax checking information may be incorrect. [/home/victor/open_baseband/openasip/custom_units/LDPC/LDPC_decoder/new/project_1.srcs/sources_1/imports/new/ldpc.v:]
WARNING: [filemgmt 56-199] Attempt to get parsing info during refresh. "On-the-fly" syntax checking information may be incorrect. [/home/victor/open_baseband/openasip/custom_units/LDPC/LDPC_decoder/new/project_1.srcs/sources_1/imports/new/cn_core.v:]
WARNING: [filemgmt 56-199] Attempt to get parsing info during refresh. "On-the-fly" syntax checking information may be incorrect. [/home/victor/open_baseband/openasip/custom_units/LDPC/LDPC_decoder/new/project_1.srcs/sources_1/imports/new/defines.vh:]
WARNING: [filemgmt 56-199] Attempt to get parsing info during refresh. "On-the-fly" syntax checking information may be incorrect. [/home/victor/open_baseband/openasip/custom_units/LDPC/LDPC_decoder/new/project_1.srcs/sources_1/imports/new/cn_core.v:]
WARNING: [filemgmt 56-199] Attempt to get parsing info during refresh. "On-the-fly" syntax checking information may be incorrect. [/home/victor/open_baseband/openasip/custom_units/LDPC/LDPC_decoder/new/project_1.srcs/sources_1/imports/new/cn_core.v:]
WARNING: [filemgmt 56-199] Attempt to get parsing info during refresh. "On-the-fly" syntax checking information may be incorrect. [/home/victor/open_baseband/openasip/custom_units/LDPC/LDPC_decoder/new/project_1.srcs/sources_1/imports/new/ldpc.v:]
WARNING: [filemgmt 56-199] Attempt to get parsing info during refresh. "On-the-fly" syntax checking information may be incorrect. [/home/victor/open_baseband/openasip/custom_units/LDPC/LDPC_decoder/new/project_1.srcs/sources_1/imports/new/cn_core.v:]
WARNING: [filemgmt 56-199] Attempt to get parsing info during refresh. "On-the-fly" syntax checking information may be incorrect. [/home/victor/open_baseband/openasip/custom_units/LDPC/LDPC_decoder/new/project_1.srcs/sources_1/imports/new/defines.vh:]
WARNING: [filemgmt 56-199] Attempt to get parsing info during refresh. "On-the-fly" syntax checking information may be incorrect. [/home/victor/open_baseband/openasip/custom_units/LDPC/LDPC_decoder/new/project_1.srcs/sources_1/imports/new/defines.vh:]
WARNING: [filemgmt 56-199] Attempt to get parsing info during refresh. "On-the-fly" syntax checking information may be incorrect. [/home/victor/open_baseband/openasip/custom_units/LDPC/LDPC_decoder/new/project_1.srcs/sources_1/imports/new/defines.vh:]
WARNING: [filemgmt 56-199] Attempt to get parsing info during refresh. "On-the-fly" syntax checking information may be incorrect. [/home/victor/open_baseband/openasip/custom_units/LDPC/LDPC_decoder/new/project_1.srcs/sources_1/imports/new/ldpc.v:]
WARNING: [filemgmt 56-199] Attempt to get parsing info during refresh. "On-the-fly" syntax checking information may be incorrect. [/home/victor/open_baseband/openasip/custom_units/LDPC/LDPC_decoder/new/project_1.srcs/sources_1/imports/new/cn_core.v:]
WARNING: [filemgmt 56-199] Attempt to get parsing info during refresh. "On-the-fly" syntax checking information may be incorrect. [/home/victor/open_baseband/openasip/custom_units/LDPC/LDPC_decoder/new/project_1.srcs/sources_1/imports/new/defines.vh:]
WARNING: [filemgmt 56-199] Attempt to get parsing info during refresh. "On-the-fly" syntax checking information may be incorrect. [/home/victor/open_baseband/openasip/custom_units/LDPC/LDPC_decoder/new/project_1.srcs/sources_1/imports/new/cn_core.v:]
WARNING: [filemgmt 56-199] Attempt to get parsing info during refresh. "On-the-fly" syntax checking information may be incorrect. [/home/victor/open_baseband/openasip/custom_units/LDPC/LDPC_decoder/new/project_1.srcs/sources_1/imports/new/cn_core.v:]
WARNING: [filemgmt 56-199] Attempt to get parsing info during refresh. "On-the-fly" syntax checking information may be incorrect. [/home/victor/open_baseband/openasip/custom_units/LDPC/LDPC_decoder/new/project_1.srcs/sources_1/imports/new/ldpc.v:]
WARNING: [filemgmt 56-199] Attempt to get parsing info during refresh. "On-the-fly" syntax checking information may be incorrect. [/home/victor/open_baseband/openasip/custom_units/LDPC/LDPC_decoder/new/project_1.srcs/sources_1/imports/new/cn_core.v:]
WARNING: [filemgmt 56-199] Attempt to get parsing info during refresh. "On-the-fly" syntax checking information may be incorrect. [/home/victor/open_baseband/openasip/custom_units/LDPC/LDPC_decoder/new/project_1.srcs/sources_1/imports/new/defines.vh:]
WARNING: [filemgmt 56-199] Attempt to get parsing info during refresh. "On-the-fly" syntax checking information may be incorrect. [/home/victor/open_baseband/openasip/custom_units/LDPC/LDPC_decoder/new/project_1.srcs/sources_1/imports/new/defines.vh:]
WARNING: [filemgmt 56-199] Attempt to get parsing info during refresh. "On-the-fly" syntax checking information may be incorrect. [/home/victor/open_baseband/openasip/custom_units/LDPC/LDPC_decoder/new/project_1.srcs/sources_1/imports/new/defines.vh:]
update_files -from_files /home/victor/open_baseband/openasip/custom_units/LDPC/LDPC_decoder/new/ldpc.v -to_files /home/victor/open_baseband/openasip/custom_units/LDPC/LDPC_decoder/new/project_1.srcs/sources_1/imports/new/cn_core.v -filesets [get_filesets *]
INFO: [filemgmt 20-762] Replacing file '/home/victor/open_baseband/openasip/custom_units/LDPC/LDPC_decoder/new/project_1.srcs/sources_1/imports/new/cn_core.v' with file '/home/victor/open_baseband/openasip/custom_units/LDPC/LDPC_decoder/new/ldpc.v'.
INFO: [filemgmt 20-1080] Importing file from '/home/victor/open_baseband/openasip/custom_units/LDPC/LDPC_decoder/new/ldpc.v' to '/home/victor/open_baseband/openasip/custom_units/LDPC/LDPC_decoder/new/project_1.srcs/sources_1/imports/new/ldpc.v'.
WARNING: [filemgmt 56-199] Attempt to get parsing info during refresh. "On-the-fly" syntax checking information may be incorrect. [/home/victor/open_baseband/openasip/custom_units/LDPC/LDPC_decoder/new/project_1.srcs/sources_1/imports/new/ldpc.v:]
WARNING: [filemgmt 56-199] Attempt to get parsing info during refresh. "On-the-fly" syntax checking information may be incorrect. [/home/victor/open_baseband/openasip/custom_units/LDPC/LDPC_decoder/new/project_1.srcs/sources_1/imports/new/cn_core.v:]
WARNING: [filemgmt 56-199] Attempt to get parsing info during refresh. "On-the-fly" syntax checking information may be incorrect. [/home/victor/open_baseband/openasip/custom_units/LDPC/LDPC_decoder/new/project_1.srcs/sources_1/imports/new/defines.vh:]
WARNING: [filemgmt 56-199] Attempt to get parsing info during refresh. "On-the-fly" syntax checking information may be incorrect. [/home/victor/open_baseband/openasip/custom_units/LDPC/LDPC_decoder/new/project_1.srcs/sources_1/imports/new/ldpc.v:]
WARNING: [filemgmt 56-199] Attempt to get parsing info during refresh. "On-the-fly" syntax checking information may be incorrect. [/home/victor/open_baseband/openasip/custom_units/LDPC/LDPC_decoder/new/project_1.srcs/sources_1/imports/new/ldpc.v:]
synth_design -top cn_core -part xczu7ev-ffvc1156-2-e -lint 
Command: synth_design -top cn_core -part xczu7ev-ffvc1156-2-e -lint
Starting synth_design
Attempting to get a license for feature 'Synthesis' and/or device 'xczu7ev'
INFO: [Common 17-349] Got license for feature 'Synthesis' and/or device 'xczu7ev'
INFO: [Synth 8-7079] Multithreading enabled for synth_design using a maximum of 7 processes.
---------------------------------------------------------------------------------
Starting Synthesize : Time (s): cpu = 00:00:03 ; elapsed = 00:00:03 . Memory (MB): peak = 13857.285 ; gain = 0.000 ; free physical = 552 ; free virtual = 11248
---------------------------------------------------------------------------------
Clean up Linter database...
ERROR: [Synth 8-439] module 'cn_core' not found
---------------------------------------------------------------------------------
Finished Synthesize : Time (s): cpu = 00:00:05 ; elapsed = 00:00:04 . Memory (MB): peak = 13857.285 ; gain = 0.000 ; free physical = 552 ; free virtual = 11247
---------------------------------------------------------------------------------
synthesize failed
INFO: [Common 17-83] Releasing license: Synthesis
3 Infos, 0 Warnings, 0 Critical Warnings and 1 Errors encountered.
synth_design completed successfully
ERROR: [Common 17-39] 'synth_design' failed due to earlier errors.
WARNING: [filemgmt 56-199] Attempt to get parsing info during refresh. "On-the-fly" syntax checking information may be incorrect. [/home/victor/open_baseband/openasip/custom_units/LDPC/LDPC_decoder/new/project_1.srcs/sources_1/imports/new/ldpc.v:]
WARNING: [filemgmt 56-199] Attempt to get parsing info during refresh. "On-the-fly" syntax checking information may be incorrect. [/home/victor/open_baseband/openasip/custom_units/LDPC/LDPC_decoder/new/project_1.srcs/sources_1/imports/new/cn_core.v:]
WARNING: [filemgmt 56-199] Attempt to get parsing info during refresh. "On-the-fly" syntax checking information may be incorrect. [/home/victor/open_baseband/openasip/custom_units/LDPC/LDPC_decoder/new/project_1.srcs/sources_1/imports/new/defines.vh:]
WARNING: [filemgmt 56-199] Attempt to get parsing info during refresh. "On-the-fly" syntax checking information may be incorrect. [/home/victor/open_baseband/openasip/custom_units/LDPC/LDPC_decoder/new/project_1.srcs/sources_1/imports/new/defines.vh:]
WARNING: [filemgmt 56-199] Attempt to get parsing info during refresh. "On-the-fly" syntax checking information may be incorrect. [/home/victor/open_baseband/openasip/custom_units/LDPC/LDPC_decoder/new/project_1.srcs/sources_1/imports/new/defines.vh:]
update_files -from_files /home/victor/open_baseband/openasip/custom_units/LDPC/LDPC_decoder/new/ldpc.v -to_files /home/victor/open_baseband/openasip/custom_units/LDPC/LDPC_decoder/new/project_1.srcs/sources_1/imports/new/ldpc.v -filesets [get_filesets *]
INFO: [filemgmt 20-762] Replacing file '/home/victor/open_baseband/openasip/custom_units/LDPC/LDPC_decoder/new/project_1.srcs/sources_1/imports/new/ldpc.v' with file '/home/victor/open_baseband/openasip/custom_units/LDPC/LDPC_decoder/new/ldpc.v'.
INFO: [filemgmt 20-1080] Importing file from '/home/victor/open_baseband/openasip/custom_units/LDPC/LDPC_decoder/new/ldpc.v' to '/home/victor/open_baseband/openasip/custom_units/LDPC/LDPC_decoder/new/project_1.srcs/sources_1/imports/new/ldpc.v'.
WARNING: [filemgmt 56-199] Attempt to get parsing info during refresh. "On-the-fly" syntax checking information may be incorrect. [/home/victor/open_baseband/openasip/custom_units/LDPC/LDPC_decoder/new/project_1.srcs/sources_1/imports/new/ldpc.v:]
WARNING: [filemgmt 56-199] Attempt to get parsing info during refresh. "On-the-fly" syntax checking information may be incorrect. [/home/victor/open_baseband/openasip/custom_units/LDPC/LDPC_decoder/new/project_1.srcs/sources_1/imports/new/cn_core.v:]
WARNING: [filemgmt 56-199] Attempt to get parsing info during refresh. "On-the-fly" syntax checking information may be incorrect. [/home/victor/open_baseband/openasip/custom_units/LDPC/LDPC_decoder/new/project_1.srcs/sources_1/imports/new/defines.vh:]
WARNING: [filemgmt 56-199] Attempt to get parsing info during refresh. "On-the-fly" syntax checking information may be incorrect. [/home/victor/open_baseband/openasip/custom_units/LDPC/LDPC_decoder/new/project_1.srcs/sources_1/imports/new/defines.vh:]
WARNING: [filemgmt 56-199] Attempt to get parsing info during refresh. "On-the-fly" syntax checking information may be incorrect. [/home/victor/open_baseband/openasip/custom_units/LDPC/LDPC_decoder/new/project_1.srcs/sources_1/imports/new/defines.vh:]
synth_design -top cn_core -part xczu7ev-ffvc1156-2-e -lint 
Command: synth_design -top cn_core -part xczu7ev-ffvc1156-2-e -lint
Starting synth_design
Attempting to get a license for feature 'Synthesis' and/or device 'xczu7ev'
INFO: [Common 17-349] Got license for feature 'Synthesis' and/or device 'xczu7ev'
INFO: [Synth 8-7079] Multithreading enabled for synth_design using a maximum of 7 processes.
---------------------------------------------------------------------------------
Starting Synthesize : Time (s): cpu = 00:00:03 ; elapsed = 00:00:03 . Memory (MB): peak = 13870.645 ; gain = 0.000 ; free physical = 755 ; free virtual = 11451
---------------------------------------------------------------------------------
Clean up Linter database...
INFO: [Synth 8-6157] synthesizing module 'cn_core' [/home/victor/open_baseband/openasip/custom_units/LDPC/LDPC_decoder/new/cn_core.v:48]
INFO: [Synth 8-6157] synthesizing module 'cn_proc' [/home/victor/open_baseband/openasip/custom_units/LDPC/LDPC_decoder/new/cn_proc.v:1]
	Parameter GROUP bound to: 3 - type: integer 
	Parameter WIDTH bound to: 8 - type: integer 
INFO: [Synth 8-6155] done synthesizing module 'cn_proc' (1#1) [/home/victor/open_baseband/openasip/custom_units/LDPC/LDPC_decoder/new/cn_proc.v:1]
INFO: [Synth 8-6157] synthesizing module 'cn_proc__parameterized0' [/home/victor/open_baseband/openasip/custom_units/LDPC/LDPC_decoder/new/cn_proc.v:1]
	Parameter GROUP bound to: 4 - type: integer 
	Parameter WIDTH bound to: 8 - type: integer 
INFO: [Synth 8-6155] done synthesizing module 'cn_proc__parameterized0' (1#1) [/home/victor/open_baseband/openasip/custom_units/LDPC/LDPC_decoder/new/cn_proc.v:1]
INFO: [Synth 8-6157] synthesizing module 'cn_proc__parameterized1' [/home/victor/open_baseband/openasip/custom_units/LDPC/LDPC_decoder/new/cn_proc.v:1]
	Parameter GROUP bound to: 5 - type: integer 
	Parameter WIDTH bound to: 8 - type: integer 
INFO: [Synth 8-6155] done synthesizing module 'cn_proc__parameterized1' (1#1) [/home/victor/open_baseband/openasip/custom_units/LDPC/LDPC_decoder/new/cn_proc.v:1]
INFO: [Synth 8-6157] synthesizing module 'cn_proc__parameterized2' [/home/victor/open_baseband/openasip/custom_units/LDPC/LDPC_decoder/new/cn_proc.v:1]
	Parameter GROUP bound to: 6 - type: integer 
	Parameter WIDTH bound to: 8 - type: integer 
INFO: [Synth 8-6155] done synthesizing module 'cn_proc__parameterized2' (1#1) [/home/victor/open_baseband/openasip/custom_units/LDPC/LDPC_decoder/new/cn_proc.v:1]
INFO: [Synth 8-6157] synthesizing module 'cn_proc__parameterized3' [/home/victor/open_baseband/openasip/custom_units/LDPC/LDPC_decoder/new/cn_proc.v:1]
	Parameter GROUP bound to: 7 - type: integer 
	Parameter WIDTH bound to: 8 - type: integer 
INFO: [Synth 8-6155] done synthesizing module 'cn_proc__parameterized3' (1#1) [/home/victor/open_baseband/openasip/custom_units/LDPC/LDPC_decoder/new/cn_proc.v:1]
INFO: [Synth 8-6157] synthesizing module 'cn_proc__parameterized4' [/home/victor/open_baseband/openasip/custom_units/LDPC/LDPC_decoder/new/cn_proc.v:1]
	Parameter GROUP bound to: 8 - type: integer 
	Parameter WIDTH bound to: 8 - type: integer 
INFO: [Synth 8-6155] done synthesizing module 'cn_proc__parameterized4' (1#1) [/home/victor/open_baseband/openasip/custom_units/LDPC/LDPC_decoder/new/cn_proc.v:1]
INFO: [Synth 8-6157] synthesizing module 'cn_proc__parameterized5' [/home/victor/open_baseband/openasip/custom_units/LDPC/LDPC_decoder/new/cn_proc.v:1]
	Parameter GROUP bound to: 9 - type: integer 
	Parameter WIDTH bound to: 8 - type: integer 
INFO: [Synth 8-6155] done synthesizing module 'cn_proc__parameterized5' (1#1) [/home/victor/open_baseband/openasip/custom_units/LDPC/LDPC_decoder/new/cn_proc.v:1]
INFO: [Synth 8-6157] synthesizing module 'cn_proc__parameterized6' [/home/victor/open_baseband/openasip/custom_units/LDPC/LDPC_decoder/new/cn_proc.v:1]
	Parameter GROUP bound to: 10 - type: integer 
	Parameter WIDTH bound to: 8 - type: integer 
INFO: [Synth 8-6155] done synthesizing module 'cn_proc__parameterized6' (1#1) [/home/victor/open_baseband/openasip/custom_units/LDPC/LDPC_decoder/new/cn_proc.v:1]
INFO: [Synth 8-6157] synthesizing module 'cn_proc__parameterized7' [/home/victor/open_baseband/openasip/custom_units/LDPC/LDPC_decoder/new/cn_proc.v:1]
	Parameter GROUP bound to: 19 - type: integer 
	Parameter WIDTH bound to: 8 - type: integer 
INFO: [Synth 8-6155] done synthesizing module 'cn_proc__parameterized7' (1#1) [/home/victor/open_baseband/openasip/custom_units/LDPC/LDPC_decoder/new/cn_proc.v:1]
INFO: [Synth 8-6155] done synthesizing module 'cn_core' (2#1) [/home/victor/open_baseband/openasip/custom_units/LDPC/LDPC_decoder/new/cn_core.v:48]
---------------------------------------------------------------------------------
Finished Synthesize : Time (s): cpu = 00:00:04 ; elapsed = 00:00:04 . Memory (MB): peak = 13870.645 ; gain = 0.000 ; free physical = 764 ; free virtual = 11460
---------------------------------------------------------------------------------
Copyright 1986-2022 Xilinx, Inc. All Rights Reserved. Copyright 2022-2025 Advanced Micro Devices, Inc. All Rights Reserved.
---------------------------------------------------------------------------------------------------------------------------------------------
| Tool Version : Vivado v.2025.2 (lin64) Build 6299465 Fri Nov 14 12:34:56 MST 2025
| Date         : Sun May  3 16:02:33 2026
| Host         : victor-IdeaPad-Slim-3-15ARP10 running 64-bit Ubuntu 24.04.4 LTS
---------------------------------------------------------------------------------------------------------------------------------------------

RTL Linter Report

Table of Contents
-----------------
1. Summary

1. Summary
----------

+-----------+----------+--------------+----------+
| Rule ID   | Severity | # Violations | # Waived |
+-----------+----------+--------------+----------+
| ASSIGN-5  | WARNING  | 1            | 0        |
| ASSIGN-6  | WARNING  | 6            | 0        |
| ASSIGN-9  | WARNING  | 1            | 0        |
| ASSIGN-10 | WARNING  | 4            | 0        |
+-----------+----------+--------------+----------+


WARNING: [Synth 37-124] [ASSIGN-5]Some bits in 'out_llr_r' are not set. First unset bit index is 0. 
RTL Name 'out_llr_r', Hierarchy 'cn_core', File 'cn_core.v', Line 2272.
WARNING: [Synth 37-93] [ASSIGN-6]Signal 'gen_min_mul_buses_19.out_demux_min_0' was assigned but not read. 
RTL Name 'gen_min_mul_buses_19.out_demux_min_0', Hierarchy 'cn_core', File '/home/victor/open_baseband/openasip/custom_units/LDPC/LDPC_decoder/new/cn_core.v', Line 1321.
WARNING: [Synth 37-93] [ASSIGN-6]Signal 'gen_min_mul_buses_19.out_demux_min_1' was assigned but not read. 
RTL Name 'gen_min_mul_buses_19.out_demux_min_1', Hierarchy 'cn_core', File '/home/victor/open_baseband/openasip/custom_units/LDPC/LDPC_decoder/new/cn_core.v', Line 1322.
WARNING: [Synth 37-93] [ASSIGN-6]Signal 'gen_min_mul_buses_19.out_demux_min_2' was assigned but not read. 
RTL Name 'gen_min_mul_buses_19.out_demux_min_2', Hierarchy 'cn_core', File '/home/victor/open_baseband/openasip/custom_units/LDPC/LDPC_decoder/new/cn_core.v', Line 1323.
WARNING: [Synth 37-93] [ASSIGN-6]Signal 'gen_min_mul_buses_19.out_demux_mul_0' was assigned but not read. 
RTL Name 'gen_min_mul_buses_19.out_demux_mul_0', Hierarchy 'cn_core', File '/home/victor/open_baseband/openasip/custom_units/LDPC/LDPC_decoder/new/cn_core.v', Line 1324.
WARNING: [Synth 37-93] [ASSIGN-6]Signal 'gen_min_mul_buses_19.out_demux_mul_1' was assigned but not read. 
RTL Name 'gen_min_mul_buses_19.out_demux_mul_1', Hierarchy 'cn_core', File '/home/victor/open_baseband/openasip/custom_units/LDPC/LDPC_decoder/new/cn_core.v', Line 1325.
WARNING: [Synth 37-93] [ASSIGN-6]Signal 'gen_min_mul_buses_19.out_demux_mul_2' was assigned but not read. 
RTL Name 'gen_min_mul_buses_19.out_demux_mul_2', Hierarchy 'cn_core', File '/home/victor/open_baseband/openasip/custom_units/LDPC/LDPC_decoder/new/cn_core.v', Line 1326.
WARNING: [Synth 37-126] [ASSIGN-9]Some bits in IO 'out_llr' are not set. First unset bit index is 0. 
RTL Name 'out_llr', Hierarchy 'cn_core', File 'cn_core.v', Line 57.
WARNING: [Synth 37-125] [ASSIGN-10]Some bits in IO 'sel_demux_min_30' are not read. First unread bit index is 0. 
RTL Name 'sel_demux_min_30', Hierarchy 'cn_core', File 'cn_core.v', Line 77.
WARNING: [Synth 37-125] [ASSIGN-10]Some bits in IO 'sel_demux_min_31' are not read. First unread bit index is 0. 
RTL Name 'sel_demux_min_31', Hierarchy 'cn_core', File 'cn_core.v', Line 78.
WARNING: [Synth 37-125] [ASSIGN-10]Some bits in IO 'sel_demux_mul_30' are not read. First unread bit index is 0. 
RTL Name 'sel_demux_mul_30', Hierarchy 'cn_core', File 'cn_core.v', Line 80.
WARNING: [Synth 37-125] [ASSIGN-10]Some bits in IO 'sel_demux_mul_31' are not read. First unread bit index is 0. 
RTL Name 'sel_demux_mul_31', Hierarchy 'cn_core', File 'cn_core.v', Line 81.
INFO: [Synth 37-85] Total of 12 linter message(s) generated.
INFO: [Synth 37-45] Linter Run Finished!
Synthesis Optimization Runtime : Time (s): cpu = 00:00:04 ; elapsed = 00:00:04 . Memory (MB): peak = 13870.645 ; gain = 0.000 ; free physical = 757 ; free virtual = 11453
INFO: [Common 17-83] Releasing license: Synthesis
25 Infos, 12 Warnings, 0 Critical Warnings and 0 Errors encountered.
synth_design completed successfully
synth_design -rtl -rtl_skip_mlo -name rtl_1
Command: synth_design -rtl -rtl_skip_mlo -name rtl_1
Starting synth_design
Using part: xczu7ev-ffvc1156-2-e
Top: cn_core
INFO: [Synth 8-7079] Multithreading enabled for synth_design using a maximum of 7 processes.
---------------------------------------------------------------------------------
Starting RTL Elaboration : Time (s): cpu = 00:00:03 ; elapsed = 00:00:03 . Memory (MB): peak = 13870.645 ; gain = 0.000 ; free physical = 608 ; free virtual = 11304
---------------------------------------------------------------------------------
INFO: [Synth 8-6157] synthesizing module 'cn_core' [/home/victor/open_baseband/openasip/custom_units/LDPC/LDPC_decoder/new/cn_core.v:48]
INFO: [Synth 8-6157] synthesizing module 'cn_proc' [/home/victor/open_baseband/openasip/custom_units/LDPC/LDPC_decoder/new/cn_proc.v:1]
	Parameter GROUP bound to: 3 - type: integer 
	Parameter WIDTH bound to: 8 - type: integer 
INFO: [Synth 8-6155] done synthesizing module 'cn_proc' (0#1) [/home/victor/open_baseband/openasip/custom_units/LDPC/LDPC_decoder/new/cn_proc.v:1]
INFO: [Synth 8-6157] synthesizing module 'cn_proc__parameterized0' [/home/victor/open_baseband/openasip/custom_units/LDPC/LDPC_decoder/new/cn_proc.v:1]
	Parameter GROUP bound to: 4 - type: integer 
	Parameter WIDTH bound to: 8 - type: integer 
INFO: [Synth 8-6155] done synthesizing module 'cn_proc__parameterized0' (0#1) [/home/victor/open_baseband/openasip/custom_units/LDPC/LDPC_decoder/new/cn_proc.v:1]
INFO: [Synth 8-6157] synthesizing module 'cn_proc__parameterized1' [/home/victor/open_baseband/openasip/custom_units/LDPC/LDPC_decoder/new/cn_proc.v:1]
	Parameter GROUP bound to: 5 - type: integer 
	Parameter WIDTH bound to: 8 - type: integer 
INFO: [Synth 8-6155] done synthesizing module 'cn_proc__parameterized1' (0#1) [/home/victor/open_baseband/openasip/custom_units/LDPC/LDPC_decoder/new/cn_proc.v:1]
INFO: [Synth 8-6157] synthesizing module 'cn_proc__parameterized2' [/home/victor/open_baseband/openasip/custom_units/LDPC/LDPC_decoder/new/cn_proc.v:1]
	Parameter GROUP bound to: 6 - type: integer 
	Parameter WIDTH bound to: 8 - type: integer 
INFO: [Synth 8-6155] done synthesizing module 'cn_proc__parameterized2' (0#1) [/home/victor/open_baseband/openasip/custom_units/LDPC/LDPC_decoder/new/cn_proc.v:1]
INFO: [Synth 8-6157] synthesizing module 'cn_proc__parameterized3' [/home/victor/open_baseband/openasip/custom_units/LDPC/LDPC_decoder/new/cn_proc.v:1]
	Parameter GROUP bound to: 7 - type: integer 
	Parameter WIDTH bound to: 8 - type: integer 
INFO: [Synth 8-6155] done synthesizing module 'cn_proc__parameterized3' (0#1) [/home/victor/open_baseband/openasip/custom_units/LDPC/LDPC_decoder/new/cn_proc.v:1]
INFO: [Synth 8-6157] synthesizing module 'cn_proc__parameterized4' [/home/victor/open_baseband/openasip/custom_units/LDPC/LDPC_decoder/new/cn_proc.v:1]
	Parameter GROUP bound to: 8 - type: integer 
	Parameter WIDTH bound to: 8 - type: integer 
INFO: [Synth 8-6155] done synthesizing module 'cn_proc__parameterized4' (0#1) [/home/victor/open_baseband/openasip/custom_units/LDPC/LDPC_decoder/new/cn_proc.v:1]
INFO: [Synth 8-6157] synthesizing module 'cn_proc__parameterized5' [/home/victor/open_baseband/openasip/custom_units/LDPC/LDPC_decoder/new/cn_proc.v:1]
	Parameter GROUP bound to: 9 - type: integer 
	Parameter WIDTH bound to: 8 - type: integer 
INFO: [Synth 8-6155] done synthesizing module 'cn_proc__parameterized5' (0#1) [/home/victor/open_baseband/openasip/custom_units/LDPC/LDPC_decoder/new/cn_proc.v:1]
INFO: [Synth 8-6157] synthesizing module 'cn_proc__parameterized6' [/home/victor/open_baseband/openasip/custom_units/LDPC/LDPC_decoder/new/cn_proc.v:1]
	Parameter GROUP bound to: 10 - type: integer 
	Parameter WIDTH bound to: 8 - type: integer 
INFO: [Synth 8-6155] done synthesizing module 'cn_proc__parameterized6' (0#1) [/home/victor/open_baseband/openasip/custom_units/LDPC/LDPC_decoder/new/cn_proc.v:1]
INFO: [Synth 8-6157] synthesizing module 'cn_proc__parameterized7' [/home/victor/open_baseband/openasip/custom_units/LDPC/LDPC_decoder/new/cn_proc.v:1]
	Parameter GROUP bound to: 19 - type: integer 
	Parameter WIDTH bound to: 8 - type: integer 
INFO: [Synth 8-6155] done synthesizing module 'cn_proc__parameterized7' (0#1) [/home/victor/open_baseband/openasip/custom_units/LDPC/LDPC_decoder/new/cn_proc.v:1]
INFO: [Synth 8-6155] done synthesizing module 'cn_core' (0#1) [/home/victor/open_baseband/openasip/custom_units/LDPC/LDPC_decoder/new/cn_core.v:48]
---------------------------------------------------------------------------------
Finished RTL Elaboration : Time (s): cpu = 00:00:05 ; elapsed = 00:00:05 . Memory (MB): peak = 13870.645 ; gain = 0.000 ; free physical = 610 ; free virtual = 11306
---------------------------------------------------------------------------------
---------------------------------------------------------------------------------
Start Handling Custom Attributes
---------------------------------------------------------------------------------
---------------------------------------------------------------------------------
Finished Handling Custom Attributes : Time (s): cpu = 00:00:05 ; elapsed = 00:00:05 . Memory (MB): peak = 13870.645 ; gain = 0.000 ; free physical = 610 ; free virtual = 11306
---------------------------------------------------------------------------------
---------------------------------------------------------------------------------
Finished RTL Optimization Phase 1 : Time (s): cpu = 00:00:05 ; elapsed = 00:00:05 . Memory (MB): peak = 13870.645 ; gain = 0.000 ; free physical = 610 ; free virtual = 11306
---------------------------------------------------------------------------------
Netlist sorting complete. Time (s): cpu = 00:00:00.01 ; elapsed = 00:00:00.01 . Memory (MB): peak = 13870.645 ; gain = 0.000 ; free physical = 612 ; free virtual = 11307
INFO: [Project 1-570] Preparing netlist for logic optimization

Processing XDC Constraints
Initializing timing engine
Completed Processing XDC Constraints

Netlist sorting complete. Time (s): cpu = 00:00:00 ; elapsed = 00:00:00 . Memory (MB): peak = 13870.645 ; gain = 0.000 ; free physical = 731 ; free virtual = 11427
INFO: [Project 1-111] Unisim Transformation Summary:
No Unisim elements were transformed.

RTL Elaboration Complete:  : Time (s): cpu = 00:00:18 ; elapsed = 00:00:10 . Memory (MB): peak = 13894.641 ; gain = 23.996 ; free physical = 668 ; free virtual = 11393
23 Infos, 0 Warnings, 0 Critical Warnings and 0 Errors encountered.
synth_design completed successfully
synth_design: Time (s): cpu = 00:00:18 ; elapsed = 00:00:10 . Memory (MB): peak = 13894.641 ; gain = 23.996 ; free physical = 668 ; free virtual = 11393
INFO: [Common 17-2834] synth_design peak Physical Memory [PSS] (MB): overall = 4595.373; main = 4595.373; forked = 0.000
INFO: [Common 17-2834] synth_design peak Virtual Memory [VSS] (MB): overall = 13894.609; main = 13894.609; forked = 0.000
synth_design -top cn_core -part xczu7ev-ffvc1156-2-e -lint 
Command: synth_design -top cn_core -part xczu7ev-ffvc1156-2-e -lint
Starting synth_design
Attempting to get a license for feature 'Synthesis' and/or device 'xczu7ev'
INFO: [Common 17-349] Got license for feature 'Synthesis' and/or device 'xczu7ev'
INFO: [Synth 8-7079] Multithreading enabled for synth_design using a maximum of 7 processes.
---------------------------------------------------------------------------------
Starting Synthesize : Time (s): cpu = 00:00:03 ; elapsed = 00:00:03 . Memory (MB): peak = 13894.641 ; gain = 0.000 ; free physical = 370 ; free virtual = 11069
---------------------------------------------------------------------------------
Clean up Linter database...
INFO: [Synth 8-6157] synthesizing module 'cn_core' [/home/victor/open_baseband/openasip/custom_units/LDPC/LDPC_decoder/new/cn_core.v:48]
INFO: [Synth 8-6157] synthesizing module 'cn_proc' [/home/victor/open_baseband/openasip/custom_units/LDPC/LDPC_decoder/new/cn_proc.v:1]
	Parameter GROUP bound to: 3 - type: integer 
	Parameter WIDTH bound to: 8 - type: integer 
INFO: [Synth 8-6155] done synthesizing module 'cn_proc' (1#1) [/home/victor/open_baseband/openasip/custom_units/LDPC/LDPC_decoder/new/cn_proc.v:1]
INFO: [Synth 8-6157] synthesizing module 'cn_proc__parameterized0' [/home/victor/open_baseband/openasip/custom_units/LDPC/LDPC_decoder/new/cn_proc.v:1]
	Parameter GROUP bound to: 4 - type: integer 
	Parameter WIDTH bound to: 8 - type: integer 
INFO: [Synth 8-6155] done synthesizing module 'cn_proc__parameterized0' (1#1) [/home/victor/open_baseband/openasip/custom_units/LDPC/LDPC_decoder/new/cn_proc.v:1]
INFO: [Synth 8-6157] synthesizing module 'cn_proc__parameterized1' [/home/victor/open_baseband/openasip/custom_units/LDPC/LDPC_decoder/new/cn_proc.v:1]
	Parameter GROUP bound to: 5 - type: integer 
	Parameter WIDTH bound to: 8 - type: integer 
INFO: [Synth 8-6155] done synthesizing module 'cn_proc__parameterized1' (1#1) [/home/victor/open_baseband/openasip/custom_units/LDPC/LDPC_decoder/new/cn_proc.v:1]
INFO: [Synth 8-6157] synthesizing module 'cn_proc__parameterized2' [/home/victor/open_baseband/openasip/custom_units/LDPC/LDPC_decoder/new/cn_proc.v:1]
	Parameter GROUP bound to: 6 - type: integer 
	Parameter WIDTH bound to: 8 - type: integer 
INFO: [Synth 8-6155] done synthesizing module 'cn_proc__parameterized2' (1#1) [/home/victor/open_baseband/openasip/custom_units/LDPC/LDPC_decoder/new/cn_proc.v:1]
INFO: [Synth 8-6157] synthesizing module 'cn_proc__parameterized3' [/home/victor/open_baseband/openasip/custom_units/LDPC/LDPC_decoder/new/cn_proc.v:1]
	Parameter GROUP bound to: 7 - type: integer 
	Parameter WIDTH bound to: 8 - type: integer 
INFO: [Synth 8-6155] done synthesizing module 'cn_proc__parameterized3' (1#1) [/home/victor/open_baseband/openasip/custom_units/LDPC/LDPC_decoder/new/cn_proc.v:1]
INFO: [Synth 8-6157] synthesizing module 'cn_proc__parameterized4' [/home/victor/open_baseband/openasip/custom_units/LDPC/LDPC_decoder/new/cn_proc.v:1]
	Parameter GROUP bound to: 8 - type: integer 
	Parameter WIDTH bound to: 8 - type: integer 
INFO: [Synth 8-6155] done synthesizing module 'cn_proc__parameterized4' (1#1) [/home/victor/open_baseband/openasip/custom_units/LDPC/LDPC_decoder/new/cn_proc.v:1]
INFO: [Synth 8-6157] synthesizing module 'cn_proc__parameterized5' [/home/victor/open_baseband/openasip/custom_units/LDPC/LDPC_decoder/new/cn_proc.v:1]
	Parameter GROUP bound to: 9 - type: integer 
	Parameter WIDTH bound to: 8 - type: integer 
INFO: [Synth 8-6155] done synthesizing module 'cn_proc__parameterized5' (1#1) [/home/victor/open_baseband/openasip/custom_units/LDPC/LDPC_decoder/new/cn_proc.v:1]
INFO: [Synth 8-6157] synthesizing module 'cn_proc__parameterized6' [/home/victor/open_baseband/openasip/custom_units/LDPC/LDPC_decoder/new/cn_proc.v:1]
	Parameter GROUP bound to: 10 - type: integer 
	Parameter WIDTH bound to: 8 - type: integer 
INFO: [Synth 8-6155] done synthesizing module 'cn_proc__parameterized6' (1#1) [/home/victor/open_baseband/openasip/custom_units/LDPC/LDPC_decoder/new/cn_proc.v:1]
INFO: [Synth 8-6157] synthesizing module 'cn_proc__parameterized7' [/home/victor/open_baseband/openasip/custom_units/LDPC/LDPC_decoder/new/cn_proc.v:1]
	Parameter GROUP bound to: 19 - type: integer 
	Parameter WIDTH bound to: 8 - type: integer 
INFO: [Synth 8-6155] done synthesizing module 'cn_proc__parameterized7' (1#1) [/home/victor/open_baseband/openasip/custom_units/LDPC/LDPC_decoder/new/cn_proc.v:1]
INFO: [Synth 8-6155] done synthesizing module 'cn_core' (2#1) [/home/victor/open_baseband/openasip/custom_units/LDPC/LDPC_decoder/new/cn_core.v:48]
---------------------------------------------------------------------------------
Finished Synthesize : Time (s): cpu = 00:00:04 ; elapsed = 00:00:04 . Memory (MB): peak = 13894.641 ; gain = 0.000 ; free physical = 382 ; free virtual = 11081
---------------------------------------------------------------------------------
Copyright 1986-2022 Xilinx, Inc. All Rights Reserved. Copyright 2022-2025 Advanced Micro Devices, Inc. All Rights Reserved.
---------------------------------------------------------------------------------------------------------------------------------------------
| Tool Version : Vivado v.2025.2 (lin64) Build 6299465 Fri Nov 14 12:34:56 MST 2025
| Date         : Sun May  3 16:05:38 2026
| Host         : victor-IdeaPad-Slim-3-15ARP10 running 64-bit Ubuntu 24.04.4 LTS
---------------------------------------------------------------------------------------------------------------------------------------------

RTL Linter Report

Table of Contents
-----------------
1. Summary

1. Summary
----------

+-----------+----------+--------------+----------+
| Rule ID   | Severity | # Violations | # Waived |
+-----------+----------+--------------+----------+
| ASSIGN-5  | WARNING  | 1            | 0        |
| ASSIGN-6  | WARNING  | 6            | 0        |
| ASSIGN-9  | WARNING  | 1            | 0        |
| ASSIGN-10 | WARNING  | 4            | 0        |
+-----------+----------+--------------+----------+


WARNING: [Synth 37-124] [ASSIGN-5]Some bits in 'out_llr_r' are not set. First unset bit index is 0. 
RTL Name 'out_llr_r', Hierarchy 'cn_core', File 'cn_core.v', Line 2272.
WARNING: [Synth 37-93] [ASSIGN-6]Signal 'gen_min_mul_buses_19.out_demux_min_0' was assigned but not read. 
RTL Name 'gen_min_mul_buses_19.out_demux_min_0', Hierarchy 'cn_core', File '/home/victor/open_baseband/openasip/custom_units/LDPC/LDPC_decoder/new/cn_core.v', Line 1321.
WARNING: [Synth 37-93] [ASSIGN-6]Signal 'gen_min_mul_buses_19.out_demux_min_1' was assigned but not read. 
RTL Name 'gen_min_mul_buses_19.out_demux_min_1', Hierarchy 'cn_core', File '/home/victor/open_baseband/openasip/custom_units/LDPC/LDPC_decoder/new/cn_core.v', Line 1322.
WARNING: [Synth 37-93] [ASSIGN-6]Signal 'gen_min_mul_buses_19.out_demux_min_2' was assigned but not read. 
RTL Name 'gen_min_mul_buses_19.out_demux_min_2', Hierarchy 'cn_core', File '/home/victor/open_baseband/openasip/custom_units/LDPC/LDPC_decoder/new/cn_core.v', Line 1323.
WARNING: [Synth 37-93] [ASSIGN-6]Signal 'gen_min_mul_buses_19.out_demux_mul_0' was assigned but not read. 
RTL Name 'gen_min_mul_buses_19.out_demux_mul_0', Hierarchy 'cn_core', File '/home/victor/open_baseband/openasip/custom_units/LDPC/LDPC_decoder/new/cn_core.v', Line 1324.
WARNING: [Synth 37-93] [ASSIGN-6]Signal 'gen_min_mul_buses_19.out_demux_mul_1' was assigned but not read. 
RTL Name 'gen_min_mul_buses_19.out_demux_mul_1', Hierarchy 'cn_core', File '/home/victor/open_baseband/openasip/custom_units/LDPC/LDPC_decoder/new/cn_core.v', Line 1325.
WARNING: [Synth 37-93] [ASSIGN-6]Signal 'gen_min_mul_buses_19.out_demux_mul_2' was assigned but not read. 
RTL Name 'gen_min_mul_buses_19.out_demux_mul_2', Hierarchy 'cn_core', File '/home/victor/open_baseband/openasip/custom_units/LDPC/LDPC_decoder/new/cn_core.v', Line 1326.
WARNING: [Synth 37-126] [ASSIGN-9]Some bits in IO 'out_llr' are not set. First unset bit index is 0. 
RTL Name 'out_llr', Hierarchy 'cn_core', File 'cn_core.v', Line 57.
WARNING: [Synth 37-125] [ASSIGN-10]Some bits in IO 'sel_demux_min_30' are not read. First unread bit index is 0. 
RTL Name 'sel_demux_min_30', Hierarchy 'cn_core', File 'cn_core.v', Line 77.
WARNING: [Synth 37-125] [ASSIGN-10]Some bits in IO 'sel_demux_min_31' are not read. First unread bit index is 0. 
RTL Name 'sel_demux_min_31', Hierarchy 'cn_core', File 'cn_core.v', Line 78.
WARNING: [Synth 37-125] [ASSIGN-10]Some bits in IO 'sel_demux_mul_30' are not read. First unread bit index is 0. 
RTL Name 'sel_demux_mul_30', Hierarchy 'cn_core', File 'cn_core.v', Line 80.
WARNING: [Synth 37-125] [ASSIGN-10]Some bits in IO 'sel_demux_mul_31' are not read. First unread bit index is 0. 
RTL Name 'sel_demux_mul_31', Hierarchy 'cn_core', File 'cn_core.v', Line 81.
INFO: [Synth 37-85] Total of 12 linter message(s) generated.
INFO: [Synth 37-45] Linter Run Finished!
Synthesis Optimization Runtime : Time (s): cpu = 00:00:04 ; elapsed = 00:00:04 . Memory (MB): peak = 13894.641 ; gain = 0.000 ; free physical = 401 ; free virtual = 11100
INFO: [Common 17-83] Releasing license: Synthesis
25 Infos, 12 Warnings, 0 Critical Warnings and 0 Errors encountered.
synth_design completed successfully
launch_runs synth_1 -jobs 15
[Sun May  3 16:05:43 2026] Launched synth_1...
Run output will be captured here: /home/victor/open_baseband/openasip/custom_units/LDPC/LDPC_decoder/new/project_1.runs/synth_1/runme.log
close_design
open_run synth_1 -name synth_1
Design is defaulting to impl run constrset: constrs_1
Design is defaulting to synth run part: xczu7ev-ffvc1156-2-e
INFO: [Project 1-5699] Read binary netlist with skipMacroContent - 1
Netlist sorting complete. Time (s): cpu = 00:00:00 ; elapsed = 00:00:00 . Memory (MB): peak = 13894.641 ; gain = 0.000 ; free physical = 2587 ; free virtual = 11779
INFO: [Project 1-479] Netlist was created with Vivado 2025.2
INFO: [Project 1-570] Preparing netlist for logic optimization
INFO: [Opt 31-138] Pushed 0 inverter(s) to 0 load pin(s).
Netlist sorting complete. Time (s): cpu = 00:00:00 ; elapsed = 00:00:00 . Memory (MB): peak = 13894.641 ; gain = 0.000 ; free physical = 2592 ; free virtual = 11785
INFO: [Project 1-111] Unisim Transformation Summary:
No Unisim elements were transformed.

open_run: Time (s): cpu = 00:00:13 ; elapsed = 00:00:09 . Memory (MB): peak = 13895.641 ; gain = 1.000 ; free physical = 2579 ; free virtual = 11801
WARNING: [filemgmt 56-199] Attempt to get parsing info during refresh. "On-the-fly" syntax checking information may be incorrect. [/home/victor/open_baseband/openasip/custom_units/LDPC/LDPC_decoder/new/project_1.srcs/sources_1/imports/new/ldpc.v:]
WARNING: [filemgmt 56-199] Attempt to get parsing info during refresh. "On-the-fly" syntax checking information may be incorrect. [/home/victor/open_baseband/openasip/custom_units/LDPC/LDPC_decoder/new/project_1.srcs/sources_1/imports/new/cn_core.v:]
WARNING: [filemgmt 56-199] Attempt to get parsing info during refresh. "On-the-fly" syntax checking information may be incorrect. [/home/victor/open_baseband/openasip/custom_units/LDPC/LDPC_decoder/new/project_1.srcs/sources_1/imports/new/defines.vh:]
WARNING: [filemgmt 56-199] Attempt to get parsing info during refresh. "On-the-fly" syntax checking information may be incorrect. [/home/victor/open_baseband/openasip/custom_units/LDPC/LDPC_decoder/new/project_1.srcs/sources_1/imports/new/defines.vh:]
WARNING: [filemgmt 56-199] Attempt to get parsing info during refresh. "On-the-fly" syntax checking information may be incorrect. [/home/victor/open_baseband/openasip/custom_units/LDPC/LDPC_decoder/new/project_1.srcs/sources_1/imports/new/defines.vh:]
