#-----------------------------------------------------------
# Vivado v2025.2 (64-bit)
# SW Build 6299465 on Fri Nov 14 12:34:56 MST 2025
# IP Build 6300035 on Fri Nov 14 10:48:45 MST 2025
# SharedData Build 6298862 on Thu Nov 13 04:50:51 MST 2025
# Start of session at: Thu Jun  4 12:50:27 2026
# Process ID         : 33935
# Current directory  : /home/victor/open_baseband/openasip/custom_units/LDPC/LDPC_decoder/new
# Command line       : vivado project_1.xpr
# Log file           : /home/victor/open_baseband/openasip/custom_units/LDPC/LDPC_decoder/new/vivado.log
# Journal file       : /home/victor/open_baseband/openasip/custom_units/LDPC/LDPC_decoder/new/vivado.jou
# Running On         : victor-IdeaPad-Slim-3-15ARP10
# Platform           : Ubuntu
# Operating System   : Ubuntu 24.04.4 LTS
# Processor Detail   : AMD Ryzen 7 7735HS with Radeon Graphics
# CPU Frequency      : 3142.768 MHz
# CPU Physical cores : 8
# CPU Logical cores  : 16
# Host memory        : 14319 MB
# Swap memory        : 7999 MB
# Total Virtual      : 22319 MB
# Available Virtual  : 16762 MB
#-----------------------------------------------------------
start_gui
WARNING: [Board 49-26] cannot add Board Part xilinx.com:kc705:part0:1.6 available at /opt/Xilinx/2025.2/data/xhub/boards/XilinxBoardStore/boards/Xilinx/kc705/1.6/board.xml as part xc7k325tffg900-2 specified in board_part file is either invalid or not available
WARNING: [Board 49-26] cannot add Board Part xilinx.com:kc705:part0:1.7 available at /opt/Xilinx/2025.2/data/xhub/boards/XilinxBoardStore/boards/Xilinx/kc705/1.7/board.xml as part xc7k325tffg900-2 specified in board_part file is either invalid or not available
WARNING: [Board 49-26] cannot add Board Part xilinx.com:kcu105:part0:1.6 available at /opt/Xilinx/2025.2/data/xhub/boards/XilinxBoardStore/boards/Xilinx/kcu105/1.6/board.xml as part xcku040-ffva1156-2-e specified in board_part file is either invalid or not available
WARNING: [Board 49-26] cannot add Board Part xilinx.com:kcu105:part0:1.7 available at /opt/Xilinx/2025.2/data/xhub/boards/XilinxBoardStore/boards/Xilinx/kcu105/1.7/board.xml as part xcku040-ffva1156-2-e specified in board_part file is either invalid or not available
WARNING: [Board 49-26] cannot add Board Part xilinx.com:vc707:part0:1.4 available at /opt/Xilinx/2025.2/data/xhub/boards/XilinxBoardStore/boards/Xilinx/vc707/1.4/board.xml as part xc7vx485tffg1761-2 specified in board_part file is either invalid or not available
WARNING: [Board 49-26] cannot add Board Part xilinx.com:vc707:part0:1.5 available at /opt/Xilinx/2025.2/data/xhub/boards/XilinxBoardStore/boards/Xilinx/vc707/1.5/board.xml as part xc7vx485tffg1761-2 specified in board_part file is either invalid or not available
WARNING: [Board 49-26] cannot add Board Part xilinx.com:vc709:part0:1.8 available at /opt/Xilinx/2025.2/data/xhub/boards/XilinxBoardStore/boards/Xilinx/vc709/1.8/board.xml as part xc7vx690tffg1761-2 specified in board_part file is either invalid or not available
WARNING: [Board 49-26] cannot add Board Part xilinx.com:vcu108:part0:1.6 available at /opt/Xilinx/2025.2/data/xhub/boards/XilinxBoardStore/boards/Xilinx/vcu108/1.6/board.xml as part xcvu095-ffva2104-2-e specified in board_part file is either invalid or not available
WARNING: [Board 49-26] cannot add Board Part xilinx.com:vcu108:part0:1.7 available at /opt/Xilinx/2025.2/data/xhub/boards/XilinxBoardStore/boards/Xilinx/vcu108/1.7/board.xml as part xcvu095-ffva2104-2-e specified in board_part file is either invalid or not available
WARNING: [Board 49-26] cannot add Board Part xilinx.com:vcu110:part0:1.4 available at /opt/Xilinx/2025.2/data/xhub/boards/XilinxBoardStore/boards/Xilinx/vcu110/1.4/board.xml as part xcvu190-flgc2104-2-e specified in board_part file is either invalid or not available
WARNING: [Board 49-26] cannot add Board Part xilinx.com:vcu129:part0:1.0 available at /opt/Xilinx/2025.2/data/xhub/boards/XilinxBoardStore/boards/Xilinx/vcu129/production/1.0/board.xml as part xcvu29p-fsga2577-2l-e specified in board_part file is either invalid or not available
WARNING: [Board 49-26] cannot add Board Part xilinx.com:vek280:part0:1.0 available at /opt/Xilinx/2025.2/data/xhub/boards/XilinxBoardStore/boards/Xilinx/vek280/production/1.0/board.xml as part xcve2802-vsvh1760-2mp-e-s specified in board_part file is either invalid or not available
WARNING: [Board 49-26] cannot add Board Part xilinx.com:vek280:part0:1.1 available at /opt/Xilinx/2025.2/data/xhub/boards/XilinxBoardStore/boards/Xilinx/vek280/production/1.1/board.xml as part xcve2802-vsvh1760-2mp-e-s specified in board_part file is either invalid or not available
WARNING: [Board 49-26] cannot add Board Part xilinx.com:vek280:part0:1.2 available at /opt/Xilinx/2025.2/data/xhub/boards/XilinxBoardStore/boards/Xilinx/vek280/production/1.2/board.xml as part xcve2802-vsvh1760-2mp-e-s specified in board_part file is either invalid or not available
WARNING: [Board 49-26] cannot add Board Part xilinx.com:vek385:part0:1.0 available at /opt/Xilinx/2025.2/data/xhub/boards/XilinxBoardStore/boards/Xilinx/vek385/1.0/board.xml as part xc2ve3858-ssva2112-2mp-e-s specified in board_part file is either invalid or not available
WARNING: [Board 49-26] cannot add Board Part xilinx.com:vek385:part0:1.1 available at /opt/Xilinx/2025.2/data/xhub/boards/XilinxBoardStore/boards/Xilinx/vek385/1.1/board.xml as part xc2ve3858-ssva2112-2mp-e-s specified in board_part file is either invalid or not available
WARNING: [Board 49-26] cannot add Board Part xilinx.com:vek385_1:part0:1.0 available at /opt/Xilinx/2025.2/data/xhub/boards/XilinxBoardStore/boards/Xilinx/vek385_2/1.0/board.xml as part xc2ve3858-ssva2112-2mp-e-s specified in board_part file is either invalid or not available
WARNING: [Board 49-26] cannot add Board Part xilinx.com:vermeo_t1_rfsoc:part0:1.0 available at /opt/Xilinx/2025.2/data/xhub/boards/XilinxBoardStore/boards/Xilinx/vermeo_t1_rfsoc/1.0/board.xml as part xczu21dr-ffvd1156-2l-e specified in board_part file is either invalid or not available
WARNING: [Board 49-26] cannot add Board Part xilinx.com:vhk158:part0:1.0 available at /opt/Xilinx/2025.2/data/xhub/boards/XilinxBoardStore/boards/Xilinx/vhk158/production/1.0/board.xml as part xcvh1582-vsva3697-2mp-e-s specified in board_part file is either invalid or not available
WARNING: [Board 49-26] cannot add Board Part xilinx.com:vhk158:part0:1.1 available at /opt/Xilinx/2025.2/data/xhub/boards/XilinxBoardStore/boards/Xilinx/vhk158/production/1.1/board.xml as part xcvh1582-vsva3697-2mp-e-s specified in board_part file is either invalid or not available
WARNING: [Board 49-26] cannot add Board Part xilinx.com:vhk158:part0:1.2 available at /opt/Xilinx/2025.2/data/xhub/boards/XilinxBoardStore/boards/Xilinx/vhk158/production/1.2/board.xml as part xcvh1582-vsva3697-2mp-e-s specified in board_part file is either invalid or not available
WARNING: [Board 49-26] cannot add Board Part xilinx.com:vpk180:part0:1.0 available at /opt/Xilinx/2025.2/data/xhub/boards/XilinxBoardStore/boards/Xilinx/vpk180/production/1.0/board.xml as part xcvp1802-lsvc4072-2mp-e-s specified in board_part file is either invalid or not available
WARNING: [Board 49-26] cannot add Board Part xilinx.com:vpk180:part0:1.1 available at /opt/Xilinx/2025.2/data/xhub/boards/XilinxBoardStore/boards/Xilinx/vpk180/production/1.1/board.xml as part xcvp1802-lsvc4072-2mp-e-s specified in board_part file is either invalid or not available
WARNING: [Board 49-26] cannot add Board Part xilinx.com:vpk180:part0:1.2 available at /opt/Xilinx/2025.2/data/xhub/boards/XilinxBoardStore/boards/Xilinx/vpk180/production/1.2/board.xml as part xcvp1802-lsvc4072-2mp-e-s specified in board_part file is either invalid or not available
WARNING: [Board 49-26] cannot add Board Part xilinx.com:vrk160:part0:1.0 available at /opt/Xilinx/2025.2/data/xhub/boards/XilinxBoardStore/boards/Xilinx/vrk160/1.0/board.xml as part xcvr1602-vsva2488-2mp-e-s-es1 specified in board_part file is either invalid or not available
WARNING: [Board 49-26] cannot add Board Part xilinx.com:vrk160:part0:1.1 available at /opt/Xilinx/2025.2/data/xhub/boards/XilinxBoardStore/boards/Xilinx/vrk160/1.1/board.xml as part xcvr1602-vsva2488-2mp-e-s-es1 specified in board_part file is either invalid or not available
WARNING: [Board 49-26] cannot add Board Part xilinx.com:zcu111:part0:1.2 available at /opt/Xilinx/2025.2/data/xhub/boards/XilinxBoardStore/boards/Xilinx/zcu111/1.2/board.xml as part xczu28dr-ffvg1517-2-e specified in board_part file is either invalid or not available
WARNING: [Board 49-26] cannot add Board Part xilinx.com:zcu111:part0:1.3 available at /opt/Xilinx/2025.2/data/xhub/boards/XilinxBoardStore/boards/Xilinx/zcu111/1.3/board.xml as part xczu28dr-ffvg1517-2-e specified in board_part file is either invalid or not available
WARNING: [Board 49-26] cannot add Board Part xilinx.com:zcu111:part0:1.4 available at /opt/Xilinx/2025.2/data/xhub/boards/XilinxBoardStore/boards/Xilinx/zcu111/1.4/board.xml as part xczu28dr-ffvg1517-2-e specified in board_part file is either invalid or not available
WARNING: [Board 49-26] cannot add Board Part xilinx.com:zcu1275:part0:1.0 available at /opt/Xilinx/2025.2/data/xhub/boards/XilinxBoardStore/boards/Xilinx/zcu1275/1.0/board.xml as part xczu29dr-ffvf1760-2-e specified in board_part file is either invalid or not available
WARNING: [Board 49-26] cannot add Board Part xilinx.com:zcu1285:part0:1.0 available at /opt/Xilinx/2025.2/data/xhub/boards/XilinxBoardStore/boards/Xilinx/zcu1285/1.0/board.xml as part xczu39dr-ffvf1760-2-i specified in board_part file is either invalid or not available
WARNING: [Board 49-26] cannot add Board Part xilinx.com:zcu208:part0:2.0 available at /opt/Xilinx/2025.2/data/xhub/boards/XilinxBoardStore/boards/Xilinx/zcu208/production/2.0/board.xml as part xczu48dr-fsvg1517-2-e specified in board_part file is either invalid or not available
WARNING: [Board 49-26] cannot add Board Part xilinx.com:zcu208ld:part0:2.0 available at /opt/Xilinx/2025.2/data/xhub/boards/XilinxBoardStore/boards/Xilinx/zcu208ld/production/2.0/board.xml as part xczu58dr-fsvg1517-2-i specified in board_part file is either invalid or not available
WARNING: [Board 49-26] cannot add Board Part xilinx.com:zcu216:part0:2.0 available at /opt/Xilinx/2025.2/data/xhub/boards/XilinxBoardStore/boards/Xilinx/zcu216/production/2.0/board.xml as part xczu49dr-ffvf1760-2-e specified in board_part file is either invalid or not available
WARNING: [Board 49-26] cannot add Board Part xilinx.com:zcu216ld:part0:2.0 available at /opt/Xilinx/2025.2/data/xhub/boards/XilinxBoardStore/boards/Xilinx/zcu216ld/production/2.0/board.xml as part xczu59dr-ffvf1760-2-i specified in board_part file is either invalid or not available
WARNING: [Board 49-26] cannot add Board Part xilinx.com:zcu670:part0:2.0 available at /opt/Xilinx/2025.2/data/xhub/boards/XilinxBoardStore/boards/Xilinx/zcu670/2.0/board.xml as part xczu67dr-fsve1156-2-i specified in board_part file is either invalid or not available
WARNING: [Board 49-26] cannot add Board Part xilinx.com:zcu670ld:part0:1.0 available at /opt/Xilinx/2025.2/data/xhub/boards/XilinxBoardStore/boards/Xilinx/zcu670ld/1.0/board.xml as part xczu57dr-fsve1156-2-i specified in board_part file is either invalid or not available
open_project project_1.xpr
INFO: [filemgmt 56-3] Default IP Output Path : Could not find the directory '/home/victor/open_baseband/openasip/custom_units/LDPC/LDPC_decoder/new/project_1.gen/sources_1'.
Scanning sources...
Finished scanning sources
WARNING: [Board 49-26] cannot add Board Part xilinx.com:kc705:part0:1.6 available at /opt/Xilinx/2025.2/data/xhub/boards/XilinxBoardStore/boards/Xilinx/kc705/1.6/board.xml as part xc7k325tffg900-2 specified in board_part file is either invalid or not available
WARNING: [Board 49-26] cannot add Board Part xilinx.com:kc705:part0:1.7 available at /opt/Xilinx/2025.2/data/xhub/boards/XilinxBoardStore/boards/Xilinx/kc705/1.7/board.xml as part xc7k325tffg900-2 specified in board_part file is either invalid or not available
WARNING: [Board 49-26] cannot add Board Part xilinx.com:kcu105:part0:1.6 available at /opt/Xilinx/2025.2/data/xhub/boards/XilinxBoardStore/boards/Xilinx/kcu105/1.6/board.xml as part xcku040-ffva1156-2-e specified in board_part file is either invalid or not available
WARNING: [Board 49-26] cannot add Board Part xilinx.com:kcu105:part0:1.7 available at /opt/Xilinx/2025.2/data/xhub/boards/XilinxBoardStore/boards/Xilinx/kcu105/1.7/board.xml as part xcku040-ffva1156-2-e specified in board_part file is either invalid or not available
WARNING: [Board 49-26] cannot add Board Part xilinx.com:vc707:part0:1.4 available at /opt/Xilinx/2025.2/data/xhub/boards/XilinxBoardStore/boards/Xilinx/vc707/1.4/board.xml as part xc7vx485tffg1761-2 specified in board_part file is either invalid or not available
WARNING: [Board 49-26] cannot add Board Part xilinx.com:vc707:part0:1.5 available at /opt/Xilinx/2025.2/data/xhub/boards/XilinxBoardStore/boards/Xilinx/vc707/1.5/board.xml as part xc7vx485tffg1761-2 specified in board_part file is either invalid or not available
WARNING: [Board 49-26] cannot add Board Part xilinx.com:vc709:part0:1.8 available at /opt/Xilinx/2025.2/data/xhub/boards/XilinxBoardStore/boards/Xilinx/vc709/1.8/board.xml as part xc7vx690tffg1761-2 specified in board_part file is either invalid or not available
WARNING: [Board 49-26] cannot add Board Part xilinx.com:vcu108:part0:1.6 available at /opt/Xilinx/2025.2/data/xhub/boards/XilinxBoardStore/boards/Xilinx/vcu108/1.6/board.xml as part xcvu095-ffva2104-2-e specified in board_part file is either invalid or not available
WARNING: [Board 49-26] cannot add Board Part xilinx.com:vcu108:part0:1.7 available at /opt/Xilinx/2025.2/data/xhub/boards/XilinxBoardStore/boards/Xilinx/vcu108/1.7/board.xml as part xcvu095-ffva2104-2-e specified in board_part file is either invalid or not available
WARNING: [Board 49-26] cannot add Board Part xilinx.com:vcu110:part0:1.4 available at /opt/Xilinx/2025.2/data/xhub/boards/XilinxBoardStore/boards/Xilinx/vcu110/1.4/board.xml as part xcvu190-flgc2104-2-e specified in board_part file is either invalid or not available
WARNING: [Board 49-26] cannot add Board Part xilinx.com:vcu129:part0:1.0 available at /opt/Xilinx/2025.2/data/xhub/boards/XilinxBoardStore/boards/Xilinx/vcu129/production/1.0/board.xml as part xcvu29p-fsga2577-2l-e specified in board_part file is either invalid or not available
WARNING: [Board 49-26] cannot add Board Part xilinx.com:vek280:part0:1.0 available at /opt/Xilinx/2025.2/data/xhub/boards/XilinxBoardStore/boards/Xilinx/vek280/production/1.0/board.xml as part xcve2802-vsvh1760-2mp-e-s specified in board_part file is either invalid or not available
WARNING: [Board 49-26] cannot add Board Part xilinx.com:vek280:part0:1.1 available at /opt/Xilinx/2025.2/data/xhub/boards/XilinxBoardStore/boards/Xilinx/vek280/production/1.1/board.xml as part xcve2802-vsvh1760-2mp-e-s specified in board_part file is either invalid or not available
WARNING: [Board 49-26] cannot add Board Part xilinx.com:vek280:part0:1.2 available at /opt/Xilinx/2025.2/data/xhub/boards/XilinxBoardStore/boards/Xilinx/vek280/production/1.2/board.xml as part xcve2802-vsvh1760-2mp-e-s specified in board_part file is either invalid or not available
WARNING: [Board 49-26] cannot add Board Part xilinx.com:vek385:part0:1.0 available at /opt/Xilinx/2025.2/data/xhub/boards/XilinxBoardStore/boards/Xilinx/vek385/1.0/board.xml as part xc2ve3858-ssva2112-2mp-e-s specified in board_part file is either invalid or not available
WARNING: [Board 49-26] cannot add Board Part xilinx.com:vek385:part0:1.1 available at /opt/Xilinx/2025.2/data/xhub/boards/XilinxBoardStore/boards/Xilinx/vek385/1.1/board.xml as part xc2ve3858-ssva2112-2mp-e-s specified in board_part file is either invalid or not available
WARNING: [Board 49-26] cannot add Board Part xilinx.com:vek385_1:part0:1.0 available at /opt/Xilinx/2025.2/data/xhub/boards/XilinxBoardStore/boards/Xilinx/vek385_2/1.0/board.xml as part xc2ve3858-ssva2112-2mp-e-s specified in board_part file is either invalid or not available
WARNING: [Board 49-26] cannot add Board Part xilinx.com:vermeo_t1_rfsoc:part0:1.0 available at /opt/Xilinx/2025.2/data/xhub/boards/XilinxBoardStore/boards/Xilinx/vermeo_t1_rfsoc/1.0/board.xml as part xczu21dr-ffvd1156-2l-e specified in board_part file is either invalid or not available
WARNING: [Board 49-26] cannot add Board Part xilinx.com:vhk158:part0:1.0 available at /opt/Xilinx/2025.2/data/xhub/boards/XilinxBoardStore/boards/Xilinx/vhk158/production/1.0/board.xml as part xcvh1582-vsva3697-2mp-e-s specified in board_part file is either invalid or not available
WARNING: [Board 49-26] cannot add Board Part xilinx.com:vhk158:part0:1.1 available at /opt/Xilinx/2025.2/data/xhub/boards/XilinxBoardStore/boards/Xilinx/vhk158/production/1.1/board.xml as part xcvh1582-vsva3697-2mp-e-s specified in board_part file is either invalid or not available
WARNING: [Board 49-26] cannot add Board Part xilinx.com:vhk158:part0:1.2 available at /opt/Xilinx/2025.2/data/xhub/boards/XilinxBoardStore/boards/Xilinx/vhk158/production/1.2/board.xml as part xcvh1582-vsva3697-2mp-e-s specified in board_part file is either invalid or not available
WARNING: [Board 49-26] cannot add Board Part xilinx.com:vpk180:part0:1.0 available at /opt/Xilinx/2025.2/data/xhub/boards/XilinxBoardStore/boards/Xilinx/vpk180/production/1.0/board.xml as part xcvp1802-lsvc4072-2mp-e-s specified in board_part file is either invalid or not available
WARNING: [Board 49-26] cannot add Board Part xilinx.com:vpk180:part0:1.1 available at /opt/Xilinx/2025.2/data/xhub/boards/XilinxBoardStore/boards/Xilinx/vpk180/production/1.1/board.xml as part xcvp1802-lsvc4072-2mp-e-s specified in board_part file is either invalid or not available
WARNING: [Board 49-26] cannot add Board Part xilinx.com:vpk180:part0:1.2 available at /opt/Xilinx/2025.2/data/xhub/boards/XilinxBoardStore/boards/Xilinx/vpk180/production/1.2/board.xml as part xcvp1802-lsvc4072-2mp-e-s specified in board_part file is either invalid or not available
WARNING: [Board 49-26] cannot add Board Part xilinx.com:vrk160:part0:1.0 available at /opt/Xilinx/2025.2/data/xhub/boards/XilinxBoardStore/boards/Xilinx/vrk160/1.0/board.xml as part xcvr1602-vsva2488-2mp-e-s-es1 specified in board_part file is either invalid or not available
WARNING: [Board 49-26] cannot add Board Part xilinx.com:vrk160:part0:1.1 available at /opt/Xilinx/2025.2/data/xhub/boards/XilinxBoardStore/boards/Xilinx/vrk160/1.1/board.xml as part xcvr1602-vsva2488-2mp-e-s-es1 specified in board_part file is either invalid or not available
WARNING: [Board 49-26] cannot add Board Part xilinx.com:zcu111:part0:1.2 available at /opt/Xilinx/2025.2/data/xhub/boards/XilinxBoardStore/boards/Xilinx/zcu111/1.2/board.xml as part xczu28dr-ffvg1517-2-e specified in board_part file is either invalid or not available
WARNING: [Board 49-26] cannot add Board Part xilinx.com:zcu111:part0:1.3 available at /opt/Xilinx/2025.2/data/xhub/boards/XilinxBoardStore/boards/Xilinx/zcu111/1.3/board.xml as part xczu28dr-ffvg1517-2-e specified in board_part file is either invalid or not available
WARNING: [Board 49-26] cannot add Board Part xilinx.com:zcu111:part0:1.4 available at /opt/Xilinx/2025.2/data/xhub/boards/XilinxBoardStore/boards/Xilinx/zcu111/1.4/board.xml as part xczu28dr-ffvg1517-2-e specified in board_part file is either invalid or not available
WARNING: [Board 49-26] cannot add Board Part xilinx.com:zcu1275:part0:1.0 available at /opt/Xilinx/2025.2/data/xhub/boards/XilinxBoardStore/boards/Xilinx/zcu1275/1.0/board.xml as part xczu29dr-ffvf1760-2-e specified in board_part file is either invalid or not available
WARNING: [Board 49-26] cannot add Board Part xilinx.com:zcu1285:part0:1.0 available at /opt/Xilinx/2025.2/data/xhub/boards/XilinxBoardStore/boards/Xilinx/zcu1285/1.0/board.xml as part xczu39dr-ffvf1760-2-i specified in board_part file is either invalid or not available
WARNING: [Board 49-26] cannot add Board Part xilinx.com:zcu208:part0:2.0 available at /opt/Xilinx/2025.2/data/xhub/boards/XilinxBoardStore/boards/Xilinx/zcu208/production/2.0/board.xml as part xczu48dr-fsvg1517-2-e specified in board_part file is either invalid or not available
WARNING: [Board 49-26] cannot add Board Part xilinx.com:zcu208ld:part0:2.0 available at /opt/Xilinx/2025.2/data/xhub/boards/XilinxBoardStore/boards/Xilinx/zcu208ld/production/2.0/board.xml as part xczu58dr-fsvg1517-2-i specified in board_part file is either invalid or not available
WARNING: [Board 49-26] cannot add Board Part xilinx.com:zcu216:part0:2.0 available at /opt/Xilinx/2025.2/data/xhub/boards/XilinxBoardStore/boards/Xilinx/zcu216/production/2.0/board.xml as part xczu49dr-ffvf1760-2-e specified in board_part file is either invalid or not available
WARNING: [Board 49-26] cannot add Board Part xilinx.com:zcu216ld:part0:2.0 available at /opt/Xilinx/2025.2/data/xhub/boards/XilinxBoardStore/boards/Xilinx/zcu216ld/production/2.0/board.xml as part xczu59dr-ffvf1760-2-i specified in board_part file is either invalid or not available
WARNING: [Board 49-26] cannot add Board Part xilinx.com:zcu670:part0:2.0 available at /opt/Xilinx/2025.2/data/xhub/boards/XilinxBoardStore/boards/Xilinx/zcu670/2.0/board.xml as part xczu67dr-fsve1156-2-i specified in board_part file is either invalid or not available
WARNING: [Board 49-26] cannot add Board Part xilinx.com:zcu670ld:part0:1.0 available at /opt/Xilinx/2025.2/data/xhub/boards/XilinxBoardStore/boards/Xilinx/zcu670ld/1.0/board.xml as part xczu57dr-fsve1156-2-i specified in board_part file is either invalid or not available
INFO: [IP_Flow 19-234] Refreshing IP repositories
INFO: [IP_Flow 19-1704] No user IP repositories specified
INFO: [IP_Flow 19-2313] Loaded Vivado IP repository '/opt/Xilinx/2025.2/data/ip'.
synth_design -top cn_core -part xczu7ev-ffvc1156-2-e -lint 
Command: synth_design -top cn_core -part xczu7ev-ffvc1156-2-e -lint
Starting synth_design
Attempting to get a license for feature 'Synthesis' and/or device 'xczu7ev'
INFO: [Common 17-349] Got license for feature 'Synthesis' and/or device 'xczu7ev'
INFO: [Synth 8-7079] Multithreading enabled for synth_design using a maximum of 7 processes.
INFO: [Synth 8-7078] Launching helper process for spawning children vivado processes
INFO: [Synth 8-7075] Helper process launched with PID 34278
---------------------------------------------------------------------------------
Starting Synthesize : Time (s): cpu = 00:00:03 ; elapsed = 00:00:03 . Memory (MB): peak = 10648.031 ; gain = 450.746 ; free physical = 1864 ; free virtual = 14408
---------------------------------------------------------------------------------
Clean up Linter database...
INFO: [Synth 8-6157] synthesizing module 'cn_core' [/home/victor/open_baseband/openasip/custom_units/LDPC/LDPC_decoder/new/cn_core.v:48]
INFO: [Synth 8-6157] synthesizing module 'cn_proc' [/home/victor/open_baseband/openasip/custom_units/LDPC/LDPC_decoder/new/cn_proc.v:1]
	Parameter GROUP bound to: 3 - type: integer 
	Parameter WIDTH bound to: 8 - type: integer 
INFO: [Synth 8-6155] done synthesizing module 'cn_proc' (1#1) [/home/victor/open_baseband/openasip/custom_units/LDPC/LDPC_decoder/new/cn_proc.v:1]
INFO: [Synth 8-6157] synthesizing module 'cn_proc__parameterized0' [/home/victor/open_baseband/openasip/custom_units/LDPC/LDPC_decoder/new/cn_proc.v:1]
	Parameter GROUP bound to: 4 - type: integer 
	Parameter WIDTH bound to: 8 - type: integer 
INFO: [Synth 8-6155] done synthesizing module 'cn_proc__parameterized0' (1#1) [/home/victor/open_baseband/openasip/custom_units/LDPC/LDPC_decoder/new/cn_proc.v:1]
INFO: [Synth 8-6157] synthesizing module 'cn_proc__parameterized1' [/home/victor/open_baseband/openasip/custom_units/LDPC/LDPC_decoder/new/cn_proc.v:1]
	Parameter GROUP bound to: 5 - type: integer 
	Parameter WIDTH bound to: 8 - type: integer 
INFO: [Synth 8-6155] done synthesizing module 'cn_proc__parameterized1' (1#1) [/home/victor/open_baseband/openasip/custom_units/LDPC/LDPC_decoder/new/cn_proc.v:1]
INFO: [Synth 8-6157] synthesizing module 'cn_proc__parameterized2' [/home/victor/open_baseband/openasip/custom_units/LDPC/LDPC_decoder/new/cn_proc.v:1]
	Parameter GROUP bound to: 6 - type: integer 
	Parameter WIDTH bound to: 8 - type: integer 
INFO: [Synth 8-6155] done synthesizing module 'cn_proc__parameterized2' (1#1) [/home/victor/open_baseband/openasip/custom_units/LDPC/LDPC_decoder/new/cn_proc.v:1]
INFO: [Synth 8-6157] synthesizing module 'cn_proc__parameterized3' [/home/victor/open_baseband/openasip/custom_units/LDPC/LDPC_decoder/new/cn_proc.v:1]
	Parameter GROUP bound to: 7 - type: integer 
	Parameter WIDTH bound to: 8 - type: integer 
INFO: [Synth 8-6155] done synthesizing module 'cn_proc__parameterized3' (1#1) [/home/victor/open_baseband/openasip/custom_units/LDPC/LDPC_decoder/new/cn_proc.v:1]
INFO: [Synth 8-6157] synthesizing module 'cn_proc__parameterized4' [/home/victor/open_baseband/openasip/custom_units/LDPC/LDPC_decoder/new/cn_proc.v:1]
	Parameter GROUP bound to: 8 - type: integer 
	Parameter WIDTH bound to: 8 - type: integer 
INFO: [Synth 8-6155] done synthesizing module 'cn_proc__parameterized4' (1#1) [/home/victor/open_baseband/openasip/custom_units/LDPC/LDPC_decoder/new/cn_proc.v:1]
INFO: [Synth 8-6157] synthesizing module 'cn_proc__parameterized5' [/home/victor/open_baseband/openasip/custom_units/LDPC/LDPC_decoder/new/cn_proc.v:1]
	Parameter GROUP bound to: 9 - type: integer 
	Parameter WIDTH bound to: 8 - type: integer 
INFO: [Synth 8-6155] done synthesizing module 'cn_proc__parameterized5' (1#1) [/home/victor/open_baseband/openasip/custom_units/LDPC/LDPC_decoder/new/cn_proc.v:1]
INFO: [Synth 8-6157] synthesizing module 'cn_proc__parameterized6' [/home/victor/open_baseband/openasip/custom_units/LDPC/LDPC_decoder/new/cn_proc.v:1]
	Parameter GROUP bound to: 10 - type: integer 
	Parameter WIDTH bound to: 8 - type: integer 
INFO: [Synth 8-6155] done synthesizing module 'cn_proc__parameterized6' (1#1) [/home/victor/open_baseband/openasip/custom_units/LDPC/LDPC_decoder/new/cn_proc.v:1]
INFO: [Synth 8-6157] synthesizing module 'cn_proc__parameterized7' [/home/victor/open_baseband/openasip/custom_units/LDPC/LDPC_decoder/new/cn_proc.v:1]
	Parameter GROUP bound to: 19 - type: integer 
	Parameter WIDTH bound to: 8 - type: integer 
INFO: [Synth 8-6155] done synthesizing module 'cn_proc__parameterized7' (1#1) [/home/victor/open_baseband/openasip/custom_units/LDPC/LDPC_decoder/new/cn_proc.v:1]
INFO: [Synth 8-6155] done synthesizing module 'cn_core' (2#1) [/home/victor/open_baseband/openasip/custom_units/LDPC/LDPC_decoder/new/cn_core.v:48]
---------------------------------------------------------------------------------
Finished Synthesize : Time (s): cpu = 00:00:05 ; elapsed = 00:00:04 . Memory (MB): peak = 10738.000 ; gain = 540.715 ; free physical = 1760 ; free virtual = 14305
---------------------------------------------------------------------------------
Copyright 1986-2022 Xilinx, Inc. All Rights Reserved. Copyright 2022-2025 Advanced Micro Devices, Inc. All Rights Reserved.
---------------------------------------------------------------------------------------------------------------------------------------------
| Tool Version : Vivado v.2025.2 (lin64) Build 6299465 Fri Nov 14 12:34:56 MST 2025
| Date         : Thu Jun  4 12:51:43 2026
| Host         : victor-IdeaPad-Slim-3-15ARP10 running 64-bit Ubuntu 24.04.4 LTS
---------------------------------------------------------------------------------------------------------------------------------------------

RTL Linter Report

Table of Contents
-----------------
1. Summary

1. Summary
----------

+-----------+----------+--------------+----------+
| Rule ID   | Severity | # Violations | # Waived |
+-----------+----------+--------------+----------+
| ASSIGN-5  | WARNING  | 1            | 0        |
| ASSIGN-6  | WARNING  | 6            | 0        |
| ASSIGN-9  | WARNING  | 1            | 0        |
| ASSIGN-10 | WARNING  | 4            | 0        |
+-----------+----------+--------------+----------+


WARNING: [Synth 37-124] [ASSIGN-5]Some bits in 'out_llr_r' are not set. First unset bit index is 0. 
RTL Name 'out_llr_r', Hierarchy 'cn_core', File 'cn_core.v', Line 2272.
WARNING: [Synth 37-93] [ASSIGN-6]Signal 'gen_min_mul_buses_19.out_demux_min_0' was assigned but not read. 
RTL Name 'gen_min_mul_buses_19.out_demux_min_0', Hierarchy 'cn_core', File '/home/victor/open_baseband/openasip/custom_units/LDPC/LDPC_decoder/new/cn_core.v', Line 1321.
WARNING: [Synth 37-93] [ASSIGN-6]Signal 'gen_min_mul_buses_19.out_demux_min_1' was assigned but not read. 
RTL Name 'gen_min_mul_buses_19.out_demux_min_1', Hierarchy 'cn_core', File '/home/victor/open_baseband/openasip/custom_units/LDPC/LDPC_decoder/new/cn_core.v', Line 1322.
WARNING: [Synth 37-93] [ASSIGN-6]Signal 'gen_min_mul_buses_19.out_demux_min_2' was assigned but not read. 
RTL Name 'gen_min_mul_buses_19.out_demux_min_2', Hierarchy 'cn_core', File '/home/victor/open_baseband/openasip/custom_units/LDPC/LDPC_decoder/new/cn_core.v', Line 1323.
WARNING: [Synth 37-93] [ASSIGN-6]Signal 'gen_min_mul_buses_19.out_demux_mul_0' was assigned but not read. 
RTL Name 'gen_min_mul_buses_19.out_demux_mul_0', Hierarchy 'cn_core', File '/home/victor/open_baseband/openasip/custom_units/LDPC/LDPC_decoder/new/cn_core.v', Line 1324.
WARNING: [Synth 37-93] [ASSIGN-6]Signal 'gen_min_mul_buses_19.out_demux_mul_1' was assigned but not read. 
RTL Name 'gen_min_mul_buses_19.out_demux_mul_1', Hierarchy 'cn_core', File '/home/victor/open_baseband/openasip/custom_units/LDPC/LDPC_decoder/new/cn_core.v', Line 1325.
WARNING: [Synth 37-93] [ASSIGN-6]Signal 'gen_min_mul_buses_19.out_demux_mul_2' was assigned but not read. 
RTL Name 'gen_min_mul_buses_19.out_demux_mul_2', Hierarchy 'cn_core', File '/home/victor/open_baseband/openasip/custom_units/LDPC/LDPC_decoder/new/cn_core.v', Line 1326.
WARNING: [Synth 37-126] [ASSIGN-9]Some bits in IO 'out_llr' are not set. First unset bit index is 0. 
RTL Name 'out_llr', Hierarchy 'cn_core', File 'cn_core.v', Line 57.
WARNING: [Synth 37-125] [ASSIGN-10]Some bits in IO 'sel_demux_min_30' are not read. First unread bit index is 0. 
RTL Name 'sel_demux_min_30', Hierarchy 'cn_core', File 'cn_core.v', Line 77.
WARNING: [Synth 37-125] [ASSIGN-10]Some bits in IO 'sel_demux_min_31' are not read. First unread bit index is 0. 
RTL Name 'sel_demux_min_31', Hierarchy 'cn_core', File 'cn_core.v', Line 78.
WARNING: [Synth 37-125] [ASSIGN-10]Some bits in IO 'sel_demux_mul_30' are not read. First unread bit index is 0. 
RTL Name 'sel_demux_mul_30', Hierarchy 'cn_core', File 'cn_core.v', Line 80.
WARNING: [Synth 37-125] [ASSIGN-10]Some bits in IO 'sel_demux_mul_31' are not read. First unread bit index is 0. 
RTL Name 'sel_demux_mul_31', Hierarchy 'cn_core', File 'cn_core.v', Line 81.
INFO: [Synth 37-85] Total of 12 linter message(s) generated.
INFO: [Synth 37-45] Linter Run Finished!
Synthesis Optimization Runtime : Time (s): cpu = 00:00:05 ; elapsed = 00:00:04 . Memory (MB): peak = 10752.844 ; gain = 555.559 ; free physical = 1760 ; free virtual = 14305
INFO: [Common 17-83] Releasing license: Synthesis
27 Infos, 12 Warnings, 0 Critical Warnings and 0 Errors encountered.
synth_design completed successfully
synth_design -top cn_core -part xczu7ev-ffvc1156-2-e -lint 
Command: synth_design -top cn_core -part xczu7ev-ffvc1156-2-e -lint
Starting synth_design
Attempting to get a license for feature 'Synthesis' and/or device 'xczu7ev'
INFO: [Common 17-349] Got license for feature 'Synthesis' and/or device 'xczu7ev'
INFO: [Synth 8-7079] Multithreading enabled for synth_design using a maximum of 7 processes.
---------------------------------------------------------------------------------
Starting Synthesize : Time (s): cpu = 00:00:04 ; elapsed = 00:00:03 . Memory (MB): peak = 10805.844 ; gain = 10.000 ; free physical = 1755 ; free virtual = 14300
---------------------------------------------------------------------------------
Clean up Linter database...
INFO: [Synth 8-6157] synthesizing module 'cn_core' [/home/victor/open_baseband/openasip/custom_units/LDPC/LDPC_decoder/new/cn_core.v:48]
INFO: [Synth 8-6157] synthesizing module 'cn_proc' [/home/victor/open_baseband/openasip/custom_units/LDPC/LDPC_decoder/new/cn_proc.v:1]
	Parameter GROUP bound to: 3 - type: integer 
	Parameter WIDTH bound to: 8 - type: integer 
INFO: [Synth 8-6155] done synthesizing module 'cn_proc' (1#1) [/home/victor/open_baseband/openasip/custom_units/LDPC/LDPC_decoder/new/cn_proc.v:1]
INFO: [Synth 8-6157] synthesizing module 'cn_proc__parameterized0' [/home/victor/open_baseband/openasip/custom_units/LDPC/LDPC_decoder/new/cn_proc.v:1]
	Parameter GROUP bound to: 4 - type: integer 
	Parameter WIDTH bound to: 8 - type: integer 
INFO: [Synth 8-6155] done synthesizing module 'cn_proc__parameterized0' (1#1) [/home/victor/open_baseband/openasip/custom_units/LDPC/LDPC_decoder/new/cn_proc.v:1]
INFO: [Synth 8-6157] synthesizing module 'cn_proc__parameterized1' [/home/victor/open_baseband/openasip/custom_units/LDPC/LDPC_decoder/new/cn_proc.v:1]
	Parameter GROUP bound to: 5 - type: integer 
	Parameter WIDTH bound to: 8 - type: integer 
INFO: [Synth 8-6155] done synthesizing module 'cn_proc__parameterized1' (1#1) [/home/victor/open_baseband/openasip/custom_units/LDPC/LDPC_decoder/new/cn_proc.v:1]
INFO: [Synth 8-6157] synthesizing module 'cn_proc__parameterized2' [/home/victor/open_baseband/openasip/custom_units/LDPC/LDPC_decoder/new/cn_proc.v:1]
	Parameter GROUP bound to: 6 - type: integer 
	Parameter WIDTH bound to: 8 - type: integer 
INFO: [Synth 8-6155] done synthesizing module 'cn_proc__parameterized2' (1#1) [/home/victor/open_baseband/openasip/custom_units/LDPC/LDPC_decoder/new/cn_proc.v:1]
INFO: [Synth 8-6157] synthesizing module 'cn_proc__parameterized3' [/home/victor/open_baseband/openasip/custom_units/LDPC/LDPC_decoder/new/cn_proc.v:1]
	Parameter GROUP bound to: 7 - type: integer 
	Parameter WIDTH bound to: 8 - type: integer 
INFO: [Synth 8-6155] done synthesizing module 'cn_proc__parameterized3' (1#1) [/home/victor/open_baseband/openasip/custom_units/LDPC/LDPC_decoder/new/cn_proc.v:1]
INFO: [Synth 8-6157] synthesizing module 'cn_proc__parameterized4' [/home/victor/open_baseband/openasip/custom_units/LDPC/LDPC_decoder/new/cn_proc.v:1]
	Parameter GROUP bound to: 8 - type: integer 
	Parameter WIDTH bound to: 8 - type: integer 
INFO: [Synth 8-6155] done synthesizing module 'cn_proc__parameterized4' (1#1) [/home/victor/open_baseband/openasip/custom_units/LDPC/LDPC_decoder/new/cn_proc.v:1]
INFO: [Synth 8-6157] synthesizing module 'cn_proc__parameterized5' [/home/victor/open_baseband/openasip/custom_units/LDPC/LDPC_decoder/new/cn_proc.v:1]
	Parameter GROUP bound to: 9 - type: integer 
	Parameter WIDTH bound to: 8 - type: integer 
INFO: [Synth 8-6155] done synthesizing module 'cn_proc__parameterized5' (1#1) [/home/victor/open_baseband/openasip/custom_units/LDPC/LDPC_decoder/new/cn_proc.v:1]
INFO: [Synth 8-6157] synthesizing module 'cn_proc__parameterized6' [/home/victor/open_baseband/openasip/custom_units/LDPC/LDPC_decoder/new/cn_proc.v:1]
	Parameter GROUP bound to: 10 - type: integer 
	Parameter WIDTH bound to: 8 - type: integer 
INFO: [Synth 8-6155] done synthesizing module 'cn_proc__parameterized6' (1#1) [/home/victor/open_baseband/openasip/custom_units/LDPC/LDPC_decoder/new/cn_proc.v:1]
INFO: [Synth 8-6157] synthesizing module 'cn_proc__parameterized7' [/home/victor/open_baseband/openasip/custom_units/LDPC/LDPC_decoder/new/cn_proc.v:1]
	Parameter GROUP bound to: 19 - type: integer 
	Parameter WIDTH bound to: 8 - type: integer 
INFO: [Synth 8-6155] done synthesizing module 'cn_proc__parameterized7' (1#1) [/home/victor/open_baseband/openasip/custom_units/LDPC/LDPC_decoder/new/cn_proc.v:1]
INFO: [Synth 8-6155] done synthesizing module 'cn_core' (2#1) [/home/victor/open_baseband/openasip/custom_units/LDPC/LDPC_decoder/new/cn_core.v:48]
---------------------------------------------------------------------------------
Finished Synthesize : Time (s): cpu = 00:00:05 ; elapsed = 00:00:04 . Memory (MB): peak = 10819.844 ; gain = 24.000 ; free physical = 1725 ; free virtual = 14271
---------------------------------------------------------------------------------
Copyright 1986-2022 Xilinx, Inc. All Rights Reserved. Copyright 2022-2025 Advanced Micro Devices, Inc. All Rights Reserved.
---------------------------------------------------------------------------------------------------------------------------------------------
| Tool Version : Vivado v.2025.2 (lin64) Build 6299465 Fri Nov 14 12:34:56 MST 2025
| Date         : Thu Jun  4 12:54:18 2026
| Host         : victor-IdeaPad-Slim-3-15ARP10 running 64-bit Ubuntu 24.04.4 LTS
---------------------------------------------------------------------------------------------------------------------------------------------

RTL Linter Report

Table of Contents
-----------------
1. Summary

1. Summary
----------

+-----------+----------+--------------+----------+
| Rule ID   | Severity | # Violations | # Waived |
+-----------+----------+--------------+----------+
| ASSIGN-5  | WARNING  | 1            | 0        |
| ASSIGN-6  | WARNING  | 6            | 0        |
| ASSIGN-9  | WARNING  | 1            | 0        |
| ASSIGN-10 | WARNING  | 4            | 0        |
+-----------+----------+--------------+----------+


WARNING: [Synth 37-124] [ASSIGN-5]Some bits in 'out_llr_r' are not set. First unset bit index is 0. 
RTL Name 'out_llr_r', Hierarchy 'cn_core', File 'cn_core.v', Line 2272.
WARNING: [Synth 37-93] [ASSIGN-6]Signal 'gen_min_mul_buses_19.out_demux_min_0' was assigned but not read. 
RTL Name 'gen_min_mul_buses_19.out_demux_min_0', Hierarchy 'cn_core', File '/home/victor/open_baseband/openasip/custom_units/LDPC/LDPC_decoder/new/cn_core.v', Line 1321.
WARNING: [Synth 37-93] [ASSIGN-6]Signal 'gen_min_mul_buses_19.out_demux_min_1' was assigned but not read. 
RTL Name 'gen_min_mul_buses_19.out_demux_min_1', Hierarchy 'cn_core', File '/home/victor/open_baseband/openasip/custom_units/LDPC/LDPC_decoder/new/cn_core.v', Line 1322.
WARNING: [Synth 37-93] [ASSIGN-6]Signal 'gen_min_mul_buses_19.out_demux_min_2' was assigned but not read. 
RTL Name 'gen_min_mul_buses_19.out_demux_min_2', Hierarchy 'cn_core', File '/home/victor/open_baseband/openasip/custom_units/LDPC/LDPC_decoder/new/cn_core.v', Line 1323.
WARNING: [Synth 37-93] [ASSIGN-6]Signal 'gen_min_mul_buses_19.out_demux_mul_0' was assigned but not read. 
RTL Name 'gen_min_mul_buses_19.out_demux_mul_0', Hierarchy 'cn_core', File '/home/victor/open_baseband/openasip/custom_units/LDPC/LDPC_decoder/new/cn_core.v', Line 1324.
WARNING: [Synth 37-93] [ASSIGN-6]Signal 'gen_min_mul_buses_19.out_demux_mul_1' was assigned but not read. 
RTL Name 'gen_min_mul_buses_19.out_demux_mul_1', Hierarchy 'cn_core', File '/home/victor/open_baseband/openasip/custom_units/LDPC/LDPC_decoder/new/cn_core.v', Line 1325.
WARNING: [Synth 37-93] [ASSIGN-6]Signal 'gen_min_mul_buses_19.out_demux_mul_2' was assigned but not read. 
RTL Name 'gen_min_mul_buses_19.out_demux_mul_2', Hierarchy 'cn_core', File '/home/victor/open_baseband/openasip/custom_units/LDPC/LDPC_decoder/new/cn_core.v', Line 1326.
WARNING: [Synth 37-126] [ASSIGN-9]Some bits in IO 'out_llr' are not set. First unset bit index is 0. 
RTL Name 'out_llr', Hierarchy 'cn_core', File 'cn_core.v', Line 57.
WARNING: [Synth 37-125] [ASSIGN-10]Some bits in IO 'sel_demux_min_30' are not read. First unread bit index is 0. 
RTL Name 'sel_demux_min_30', Hierarchy 'cn_core', File 'cn_core.v', Line 77.
WARNING: [Synth 37-125] [ASSIGN-10]Some bits in IO 'sel_demux_min_31' are not read. First unread bit index is 0. 
RTL Name 'sel_demux_min_31', Hierarchy 'cn_core', File 'cn_core.v', Line 78.
WARNING: [Synth 37-125] [ASSIGN-10]Some bits in IO 'sel_demux_mul_30' are not read. First unread bit index is 0. 
RTL Name 'sel_demux_mul_30', Hierarchy 'cn_core', File 'cn_core.v', Line 80.
WARNING: [Synth 37-125] [ASSIGN-10]Some bits in IO 'sel_demux_mul_31' are not read. First unread bit index is 0. 
RTL Name 'sel_demux_mul_31', Hierarchy 'cn_core', File 'cn_core.v', Line 81.
INFO: [Synth 37-85] Total of 12 linter message(s) generated.
INFO: [Synth 37-45] Linter Run Finished!
Synthesis Optimization Runtime : Time (s): cpu = 00:00:05 ; elapsed = 00:00:04 . Memory (MB): peak = 10837.656 ; gain = 41.812 ; free physical = 1722 ; free virtual = 14267
INFO: [Common 17-83] Releasing license: Synthesis
25 Infos, 12 Warnings, 0 Critical Warnings and 0 Errors encountered.
synth_design completed successfully
synth_design -top cn_core -part xczu7ev-ffvc1156-2-e -lint 
Command: synth_design -top cn_core -part xczu7ev-ffvc1156-2-e -lint
Starting synth_design
Attempting to get a license for feature 'Synthesis' and/or device 'xczu7ev'
INFO: [Common 17-349] Got license for feature 'Synthesis' and/or device 'xczu7ev'
INFO: [Synth 8-7079] Multithreading enabled for synth_design using a maximum of 7 processes.
---------------------------------------------------------------------------------
Starting Synthesize : Time (s): cpu = 00:00:03 ; elapsed = 00:00:03 . Memory (MB): peak = 10837.691 ; gain = 0.027 ; free physical = 1708 ; free virtual = 14253
---------------------------------------------------------------------------------
Clean up Linter database...
INFO: [Synth 8-6157] synthesizing module 'cn_core' [/home/victor/open_baseband/openasip/custom_units/LDPC/LDPC_decoder/new/cn_core.v:48]
INFO: [Synth 8-6157] synthesizing module 'cn_proc' [/home/victor/open_baseband/openasip/custom_units/LDPC/LDPC_decoder/new/cn_proc.v:1]
	Parameter GROUP bound to: 3 - type: integer 
	Parameter WIDTH bound to: 8 - type: integer 
INFO: [Synth 8-6155] done synthesizing module 'cn_proc' (1#1) [/home/victor/open_baseband/openasip/custom_units/LDPC/LDPC_decoder/new/cn_proc.v:1]
INFO: [Synth 8-6157] synthesizing module 'cn_proc__parameterized0' [/home/victor/open_baseband/openasip/custom_units/LDPC/LDPC_decoder/new/cn_proc.v:1]
	Parameter GROUP bound to: 4 - type: integer 
	Parameter WIDTH bound to: 8 - type: integer 
INFO: [Synth 8-6155] done synthesizing module 'cn_proc__parameterized0' (1#1) [/home/victor/open_baseband/openasip/custom_units/LDPC/LDPC_decoder/new/cn_proc.v:1]
INFO: [Synth 8-6157] synthesizing module 'cn_proc__parameterized1' [/home/victor/open_baseband/openasip/custom_units/LDPC/LDPC_decoder/new/cn_proc.v:1]
	Parameter GROUP bound to: 5 - type: integer 
	Parameter WIDTH bound to: 8 - type: integer 
INFO: [Synth 8-6155] done synthesizing module 'cn_proc__parameterized1' (1#1) [/home/victor/open_baseband/openasip/custom_units/LDPC/LDPC_decoder/new/cn_proc.v:1]
INFO: [Synth 8-6157] synthesizing module 'cn_proc__parameterized2' [/home/victor/open_baseband/openasip/custom_units/LDPC/LDPC_decoder/new/cn_proc.v:1]
	Parameter GROUP bound to: 6 - type: integer 
	Parameter WIDTH bound to: 8 - type: integer 
INFO: [Synth 8-6155] done synthesizing module 'cn_proc__parameterized2' (1#1) [/home/victor/open_baseband/openasip/custom_units/LDPC/LDPC_decoder/new/cn_proc.v:1]
INFO: [Synth 8-6157] synthesizing module 'cn_proc__parameterized3' [/home/victor/open_baseband/openasip/custom_units/LDPC/LDPC_decoder/new/cn_proc.v:1]
	Parameter GROUP bound to: 7 - type: integer 
	Parameter WIDTH bound to: 8 - type: integer 
INFO: [Synth 8-6155] done synthesizing module 'cn_proc__parameterized3' (1#1) [/home/victor/open_baseband/openasip/custom_units/LDPC/LDPC_decoder/new/cn_proc.v:1]
INFO: [Synth 8-6157] synthesizing module 'cn_proc__parameterized4' [/home/victor/open_baseband/openasip/custom_units/LDPC/LDPC_decoder/new/cn_proc.v:1]
	Parameter GROUP bound to: 8 - type: integer 
	Parameter WIDTH bound to: 8 - type: integer 
INFO: [Synth 8-6155] done synthesizing module 'cn_proc__parameterized4' (1#1) [/home/victor/open_baseband/openasip/custom_units/LDPC/LDPC_decoder/new/cn_proc.v:1]
INFO: [Synth 8-6157] synthesizing module 'cn_proc__parameterized5' [/home/victor/open_baseband/openasip/custom_units/LDPC/LDPC_decoder/new/cn_proc.v:1]
	Parameter GROUP bound to: 9 - type: integer 
	Parameter WIDTH bound to: 8 - type: integer 
INFO: [Synth 8-6155] done synthesizing module 'cn_proc__parameterized5' (1#1) [/home/victor/open_baseband/openasip/custom_units/LDPC/LDPC_decoder/new/cn_proc.v:1]
INFO: [Synth 8-6157] synthesizing module 'cn_proc__parameterized6' [/home/victor/open_baseband/openasip/custom_units/LDPC/LDPC_decoder/new/cn_proc.v:1]
	Parameter GROUP bound to: 10 - type: integer 
	Parameter WIDTH bound to: 8 - type: integer 
INFO: [Synth 8-6155] done synthesizing module 'cn_proc__parameterized6' (1#1) [/home/victor/open_baseband/openasip/custom_units/LDPC/LDPC_decoder/new/cn_proc.v:1]
INFO: [Synth 8-6157] synthesizing module 'cn_proc__parameterized7' [/home/victor/open_baseband/openasip/custom_units/LDPC/LDPC_decoder/new/cn_proc.v:1]
	Parameter GROUP bound to: 19 - type: integer 
	Parameter WIDTH bound to: 8 - type: integer 
INFO: [Synth 8-6155] done synthesizing module 'cn_proc__parameterized7' (1#1) [/home/victor/open_baseband/openasip/custom_units/LDPC/LDPC_decoder/new/cn_proc.v:1]
INFO: [Synth 8-6155] done synthesizing module 'cn_core' (2#1) [/home/victor/open_baseband/openasip/custom_units/LDPC/LDPC_decoder/new/cn_core.v:48]
---------------------------------------------------------------------------------
Finished Synthesize : Time (s): cpu = 00:00:04 ; elapsed = 00:00:04 . Memory (MB): peak = 10837.691 ; gain = 0.027 ; free physical = 1709 ; free virtual = 14255
---------------------------------------------------------------------------------
Copyright 1986-2022 Xilinx, Inc. All Rights Reserved. Copyright 2022-2025 Advanced Micro Devices, Inc. All Rights Reserved.
---------------------------------------------------------------------------------------------------------------------------------------------
| Tool Version : Vivado v.2025.2 (lin64) Build 6299465 Fri Nov 14 12:34:56 MST 2025
| Date         : Thu Jun  4 12:54:30 2026
| Host         : victor-IdeaPad-Slim-3-15ARP10 running 64-bit Ubuntu 24.04.4 LTS
---------------------------------------------------------------------------------------------------------------------------------------------

RTL Linter Report

Table of Contents
-----------------
1. Summary

1. Summary
----------

+-----------+----------+--------------+----------+
| Rule ID   | Severity | # Violations | # Waived |
+-----------+----------+--------------+----------+
| ASSIGN-5  | WARNING  | 1            | 0        |
| ASSIGN-6  | WARNING  | 6            | 0        |
| ASSIGN-9  | WARNING  | 1            | 0        |
| ASSIGN-10 | WARNING  | 4            | 0        |
+-----------+----------+--------------+----------+


WARNING: [Synth 37-124] [ASSIGN-5]Some bits in 'out_llr_r' are not set. First unset bit index is 0. 
RTL Name 'out_llr_r', Hierarchy 'cn_core', File 'cn_core.v', Line 2272.
WARNING: [Synth 37-93] [ASSIGN-6]Signal 'gen_min_mul_buses_19.out_demux_min_0' was assigned but not read. 
RTL Name 'gen_min_mul_buses_19.out_demux_min_0', Hierarchy 'cn_core', File '/home/victor/open_baseband/openasip/custom_units/LDPC/LDPC_decoder/new/cn_core.v', Line 1321.
WARNING: [Synth 37-93] [ASSIGN-6]Signal 'gen_min_mul_buses_19.out_demux_min_1' was assigned but not read. 
RTL Name 'gen_min_mul_buses_19.out_demux_min_1', Hierarchy 'cn_core', File '/home/victor/open_baseband/openasip/custom_units/LDPC/LDPC_decoder/new/cn_core.v', Line 1322.
WARNING: [Synth 37-93] [ASSIGN-6]Signal 'gen_min_mul_buses_19.out_demux_min_2' was assigned but not read. 
RTL Name 'gen_min_mul_buses_19.out_demux_min_2', Hierarchy 'cn_core', File '/home/victor/open_baseband/openasip/custom_units/LDPC/LDPC_decoder/new/cn_core.v', Line 1323.
WARNING: [Synth 37-93] [ASSIGN-6]Signal 'gen_min_mul_buses_19.out_demux_mul_0' was assigned but not read. 
RTL Name 'gen_min_mul_buses_19.out_demux_mul_0', Hierarchy 'cn_core', File '/home/victor/open_baseband/openasip/custom_units/LDPC/LDPC_decoder/new/cn_core.v', Line 1324.
WARNING: [Synth 37-93] [ASSIGN-6]Signal 'gen_min_mul_buses_19.out_demux_mul_1' was assigned but not read. 
RTL Name 'gen_min_mul_buses_19.out_demux_mul_1', Hierarchy 'cn_core', File '/home/victor/open_baseband/openasip/custom_units/LDPC/LDPC_decoder/new/cn_core.v', Line 1325.
WARNING: [Synth 37-93] [ASSIGN-6]Signal 'gen_min_mul_buses_19.out_demux_mul_2' was assigned but not read. 
RTL Name 'gen_min_mul_buses_19.out_demux_mul_2', Hierarchy 'cn_core', File '/home/victor/open_baseband/openasip/custom_units/LDPC/LDPC_decoder/new/cn_core.v', Line 1326.
WARNING: [Synth 37-126] [ASSIGN-9]Some bits in IO 'out_llr' are not set. First unset bit index is 0. 
RTL Name 'out_llr', Hierarchy 'cn_core', File 'cn_core.v', Line 57.
WARNING: [Synth 37-125] [ASSIGN-10]Some bits in IO 'sel_demux_min_30' are not read. First unread bit index is 0. 
RTL Name 'sel_demux_min_30', Hierarchy 'cn_core', File 'cn_core.v', Line 77.
WARNING: [Synth 37-125] [ASSIGN-10]Some bits in IO 'sel_demux_min_31' are not read. First unread bit index is 0. 
RTL Name 'sel_demux_min_31', Hierarchy 'cn_core', File 'cn_core.v', Line 78.
WARNING: [Synth 37-125] [ASSIGN-10]Some bits in IO 'sel_demux_mul_30' are not read. First unread bit index is 0. 
RTL Name 'sel_demux_mul_30', Hierarchy 'cn_core', File 'cn_core.v', Line 80.
WARNING: [Synth 37-125] [ASSIGN-10]Some bits in IO 'sel_demux_mul_31' are not read. First unread bit index is 0. 
RTL Name 'sel_demux_mul_31', Hierarchy 'cn_core', File 'cn_core.v', Line 81.
INFO: [Synth 37-85] Total of 12 linter message(s) generated.
INFO: [Synth 37-45] Linter Run Finished!
Synthesis Optimization Runtime : Time (s): cpu = 00:00:04 ; elapsed = 00:00:04 . Memory (MB): peak = 10837.691 ; gain = 0.027 ; free physical = 1698 ; free virtual = 14243
INFO: [Common 17-83] Releasing license: Synthesis
25 Infos, 12 Warnings, 0 Critical Warnings and 0 Errors encountered.
synth_design completed successfully
reset_run synth_1
INFO: [Project 1-1161] Replacing file /home/victor/open_baseband/openasip/custom_units/LDPC/LDPC_decoder/new/project_1.srcs/utils_1/imports/synth_1/cn_core.dcp with file /home/victor/open_baseband/openasip/custom_units/LDPC/LDPC_decoder/new/project_1.runs/synth_1/cn_core.dcp
launch_runs synth_1 -jobs 15
[Thu Jun  4 12:58:08 2026] Launched synth_1...
Run output will be captured here: /home/victor/open_baseband/openasip/custom_units/LDPC/LDPC_decoder/new/project_1.runs/synth_1/runme.log
open_run synth_1 -name synth_1
Design is defaulting to impl run constrset: constrs_1
Design is defaulting to synth run part: xczu7ev-ffvc1156-2-e
INFO: [Device 21-403] Loading part xczu7ev-ffvc1156-2-e
INFO: [Project 1-5699] Read binary netlist with skipMacroContent - 1
Netlist sorting complete. Time (s): cpu = 00:00:00 ; elapsed = 00:00:00 . Memory (MB): peak = 11683.930 ; gain = 0.000 ; free physical = 1653 ; free virtual = 13643
INFO: [Project 1-479] Netlist was created with Vivado 2025.2
INFO: [Project 1-570] Preparing netlist for logic optimization
INFO: [Opt 31-138] Pushed 0 inverter(s) to 0 load pin(s).
Netlist sorting complete. Time (s): cpu = 00:00:00 ; elapsed = 00:00:00 . Memory (MB): peak = 11865.516 ; gain = 0.000 ; free physical = 1405 ; free virtual = 13432
INFO: [Project 1-111] Unisim Transformation Summary:
No Unisim elements were transformed.

open_run: Time (s): cpu = 00:00:24 ; elapsed = 00:00:16 . Memory (MB): peak = 12540.848 ; gain = 1703.156 ; free physical = 650 ; free virtual = 12685
WARNING: [filemgmt 56-199] Attempt to get parsing info during refresh. "On-the-fly" syntax checking information may be incorrect. [/home/victor/open_baseband/openasip/custom_units/LDPC/LDPC_decoder/new/project_1.srcs/sources_1/imports/new/cn_proc.v:]
WARNING: [filemgmt 56-199] Attempt to get parsing info during refresh. "On-the-fly" syntax checking information may be incorrect. [/home/victor/open_baseband/openasip/custom_units/LDPC/LDPC_decoder/new/project_1.srcs/sources_1/imports/new/ldpc.v:]
WARNING: [filemgmt 56-199] Attempt to get parsing info during refresh. "On-the-fly" syntax checking information may be incorrect. [/home/victor/open_baseband/openasip/custom_units/LDPC/LDPC_decoder/new/project_1.srcs/sources_1/imports/new/ldpc.v:]
WARNING: [filemgmt 56-199] Attempt to get parsing info during refresh. "On-the-fly" syntax checking information may be incorrect. [/home/victor/open_baseband/openasip/custom_units/LDPC/LDPC_decoder/new/project_1.srcs/sources_1/imports/new/ldpc.v:]
copy_run -name synth_1_copy_1 [get_runs synth_1] 
synth_1_copy_1
set_property top ldpc [current_fileset]
WARNING: [filemgmt 56-199] Attempt to get parsing info during refresh. "On-the-fly" syntax checking information may be incorrect. [/home/victor/open_baseband/openasip/custom_units/LDPC/LDPC_decoder/new/project_1.srcs/sources_1/imports/new/cn_proc.v:]
WARNING: [filemgmt 56-199] Attempt to get parsing info during refresh. "On-the-fly" syntax checking information may be incorrect. [/home/victor/open_baseband/openasip/custom_units/LDPC/LDPC_decoder/new/project_1.srcs/sources_1/imports/new/ldpc.v:]
WARNING: [filemgmt 56-199] Attempt to get parsing info during refresh. "On-the-fly" syntax checking information may be incorrect. [/home/victor/open_baseband/openasip/custom_units/LDPC/LDPC_decoder/new/project_1.srcs/sources_1/imports/new/ldpc.v:]
WARNING: [filemgmt 56-199] Attempt to get parsing info during refresh. "On-the-fly" syntax checking information may be incorrect. [/home/victor/open_baseband/openasip/custom_units/LDPC/LDPC_decoder/new/project_1.srcs/sources_1/imports/new/ldpc.v:]
reset_run synth_1
INFO: [Project 1-1161] Replacing file /home/victor/open_baseband/openasip/custom_units/LDPC/LDPC_decoder/new/project_1.srcs/utils_1/imports/synth_1/cn_core.dcp with file /home/victor/open_baseband/openasip/custom_units/LDPC/LDPC_decoder/new/project_1.runs/synth_1/cn_core.dcp
WARNING: [filemgmt 56-199] Attempt to get parsing info during refresh. "On-the-fly" syntax checking information may be incorrect. [/home/victor/open_baseband/openasip/custom_units/LDPC/LDPC_decoder/new/project_1.srcs/sources_1/imports/new/cn_proc.v:]
WARNING: [filemgmt 56-199] Attempt to get parsing info during refresh. "On-the-fly" syntax checking information may be incorrect. [/home/victor/open_baseband/openasip/custom_units/LDPC/LDPC_decoder/new/project_1.srcs/sources_1/imports/new/ldpc.v:]
WARNING: [filemgmt 56-199] Attempt to get parsing info during refresh. "On-the-fly" syntax checking information may be incorrect. [/home/victor/open_baseband/openasip/custom_units/LDPC/LDPC_decoder/new/project_1.srcs/sources_1/imports/new/ldpc.v:]
WARNING: [filemgmt 56-199] Attempt to get parsing info during refresh. "On-the-fly" syntax checking information may be incorrect. [/home/victor/open_baseband/openasip/custom_units/LDPC/LDPC_decoder/new/project_1.srcs/sources_1/imports/new/ldpc.v:]
launch_runs synth_1 -jobs 15
[Thu Jun  4 13:13:45 2026] Launched synth_1...
Run output will be captured here: /home/victor/open_baseband/openasip/custom_units/LDPC/LDPC_decoder/new/project_1.runs/synth_1/runme.log
close_design
open_run synth_1 -name synth_1
Design is defaulting to impl run constrset: constrs_1
Design is defaulting to synth run part: xczu7ev-ffvc1156-2-e
INFO: [Project 1-5699] Read binary netlist with skipMacroContent - 1
Netlist sorting complete. Time (s): cpu = 00:00:00 ; elapsed = 00:00:00 . Memory (MB): peak = 12839.566 ; gain = 0.000 ; free physical = 2419 ; free virtual = 12345
INFO: [Project 1-479] Netlist was created with Vivado 2025.2
INFO: [Project 1-570] Preparing netlist for logic optimization
INFO: [Opt 31-138] Pushed 0 inverter(s) to 0 load pin(s).
Netlist sorting complete. Time (s): cpu = 00:00:00 ; elapsed = 00:00:00 . Memory (MB): peak = 12839.566 ; gain = 0.000 ; free physical = 2387 ; free virtual = 12351
INFO: [Project 1-111] Unisim Transformation Summary:
No Unisim elements were transformed.

open_run: Time (s): cpu = 00:00:16 ; elapsed = 00:00:10 . Memory (MB): peak = 12839.566 ; gain = 0.000 ; free physical = 2292 ; free virtual = 12290
synth_design -top ldpc -part xczu7ev-ffvc1156-2-e -lint 
Command: synth_design -top ldpc -part xczu7ev-ffvc1156-2-e -lint
Starting synth_design
Attempting to get a license for feature 'Synthesis' and/or device 'xczu7ev'
INFO: [Common 17-349] Got license for feature 'Synthesis' and/or device 'xczu7ev'
INFO: [Synth 8-7079] Multithreading enabled for synth_design using a maximum of 7 processes.
---------------------------------------------------------------------------------
Starting Synthesize : Time (s): cpu = 00:00:04 ; elapsed = 00:00:03 . Memory (MB): peak = 12939.832 ; gain = 85.262 ; free physical = 1857 ; free virtual = 11949
---------------------------------------------------------------------------------
Clean up Linter database...
INFO: [Synth 8-6157] synthesizing module 'ldpc' [/home/victor/open_baseband/openasip/custom_units/LDPC/LDPC_decoder/new/project_1.srcs/sources_1/imports/new/ldpc.v:3]
INFO: [Synth 8-6157] synthesizing module 'cn_core' [/home/victor/open_baseband/openasip/custom_units/LDPC/LDPC_decoder/new/cn_core.v:48]
	Parameter DEGREE bound to: 19 - type: integer 
	Parameter WIDTH bound to: 8 - type: integer 
INFO: [Synth 8-6157] synthesizing module 'cn_proc' [/home/victor/open_baseband/openasip/custom_units/LDPC/LDPC_decoder/new/cn_proc.v:1]
	Parameter GROUP bound to: 3 - type: integer 
	Parameter WIDTH bound to: 8 - type: integer 
INFO: [Synth 8-6155] done synthesizing module 'cn_proc' (1#1) [/home/victor/open_baseband/openasip/custom_units/LDPC/LDPC_decoder/new/cn_proc.v:1]
INFO: [Synth 8-6157] synthesizing module 'cn_proc__parameterized0' [/home/victor/open_baseband/openasip/custom_units/LDPC/LDPC_decoder/new/cn_proc.v:1]
	Parameter GROUP bound to: 4 - type: integer 
	Parameter WIDTH bound to: 8 - type: integer 
INFO: [Synth 8-6155] done synthesizing module 'cn_proc__parameterized0' (1#1) [/home/victor/open_baseband/openasip/custom_units/LDPC/LDPC_decoder/new/cn_proc.v:1]
INFO: [Synth 8-6157] synthesizing module 'cn_proc__parameterized1' [/home/victor/open_baseband/openasip/custom_units/LDPC/LDPC_decoder/new/cn_proc.v:1]
	Parameter GROUP bound to: 5 - type: integer 
	Parameter WIDTH bound to: 8 - type: integer 
INFO: [Synth 8-6155] done synthesizing module 'cn_proc__parameterized1' (1#1) [/home/victor/open_baseband/openasip/custom_units/LDPC/LDPC_decoder/new/cn_proc.v:1]
INFO: [Synth 8-6157] synthesizing module 'cn_proc__parameterized2' [/home/victor/open_baseband/openasip/custom_units/LDPC/LDPC_decoder/new/cn_proc.v:1]
	Parameter GROUP bound to: 6 - type: integer 
	Parameter WIDTH bound to: 8 - type: integer 
INFO: [Synth 8-6155] done synthesizing module 'cn_proc__parameterized2' (1#1) [/home/victor/open_baseband/openasip/custom_units/LDPC/LDPC_decoder/new/cn_proc.v:1]
INFO: [Synth 8-6157] synthesizing module 'cn_proc__parameterized3' [/home/victor/open_baseband/openasip/custom_units/LDPC/LDPC_decoder/new/cn_proc.v:1]
	Parameter GROUP bound to: 7 - type: integer 
	Parameter WIDTH bound to: 8 - type: integer 
INFO: [Synth 8-6155] done synthesizing module 'cn_proc__parameterized3' (1#1) [/home/victor/open_baseband/openasip/custom_units/LDPC/LDPC_decoder/new/cn_proc.v:1]
INFO: [Synth 8-6157] synthesizing module 'cn_proc__parameterized4' [/home/victor/open_baseband/openasip/custom_units/LDPC/LDPC_decoder/new/cn_proc.v:1]
	Parameter GROUP bound to: 8 - type: integer 
	Parameter WIDTH bound to: 8 - type: integer 
INFO: [Synth 8-6155] done synthesizing module 'cn_proc__parameterized4' (1#1) [/home/victor/open_baseband/openasip/custom_units/LDPC/LDPC_decoder/new/cn_proc.v:1]
INFO: [Synth 8-6157] synthesizing module 'cn_proc__parameterized5' [/home/victor/open_baseband/openasip/custom_units/LDPC/LDPC_decoder/new/cn_proc.v:1]
	Parameter GROUP bound to: 9 - type: integer 
	Parameter WIDTH bound to: 8 - type: integer 
INFO: [Synth 8-6155] done synthesizing module 'cn_proc__parameterized5' (1#1) [/home/victor/open_baseband/openasip/custom_units/LDPC/LDPC_decoder/new/cn_proc.v:1]
INFO: [Synth 8-6157] synthesizing module 'cn_proc__parameterized6' [/home/victor/open_baseband/openasip/custom_units/LDPC/LDPC_decoder/new/cn_proc.v:1]
	Parameter GROUP bound to: 10 - type: integer 
	Parameter WIDTH bound to: 8 - type: integer 
INFO: [Synth 8-6155] done synthesizing module 'cn_proc__parameterized6' (1#1) [/home/victor/open_baseband/openasip/custom_units/LDPC/LDPC_decoder/new/cn_proc.v:1]
INFO: [Synth 8-6157] synthesizing module 'cn_proc__parameterized7' [/home/victor/open_baseband/openasip/custom_units/LDPC/LDPC_decoder/new/cn_proc.v:1]
	Parameter GROUP bound to: 19 - type: integer 
	Parameter WIDTH bound to: 8 - type: integer 
INFO: [Synth 8-6155] done synthesizing module 'cn_proc__parameterized7' (1#1) [/home/victor/open_baseband/openasip/custom_units/LDPC/LDPC_decoder/new/cn_proc.v:1]
INFO: [Synth 8-6155] done synthesizing module 'cn_core' (2#1) [/home/victor/open_baseband/openasip/custom_units/LDPC/LDPC_decoder/new/cn_core.v:48]
INFO: [Synth 8-6155] done synthesizing module 'ldpc' (3#1) [/home/victor/open_baseband/openasip/custom_units/LDPC/LDPC_decoder/new/project_1.srcs/sources_1/imports/new/ldpc.v:3]
---------------------------------------------------------------------------------
Finished Synthesize : Time (s): cpu = 00:00:05 ; elapsed = 00:00:04 . Memory (MB): peak = 13039.801 ; gain = 185.230 ; free physical = 1747 ; free virtual = 11840
---------------------------------------------------------------------------------
Copyright 1986-2022 Xilinx, Inc. All Rights Reserved. Copyright 2022-2025 Advanced Micro Devices, Inc. All Rights Reserved.
---------------------------------------------------------------------------------------------------------------------------------------------
| Tool Version : Vivado v.2025.2 (lin64) Build 6299465 Fri Nov 14 12:34:56 MST 2025
| Date         : Thu Jun  4 13:15:56 2026
| Host         : victor-IdeaPad-Slim-3-15ARP10 running 64-bit Ubuntu 24.04.4 LTS
---------------------------------------------------------------------------------------------------------------------------------------------

RTL Linter Report

Table of Contents
-----------------
1. Summary

1. Summary
----------

+-----------+----------+--------------+----------+
| Rule ID   | Severity | # Violations | # Waived |
+-----------+----------+--------------+----------+
| ASSIGN-5  | WARNING  | 1            | 0        |
| ASSIGN-6  | WARNING  | 6            | 0        |
| ASSIGN-9  | WARNING  | 1            | 0        |
| ASSIGN-10 | WARNING  | 4            | 0        |
+-----------+----------+--------------+----------+


WARNING: [Synth 37-124] [ASSIGN-5]Some bits in 'out_llr_r' are not set. First unset bit index is 0. 
RTL Name 'out_llr_r', Hierarchy 'cn_core', File 'cn_core.v', Line 2272.
WARNING: [Synth 37-93] [ASSIGN-6]Signal 'gen_min_mul_buses_19.out_demux_min_0' was assigned but not read. 
RTL Name 'gen_min_mul_buses_19.out_demux_min_0', Hierarchy 'cn_core', File '/home/victor/open_baseband/openasip/custom_units/LDPC/LDPC_decoder/new/cn_core.v', Line 1321.
WARNING: [Synth 37-93] [ASSIGN-6]Signal 'gen_min_mul_buses_19.out_demux_min_1' was assigned but not read. 
RTL Name 'gen_min_mul_buses_19.out_demux_min_1', Hierarchy 'cn_core', File '/home/victor/open_baseband/openasip/custom_units/LDPC/LDPC_decoder/new/cn_core.v', Line 1322.
WARNING: [Synth 37-93] [ASSIGN-6]Signal 'gen_min_mul_buses_19.out_demux_min_2' was assigned but not read. 
RTL Name 'gen_min_mul_buses_19.out_demux_min_2', Hierarchy 'cn_core', File '/home/victor/open_baseband/openasip/custom_units/LDPC/LDPC_decoder/new/cn_core.v', Line 1323.
WARNING: [Synth 37-93] [ASSIGN-6]Signal 'gen_min_mul_buses_19.out_demux_mul_0' was assigned but not read. 
RTL Name 'gen_min_mul_buses_19.out_demux_mul_0', Hierarchy 'cn_core', File '/home/victor/open_baseband/openasip/custom_units/LDPC/LDPC_decoder/new/cn_core.v', Line 1324.
WARNING: [Synth 37-93] [ASSIGN-6]Signal 'gen_min_mul_buses_19.out_demux_mul_1' was assigned but not read. 
RTL Name 'gen_min_mul_buses_19.out_demux_mul_1', Hierarchy 'cn_core', File '/home/victor/open_baseband/openasip/custom_units/LDPC/LDPC_decoder/new/cn_core.v', Line 1325.
WARNING: [Synth 37-93] [ASSIGN-6]Signal 'gen_min_mul_buses_19.out_demux_mul_2' was assigned but not read. 
RTL Name 'gen_min_mul_buses_19.out_demux_mul_2', Hierarchy 'cn_core', File '/home/victor/open_baseband/openasip/custom_units/LDPC/LDPC_decoder/new/cn_core.v', Line 1326.
WARNING: [Synth 37-126] [ASSIGN-9]Some bits in IO 'out_llr' are not set. First unset bit index is 0. 
RTL Name 'out_llr', Hierarchy 'cn_core', File 'cn_core.v', Line 57.
WARNING: [Synth 37-125] [ASSIGN-10]Some bits in IO 'sel_demux_min_30' are not read. First unread bit index is 0. 
RTL Name 'sel_demux_min_30', Hierarchy 'cn_core', File 'cn_core.v', Line 77.
WARNING: [Synth 37-125] [ASSIGN-10]Some bits in IO 'sel_demux_min_31' are not read. First unread bit index is 0. 
RTL Name 'sel_demux_min_31', Hierarchy 'cn_core', File 'cn_core.v', Line 78.
WARNING: [Synth 37-125] [ASSIGN-10]Some bits in IO 'sel_demux_mul_30' are not read. First unread bit index is 0. 
RTL Name 'sel_demux_mul_30', Hierarchy 'cn_core', File 'cn_core.v', Line 80.
WARNING: [Synth 37-125] [ASSIGN-10]Some bits in IO 'sel_demux_mul_31' are not read. First unread bit index is 0. 
RTL Name 'sel_demux_mul_31', Hierarchy 'cn_core', File 'cn_core.v', Line 81.
INFO: [Synth 37-85] Total of 12 linter message(s) generated.
INFO: [Synth 37-45] Linter Run Finished!
Synthesis Optimization Runtime : Time (s): cpu = 00:00:05 ; elapsed = 00:00:04 . Memory (MB): peak = 13045.738 ; gain = 191.168 ; free physical = 1746 ; free virtual = 11839
INFO: [Common 17-83] Releasing license: Synthesis
27 Infos, 12 Warnings, 0 Critical Warnings and 0 Errors encountered.
synth_design completed successfully
synth_design -top ldpc -part xczu7ev-ffvc1156-2-e -lint 
Command: synth_design -top ldpc -part xczu7ev-ffvc1156-2-e -lint
Starting synth_design
Attempting to get a license for feature 'Synthesis' and/or device 'xczu7ev'
INFO: [Common 17-349] Got license for feature 'Synthesis' and/or device 'xczu7ev'
INFO: [Synth 8-7079] Multithreading enabled for synth_design using a maximum of 7 processes.
---------------------------------------------------------------------------------
Starting Synthesize : Time (s): cpu = 00:00:03 ; elapsed = 00:00:03 . Memory (MB): peak = 13045.746 ; gain = 0.000 ; free physical = 1728 ; free virtual = 11822
---------------------------------------------------------------------------------
Clean up Linter database...
INFO: [Synth 8-6157] synthesizing module 'ldpc' [/home/victor/open_baseband/openasip/custom_units/LDPC/LDPC_decoder/new/project_1.srcs/sources_1/imports/new/ldpc.v:3]
INFO: [Synth 8-6157] synthesizing module 'cn_core' [/home/victor/open_baseband/openasip/custom_units/LDPC/LDPC_decoder/new/cn_core.v:48]
	Parameter DEGREE bound to: 19 - type: integer 
	Parameter WIDTH bound to: 8 - type: integer 
INFO: [Synth 8-6157] synthesizing module 'cn_proc' [/home/victor/open_baseband/openasip/custom_units/LDPC/LDPC_decoder/new/cn_proc.v:1]
	Parameter GROUP bound to: 3 - type: integer 
	Parameter WIDTH bound to: 8 - type: integer 
INFO: [Synth 8-6155] done synthesizing module 'cn_proc' (1#1) [/home/victor/open_baseband/openasip/custom_units/LDPC/LDPC_decoder/new/cn_proc.v:1]
INFO: [Synth 8-6157] synthesizing module 'cn_proc__parameterized0' [/home/victor/open_baseband/openasip/custom_units/LDPC/LDPC_decoder/new/cn_proc.v:1]
	Parameter GROUP bound to: 4 - type: integer 
	Parameter WIDTH bound to: 8 - type: integer 
INFO: [Synth 8-6155] done synthesizing module 'cn_proc__parameterized0' (1#1) [/home/victor/open_baseband/openasip/custom_units/LDPC/LDPC_decoder/new/cn_proc.v:1]
INFO: [Synth 8-6157] synthesizing module 'cn_proc__parameterized1' [/home/victor/open_baseband/openasip/custom_units/LDPC/LDPC_decoder/new/cn_proc.v:1]
	Parameter GROUP bound to: 5 - type: integer 
	Parameter WIDTH bound to: 8 - type: integer 
INFO: [Synth 8-6155] done synthesizing module 'cn_proc__parameterized1' (1#1) [/home/victor/open_baseband/openasip/custom_units/LDPC/LDPC_decoder/new/cn_proc.v:1]
INFO: [Synth 8-6157] synthesizing module 'cn_proc__parameterized2' [/home/victor/open_baseband/openasip/custom_units/LDPC/LDPC_decoder/new/cn_proc.v:1]
	Parameter GROUP bound to: 6 - type: integer 
	Parameter WIDTH bound to: 8 - type: integer 
INFO: [Synth 8-6155] done synthesizing module 'cn_proc__parameterized2' (1#1) [/home/victor/open_baseband/openasip/custom_units/LDPC/LDPC_decoder/new/cn_proc.v:1]
INFO: [Synth 8-6157] synthesizing module 'cn_proc__parameterized3' [/home/victor/open_baseband/openasip/custom_units/LDPC/LDPC_decoder/new/cn_proc.v:1]
	Parameter GROUP bound to: 7 - type: integer 
	Parameter WIDTH bound to: 8 - type: integer 
INFO: [Synth 8-6155] done synthesizing module 'cn_proc__parameterized3' (1#1) [/home/victor/open_baseband/openasip/custom_units/LDPC/LDPC_decoder/new/cn_proc.v:1]
INFO: [Synth 8-6157] synthesizing module 'cn_proc__parameterized4' [/home/victor/open_baseband/openasip/custom_units/LDPC/LDPC_decoder/new/cn_proc.v:1]
	Parameter GROUP bound to: 8 - type: integer 
	Parameter WIDTH bound to: 8 - type: integer 
INFO: [Synth 8-6155] done synthesizing module 'cn_proc__parameterized4' (1#1) [/home/victor/open_baseband/openasip/custom_units/LDPC/LDPC_decoder/new/cn_proc.v:1]
INFO: [Synth 8-6157] synthesizing module 'cn_proc__parameterized5' [/home/victor/open_baseband/openasip/custom_units/LDPC/LDPC_decoder/new/cn_proc.v:1]
	Parameter GROUP bound to: 9 - type: integer 
	Parameter WIDTH bound to: 8 - type: integer 
INFO: [Synth 8-6155] done synthesizing module 'cn_proc__parameterized5' (1#1) [/home/victor/open_baseband/openasip/custom_units/LDPC/LDPC_decoder/new/cn_proc.v:1]
INFO: [Synth 8-6157] synthesizing module 'cn_proc__parameterized6' [/home/victor/open_baseband/openasip/custom_units/LDPC/LDPC_decoder/new/cn_proc.v:1]
	Parameter GROUP bound to: 10 - type: integer 
	Parameter WIDTH bound to: 8 - type: integer 
INFO: [Synth 8-6155] done synthesizing module 'cn_proc__parameterized6' (1#1) [/home/victor/open_baseband/openasip/custom_units/LDPC/LDPC_decoder/new/cn_proc.v:1]
INFO: [Synth 8-6157] synthesizing module 'cn_proc__parameterized7' [/home/victor/open_baseband/openasip/custom_units/LDPC/LDPC_decoder/new/cn_proc.v:1]
	Parameter GROUP bound to: 19 - type: integer 
	Parameter WIDTH bound to: 8 - type: integer 
INFO: [Synth 8-6155] done synthesizing module 'cn_proc__parameterized7' (1#1) [/home/victor/open_baseband/openasip/custom_units/LDPC/LDPC_decoder/new/cn_proc.v:1]
INFO: [Synth 8-6155] done synthesizing module 'cn_core' (2#1) [/home/victor/open_baseband/openasip/custom_units/LDPC/LDPC_decoder/new/cn_core.v:48]
INFO: [Synth 8-6155] done synthesizing module 'ldpc' (3#1) [/home/victor/open_baseband/openasip/custom_units/LDPC/LDPC_decoder/new/project_1.srcs/sources_1/imports/new/ldpc.v:3]
---------------------------------------------------------------------------------
Finished Synthesize : Time (s): cpu = 00:00:05 ; elapsed = 00:00:04 . Memory (MB): peak = 13045.746 ; gain = 0.000 ; free physical = 1731 ; free virtual = 11824
---------------------------------------------------------------------------------
Copyright 1986-2022 Xilinx, Inc. All Rights Reserved. Copyright 2022-2025 Advanced Micro Devices, Inc. All Rights Reserved.
---------------------------------------------------------------------------------------------------------------------------------------------
| Tool Version : Vivado v.2025.2 (lin64) Build 6299465 Fri Nov 14 12:34:56 MST 2025
| Date         : Thu Jun  4 13:16:11 2026
| Host         : victor-IdeaPad-Slim-3-15ARP10 running 64-bit Ubuntu 24.04.4 LTS
---------------------------------------------------------------------------------------------------------------------------------------------

RTL Linter Report

Table of Contents
-----------------
1. Summary

1. Summary
----------

+-----------+----------+--------------+----------+
| Rule ID   | Severity | # Violations | # Waived |
+-----------+----------+--------------+----------+
| ASSIGN-5  | WARNING  | 1            | 0        |
| ASSIGN-6  | WARNING  | 6            | 0        |
| ASSIGN-9  | WARNING  | 1            | 0        |
| ASSIGN-10 | WARNING  | 4            | 0        |
+-----------+----------+--------------+----------+


WARNING: [Synth 37-124] [ASSIGN-5]Some bits in 'out_llr_r' are not set. First unset bit index is 0. 
RTL Name 'out_llr_r', Hierarchy 'cn_core', File 'cn_core.v', Line 2272.
WARNING: [Synth 37-93] [ASSIGN-6]Signal 'gen_min_mul_buses_19.out_demux_min_0' was assigned but not read. 
RTL Name 'gen_min_mul_buses_19.out_demux_min_0', Hierarchy 'cn_core', File '/home/victor/open_baseband/openasip/custom_units/LDPC/LDPC_decoder/new/cn_core.v', Line 1321.
WARNING: [Synth 37-93] [ASSIGN-6]Signal 'gen_min_mul_buses_19.out_demux_min_1' was assigned but not read. 
RTL Name 'gen_min_mul_buses_19.out_demux_min_1', Hierarchy 'cn_core', File '/home/victor/open_baseband/openasip/custom_units/LDPC/LDPC_decoder/new/cn_core.v', Line 1322.
WARNING: [Synth 37-93] [ASSIGN-6]Signal 'gen_min_mul_buses_19.out_demux_min_2' was assigned but not read. 
RTL Name 'gen_min_mul_buses_19.out_demux_min_2', Hierarchy 'cn_core', File '/home/victor/open_baseband/openasip/custom_units/LDPC/LDPC_decoder/new/cn_core.v', Line 1323.
WARNING: [Synth 37-93] [ASSIGN-6]Signal 'gen_min_mul_buses_19.out_demux_mul_0' was assigned but not read. 
RTL Name 'gen_min_mul_buses_19.out_demux_mul_0', Hierarchy 'cn_core', File '/home/victor/open_baseband/openasip/custom_units/LDPC/LDPC_decoder/new/cn_core.v', Line 1324.
WARNING: [Synth 37-93] [ASSIGN-6]Signal 'gen_min_mul_buses_19.out_demux_mul_1' was assigned but not read. 
RTL Name 'gen_min_mul_buses_19.out_demux_mul_1', Hierarchy 'cn_core', File '/home/victor/open_baseband/openasip/custom_units/LDPC/LDPC_decoder/new/cn_core.v', Line 1325.
WARNING: [Synth 37-93] [ASSIGN-6]Signal 'gen_min_mul_buses_19.out_demux_mul_2' was assigned but not read. 
RTL Name 'gen_min_mul_buses_19.out_demux_mul_2', Hierarchy 'cn_core', File '/home/victor/open_baseband/openasip/custom_units/LDPC/LDPC_decoder/new/cn_core.v', Line 1326.
WARNING: [Synth 37-126] [ASSIGN-9]Some bits in IO 'out_llr' are not set. First unset bit index is 0. 
RTL Name 'out_llr', Hierarchy 'cn_core', File 'cn_core.v', Line 57.
WARNING: [Synth 37-125] [ASSIGN-10]Some bits in IO 'sel_demux_min_30' are not read. First unread bit index is 0. 
RTL Name 'sel_demux_min_30', Hierarchy 'cn_core', File 'cn_core.v', Line 77.
WARNING: [Synth 37-125] [ASSIGN-10]Some bits in IO 'sel_demux_min_31' are not read. First unread bit index is 0. 
RTL Name 'sel_demux_min_31', Hierarchy 'cn_core', File 'cn_core.v', Line 78.
WARNING: [Synth 37-125] [ASSIGN-10]Some bits in IO 'sel_demux_mul_30' are not read. First unread bit index is 0. 
RTL Name 'sel_demux_mul_30', Hierarchy 'cn_core', File 'cn_core.v', Line 80.
WARNING: [Synth 37-125] [ASSIGN-10]Some bits in IO 'sel_demux_mul_31' are not read. First unread bit index is 0. 
RTL Name 'sel_demux_mul_31', Hierarchy 'cn_core', File 'cn_core.v', Line 81.
INFO: [Synth 37-85] Total of 12 linter message(s) generated.
INFO: [Synth 37-45] Linter Run Finished!
Synthesis Optimization Runtime : Time (s): cpu = 00:00:05 ; elapsed = 00:00:04 . Memory (MB): peak = 13049.609 ; gain = 3.863 ; free physical = 1725 ; free virtual = 11819
INFO: [Common 17-83] Releasing license: Synthesis
27 Infos, 12 Warnings, 0 Critical Warnings and 0 Errors encountered.
synth_design completed successfully
synth_design -top ldpc -part xczu7ev-ffvc1156-2-e -lint 
Command: synth_design -top ldpc -part xczu7ev-ffvc1156-2-e -lint
Starting synth_design
Attempting to get a license for feature 'Synthesis' and/or device 'xczu7ev'
INFO: [Common 17-349] Got license for feature 'Synthesis' and/or device 'xczu7ev'
INFO: [Synth 8-7079] Multithreading enabled for synth_design using a maximum of 7 processes.
---------------------------------------------------------------------------------
Starting Synthesize : Time (s): cpu = 00:00:03 ; elapsed = 00:00:03 . Memory (MB): peak = 13049.645 ; gain = 0.027 ; free physical = 1351 ; free virtual = 11553
---------------------------------------------------------------------------------
Clean up Linter database...
INFO: [Synth 8-6157] synthesizing module 'ldpc' [/home/victor/open_baseband/openasip/custom_units/LDPC/LDPC_decoder/new/project_1.srcs/sources_1/imports/new/ldpc.v:3]
INFO: [Synth 8-6157] synthesizing module 'cn_core' [/home/victor/open_baseband/openasip/custom_units/LDPC/LDPC_decoder/new/cn_core.v:41]
	Parameter DEGREE bound to: 19 - type: integer 
	Parameter WIDTH bound to: 8 - type: integer 
INFO: [Synth 8-6157] synthesizing module 'cn_proc' [/home/victor/open_baseband/openasip/custom_units/LDPC/LDPC_decoder/new/cn_proc.v:1]
	Parameter GROUP bound to: 3 - type: integer 
	Parameter WIDTH bound to: 8 - type: integer 
INFO: [Synth 8-6155] done synthesizing module 'cn_proc' (1#1) [/home/victor/open_baseband/openasip/custom_units/LDPC/LDPC_decoder/new/cn_proc.v:1]
INFO: [Synth 8-6157] synthesizing module 'cn_proc__parameterized0' [/home/victor/open_baseband/openasip/custom_units/LDPC/LDPC_decoder/new/cn_proc.v:1]
	Parameter GROUP bound to: 4 - type: integer 
	Parameter WIDTH bound to: 8 - type: integer 
INFO: [Synth 8-6155] done synthesizing module 'cn_proc__parameterized0' (1#1) [/home/victor/open_baseband/openasip/custom_units/LDPC/LDPC_decoder/new/cn_proc.v:1]
INFO: [Synth 8-6157] synthesizing module 'cn_proc__parameterized1' [/home/victor/open_baseband/openasip/custom_units/LDPC/LDPC_decoder/new/cn_proc.v:1]
	Parameter GROUP bound to: 5 - type: integer 
	Parameter WIDTH bound to: 8 - type: integer 
INFO: [Synth 8-6155] done synthesizing module 'cn_proc__parameterized1' (1#1) [/home/victor/open_baseband/openasip/custom_units/LDPC/LDPC_decoder/new/cn_proc.v:1]
INFO: [Synth 8-6157] synthesizing module 'cn_proc__parameterized2' [/home/victor/open_baseband/openasip/custom_units/LDPC/LDPC_decoder/new/cn_proc.v:1]
	Parameter GROUP bound to: 6 - type: integer 
	Parameter WIDTH bound to: 8 - type: integer 
INFO: [Synth 8-6155] done synthesizing module 'cn_proc__parameterized2' (1#1) [/home/victor/open_baseband/openasip/custom_units/LDPC/LDPC_decoder/new/cn_proc.v:1]
INFO: [Synth 8-6157] synthesizing module 'cn_proc__parameterized3' [/home/victor/open_baseband/openasip/custom_units/LDPC/LDPC_decoder/new/cn_proc.v:1]
	Parameter GROUP bound to: 7 - type: integer 
	Parameter WIDTH bound to: 8 - type: integer 
INFO: [Synth 8-6155] done synthesizing module 'cn_proc__parameterized3' (1#1) [/home/victor/open_baseband/openasip/custom_units/LDPC/LDPC_decoder/new/cn_proc.v:1]
INFO: [Synth 8-6157] synthesizing module 'cn_proc__parameterized4' [/home/victor/open_baseband/openasip/custom_units/LDPC/LDPC_decoder/new/cn_proc.v:1]
	Parameter GROUP bound to: 8 - type: integer 
	Parameter WIDTH bound to: 8 - type: integer 
INFO: [Synth 8-6155] done synthesizing module 'cn_proc__parameterized4' (1#1) [/home/victor/open_baseband/openasip/custom_units/LDPC/LDPC_decoder/new/cn_proc.v:1]
INFO: [Synth 8-6157] synthesizing module 'cn_proc__parameterized5' [/home/victor/open_baseband/openasip/custom_units/LDPC/LDPC_decoder/new/cn_proc.v:1]
	Parameter GROUP bound to: 9 - type: integer 
	Parameter WIDTH bound to: 8 - type: integer 
INFO: [Synth 8-6155] done synthesizing module 'cn_proc__parameterized5' (1#1) [/home/victor/open_baseband/openasip/custom_units/LDPC/LDPC_decoder/new/cn_proc.v:1]
INFO: [Synth 8-6157] synthesizing module 'cn_proc__parameterized6' [/home/victor/open_baseband/openasip/custom_units/LDPC/LDPC_decoder/new/cn_proc.v:1]
	Parameter GROUP bound to: 10 - type: integer 
	Parameter WIDTH bound to: 8 - type: integer 
INFO: [Synth 8-6155] done synthesizing module 'cn_proc__parameterized6' (1#1) [/home/victor/open_baseband/openasip/custom_units/LDPC/LDPC_decoder/new/cn_proc.v:1]
INFO: [Synth 8-6157] synthesizing module 'cn_proc__parameterized7' [/home/victor/open_baseband/openasip/custom_units/LDPC/LDPC_decoder/new/cn_proc.v:1]
	Parameter GROUP bound to: 19 - type: integer 
	Parameter WIDTH bound to: 8 - type: integer 
INFO: [Synth 8-6155] done synthesizing module 'cn_proc__parameterized7' (1#1) [/home/victor/open_baseband/openasip/custom_units/LDPC/LDPC_decoder/new/cn_proc.v:1]
ERROR: [Synth 8-27] procedural assign not supported [/home/victor/open_baseband/openasip/custom_units/LDPC/LDPC_decoder/new/cn_core.v:570]
ERROR: [Synth 8-6156] failed synthesizing module 'cn_core' [/home/victor/open_baseband/openasip/custom_units/LDPC/LDPC_decoder/new/cn_core.v:41]
ERROR: [Synth 8-6156] failed synthesizing module 'ldpc' [/home/victor/open_baseband/openasip/custom_units/LDPC/LDPC_decoder/new/project_1.srcs/sources_1/imports/new/ldpc.v:3]
---------------------------------------------------------------------------------
Finished Synthesize : Time (s): cpu = 00:00:04 ; elapsed = 00:00:04 . Memory (MB): peak = 13049.645 ; gain = 0.027 ; free physical = 1361 ; free virtual = 11563
---------------------------------------------------------------------------------
synthesize failed
INFO: [Common 17-83] Releasing license: Synthesis
23 Infos, 0 Warnings, 0 Critical Warnings and 3 Errors encountered.
synth_design completed successfully
ERROR: [Common 17-39] 'synth_design' failed due to earlier errors.
synth_design -top ldpc -part xczu7ev-ffvc1156-2-e -lint 
Command: synth_design -top ldpc -part xczu7ev-ffvc1156-2-e -lint
Starting synth_design
Attempting to get a license for feature 'Synthesis' and/or device 'xczu7ev'
INFO: [Common 17-349] Got license for feature 'Synthesis' and/or device 'xczu7ev'
INFO: [Synth 8-7079] Multithreading enabled for synth_design using a maximum of 7 processes.
---------------------------------------------------------------------------------
Starting Synthesize : Time (s): cpu = 00:00:03 ; elapsed = 00:00:03 . Memory (MB): peak = 13059.609 ; gain = 0.000 ; free physical = 1537 ; free virtual = 11782
---------------------------------------------------------------------------------
Clean up Linter database...
INFO: [Synth 8-6157] synthesizing module 'ldpc' [/home/victor/open_baseband/openasip/custom_units/LDPC/LDPC_decoder/new/project_1.srcs/sources_1/imports/new/ldpc.v:3]
INFO: [Synth 8-6157] synthesizing module 'cn_core' [/home/victor/open_baseband/openasip/custom_units/LDPC/LDPC_decoder/new/cn_core.v:41]
	Parameter DEGREE bound to: 19 - type: integer 
	Parameter WIDTH bound to: 8 - type: integer 
INFO: [Synth 8-6157] synthesizing module 'cn_proc' [/home/victor/open_baseband/openasip/custom_units/LDPC/LDPC_decoder/new/cn_proc.v:1]
	Parameter GROUP bound to: 3 - type: integer 
	Parameter WIDTH bound to: 8 - type: integer 
INFO: [Synth 8-6155] done synthesizing module 'cn_proc' (1#1) [/home/victor/open_baseband/openasip/custom_units/LDPC/LDPC_decoder/new/cn_proc.v:1]
INFO: [Synth 8-6157] synthesizing module 'cn_proc__parameterized0' [/home/victor/open_baseband/openasip/custom_units/LDPC/LDPC_decoder/new/cn_proc.v:1]
	Parameter GROUP bound to: 4 - type: integer 
	Parameter WIDTH bound to: 8 - type: integer 
INFO: [Synth 8-6155] done synthesizing module 'cn_proc__parameterized0' (1#1) [/home/victor/open_baseband/openasip/custom_units/LDPC/LDPC_decoder/new/cn_proc.v:1]
INFO: [Synth 8-6157] synthesizing module 'cn_proc__parameterized1' [/home/victor/open_baseband/openasip/custom_units/LDPC/LDPC_decoder/new/cn_proc.v:1]
	Parameter GROUP bound to: 5 - type: integer 
	Parameter WIDTH bound to: 8 - type: integer 
INFO: [Synth 8-6155] done synthesizing module 'cn_proc__parameterized1' (1#1) [/home/victor/open_baseband/openasip/custom_units/LDPC/LDPC_decoder/new/cn_proc.v:1]
INFO: [Synth 8-6157] synthesizing module 'cn_proc__parameterized2' [/home/victor/open_baseband/openasip/custom_units/LDPC/LDPC_decoder/new/cn_proc.v:1]
	Parameter GROUP bound to: 6 - type: integer 
	Parameter WIDTH bound to: 8 - type: integer 
INFO: [Synth 8-6155] done synthesizing module 'cn_proc__parameterized2' (1#1) [/home/victor/open_baseband/openasip/custom_units/LDPC/LDPC_decoder/new/cn_proc.v:1]
INFO: [Synth 8-6157] synthesizing module 'cn_proc__parameterized3' [/home/victor/open_baseband/openasip/custom_units/LDPC/LDPC_decoder/new/cn_proc.v:1]
	Parameter GROUP bound to: 7 - type: integer 
	Parameter WIDTH bound to: 8 - type: integer 
INFO: [Synth 8-6155] done synthesizing module 'cn_proc__parameterized3' (1#1) [/home/victor/open_baseband/openasip/custom_units/LDPC/LDPC_decoder/new/cn_proc.v:1]
INFO: [Synth 8-6157] synthesizing module 'cn_proc__parameterized4' [/home/victor/open_baseband/openasip/custom_units/LDPC/LDPC_decoder/new/cn_proc.v:1]
	Parameter GROUP bound to: 8 - type: integer 
	Parameter WIDTH bound to: 8 - type: integer 
INFO: [Synth 8-6155] done synthesizing module 'cn_proc__parameterized4' (1#1) [/home/victor/open_baseband/openasip/custom_units/LDPC/LDPC_decoder/new/cn_proc.v:1]
INFO: [Synth 8-6157] synthesizing module 'cn_proc__parameterized5' [/home/victor/open_baseband/openasip/custom_units/LDPC/LDPC_decoder/new/cn_proc.v:1]
	Parameter GROUP bound to: 9 - type: integer 
	Parameter WIDTH bound to: 8 - type: integer 
INFO: [Synth 8-6155] done synthesizing module 'cn_proc__parameterized5' (1#1) [/home/victor/open_baseband/openasip/custom_units/LDPC/LDPC_decoder/new/cn_proc.v:1]
INFO: [Synth 8-6157] synthesizing module 'cn_proc__parameterized6' [/home/victor/open_baseband/openasip/custom_units/LDPC/LDPC_decoder/new/cn_proc.v:1]
	Parameter GROUP bound to: 10 - type: integer 
	Parameter WIDTH bound to: 8 - type: integer 
INFO: [Synth 8-6155] done synthesizing module 'cn_proc__parameterized6' (1#1) [/home/victor/open_baseband/openasip/custom_units/LDPC/LDPC_decoder/new/cn_proc.v:1]
INFO: [Synth 8-6157] synthesizing module 'cn_proc__parameterized7' [/home/victor/open_baseband/openasip/custom_units/LDPC/LDPC_decoder/new/cn_proc.v:1]
	Parameter GROUP bound to: 19 - type: integer 
	Parameter WIDTH bound to: 8 - type: integer 
INFO: [Synth 8-6155] done synthesizing module 'cn_proc__parameterized7' (1#1) [/home/victor/open_baseband/openasip/custom_units/LDPC/LDPC_decoder/new/cn_proc.v:1]
INFO: [Synth 8-6155] done synthesizing module 'cn_core' (2#1) [/home/victor/open_baseband/openasip/custom_units/LDPC/LDPC_decoder/new/cn_core.v:41]
INFO: [Synth 8-6155] done synthesizing module 'ldpc' (3#1) [/home/victor/open_baseband/openasip/custom_units/LDPC/LDPC_decoder/new/project_1.srcs/sources_1/imports/new/ldpc.v:3]
---------------------------------------------------------------------------------
Finished Synthesize : Time (s): cpu = 00:00:04 ; elapsed = 00:00:04 . Memory (MB): peak = 13059.609 ; gain = 0.000 ; free physical = 1540 ; free virtual = 11784
---------------------------------------------------------------------------------
Copyright 1986-2022 Xilinx, Inc. All Rights Reserved. Copyright 2022-2025 Advanced Micro Devices, Inc. All Rights Reserved.
---------------------------------------------------------------------------------------------------------------------------------------------
| Tool Version : Vivado v.2025.2 (lin64) Build 6299465 Fri Nov 14 12:34:56 MST 2025
| Date         : Thu Jun  4 13:52:46 2026
| Host         : victor-IdeaPad-Slim-3-15ARP10 running 64-bit Ubuntu 24.04.4 LTS
---------------------------------------------------------------------------------------------------------------------------------------------

RTL Linter Report

Table of Contents
-----------------
1. Summary

1. Summary
----------

+-----------+----------+--------------+----------+
| Rule ID   | Severity | # Violations | # Waived |
+-----------+----------+--------------+----------+
| ASSIGN-5  | WARNING  | 1            | 0        |
| ASSIGN-6  | WARNING  | 6            | 0        |
| ASSIGN-9  | WARNING  | 1            | 0        |
| ASSIGN-10 | WARNING  | 4            | 0        |
+-----------+----------+--------------+----------+


WARNING: [Synth 37-124] [ASSIGN-5]Some bits in 'out_llr_r' are not set. First unset bit index is 0. 
RTL Name 'out_llr_r', Hierarchy 'cn_core', File 'cn_core.v', Line 1457.
WARNING: [Synth 37-93] [ASSIGN-6]Signal 'gen_min_mul_buses_19.out_demux_min_0' was assigned but not read. 
RTL Name 'gen_min_mul_buses_19.out_demux_min_0', Hierarchy 'cn_core', File '/home/victor/open_baseband/openasip/custom_units/LDPC/LDPC_decoder/new/cn_core.v', Line 856.
WARNING: [Synth 37-93] [ASSIGN-6]Signal 'gen_min_mul_buses_19.out_demux_min_1' was assigned but not read. 
RTL Name 'gen_min_mul_buses_19.out_demux_min_1', Hierarchy 'cn_core', File '/home/victor/open_baseband/openasip/custom_units/LDPC/LDPC_decoder/new/cn_core.v', Line 857.
WARNING: [Synth 37-93] [ASSIGN-6]Signal 'gen_min_mul_buses_19.out_demux_min_2' was assigned but not read. 
RTL Name 'gen_min_mul_buses_19.out_demux_min_2', Hierarchy 'cn_core', File '/home/victor/open_baseband/openasip/custom_units/LDPC/LDPC_decoder/new/cn_core.v', Line 858.
WARNING: [Synth 37-93] [ASSIGN-6]Signal 'gen_min_mul_buses_19.out_demux_mul_0' was assigned but not read. 
RTL Name 'gen_min_mul_buses_19.out_demux_mul_0', Hierarchy 'cn_core', File '/home/victor/open_baseband/openasip/custom_units/LDPC/LDPC_decoder/new/cn_core.v', Line 859.
WARNING: [Synth 37-93] [ASSIGN-6]Signal 'gen_min_mul_buses_19.out_demux_mul_1' was assigned but not read. 
RTL Name 'gen_min_mul_buses_19.out_demux_mul_1', Hierarchy 'cn_core', File '/home/victor/open_baseband/openasip/custom_units/LDPC/LDPC_decoder/new/cn_core.v', Line 860.
WARNING: [Synth 37-93] [ASSIGN-6]Signal 'gen_min_mul_buses_19.out_demux_mul_2' was assigned but not read. 
RTL Name 'gen_min_mul_buses_19.out_demux_mul_2', Hierarchy 'cn_core', File '/home/victor/open_baseband/openasip/custom_units/LDPC/LDPC_decoder/new/cn_core.v', Line 861.
WARNING: [Synth 37-126] [ASSIGN-9]Some bits in IO 'out_llr' are not set. First unset bit index is 0. 
RTL Name 'out_llr', Hierarchy 'cn_core', File 'cn_core.v', Line 50.
WARNING: [Synth 37-125] [ASSIGN-10]Some bits in IO 'sel_demux_min_30' are not read. First unread bit index is 0. 
RTL Name 'sel_demux_min_30', Hierarchy 'cn_core', File 'cn_core.v', Line 70.
WARNING: [Synth 37-125] [ASSIGN-10]Some bits in IO 'sel_demux_min_31' are not read. First unread bit index is 0. 
RTL Name 'sel_demux_min_31', Hierarchy 'cn_core', File 'cn_core.v', Line 71.
WARNING: [Synth 37-125] [ASSIGN-10]Some bits in IO 'sel_demux_mul_30' are not read. First unread bit index is 0. 
RTL Name 'sel_demux_mul_30', Hierarchy 'cn_core', File 'cn_core.v', Line 73.
WARNING: [Synth 37-125] [ASSIGN-10]Some bits in IO 'sel_demux_mul_31' are not read. First unread bit index is 0. 
RTL Name 'sel_demux_mul_31', Hierarchy 'cn_core', File 'cn_core.v', Line 74.
INFO: [Synth 37-85] Total of 12 linter message(s) generated.
INFO: [Synth 37-45] Linter Run Finished!
Synthesis Optimization Runtime : Time (s): cpu = 00:00:04 ; elapsed = 00:00:04 . Memory (MB): peak = 13059.609 ; gain = 0.000 ; free physical = 1535 ; free virtual = 11780
INFO: [Common 17-83] Releasing license: Synthesis
27 Infos, 12 Warnings, 0 Critical Warnings and 0 Errors encountered.
synth_design completed successfully
reset_run synth_1
INFO: [Project 1-1161] Replacing file /home/victor/open_baseband/openasip/custom_units/LDPC/LDPC_decoder/new/project_1.srcs/utils_1/imports/synth_1/cn_core.dcp with file /home/victor/open_baseband/openasip/custom_units/LDPC/LDPC_decoder/new/project_1.runs/synth_1/ldpc.dcp
launch_runs synth_1 -jobs 15
[Thu Jun  4 13:53:02 2026] Launched synth_1...
Run output will be captured here: /home/victor/open_baseband/openasip/custom_units/LDPC/LDPC_decoder/new/project_1.runs/synth_1/runme.log
WARNING: [filemgmt 56-199] Attempt to get parsing info during refresh. "On-the-fly" syntax checking information may be incorrect. [/home/victor/open_baseband/openasip/custom_units/LDPC/LDPC_decoder/new/project_1.srcs/sources_1/imports/new/cn_proc.v:]
WARNING: [filemgmt 56-199] Attempt to get parsing info during refresh. "On-the-fly" syntax checking information may be incorrect. [/home/victor/open_baseband/openasip/custom_units/LDPC/LDPC_decoder/new/project_1.srcs/sources_1/imports/new/ldpc.v:]
WARNING: [filemgmt 56-199] Attempt to get parsing info during refresh. "On-the-fly" syntax checking information may be incorrect. [/home/victor/open_baseband/openasip/custom_units/LDPC/LDPC_decoder/new/project_1.srcs/sources_1/imports/new/cn_proc.v:]
WARNING: [filemgmt 56-199] Attempt to get parsing info during refresh. "On-the-fly" syntax checking information may be incorrect. [/home/victor/open_baseband/openasip/custom_units/LDPC/LDPC_decoder/new/project_1.srcs/sources_1/imports/new/cn_proc.v:]
synth_design -top ldpc -part xczu7ev-ffvc1156-2-e -lint 
Command: synth_design -top ldpc -part xczu7ev-ffvc1156-2-e -lint
Starting synth_design
Attempting to get a license for feature 'Synthesis' and/or device 'xczu7ev'
INFO: [Common 17-349] Got license for feature 'Synthesis' and/or device 'xczu7ev'
INFO: [Synth 8-7079] Multithreading enabled for synth_design using a maximum of 7 processes.
---------------------------------------------------------------------------------
Starting Synthesize : Time (s): cpu = 00:00:04 ; elapsed = 00:00:04 . Memory (MB): peak = 13087.516 ; gain = 0.000 ; free physical = 709 ; free virtual = 10980
---------------------------------------------------------------------------------
Clean up Linter database...
INFO: [Synth 8-6157] synthesizing module 'ldpc' [/home/victor/open_baseband/openasip/custom_units/LDPC/LDPC_decoder/new/project_1.srcs/sources_1/imports/new/ldpc.v:3]
INFO: [Synth 8-6157] synthesizing module 'cn_core' [/home/victor/open_baseband/openasip/custom_units/LDPC/LDPC_decoder/new/cn_core.v:41]
	Parameter DEGREE bound to: 19 - type: integer 
	Parameter WIDTH bound to: 8 - type: integer 
INFO: [Synth 8-6157] synthesizing module 'cn_proc' [/home/victor/open_baseband/openasip/custom_units/LDPC/LDPC_decoder/new/cn_proc.v:1]
	Parameter GROUP bound to: 3 - type: integer 
	Parameter WIDTH bound to: 8 - type: integer 
INFO: [Synth 8-6155] done synthesizing module 'cn_proc' (1#1) [/home/victor/open_baseband/openasip/custom_units/LDPC/LDPC_decoder/new/cn_proc.v:1]
INFO: [Synth 8-6157] synthesizing module 'cn_proc__parameterized0' [/home/victor/open_baseband/openasip/custom_units/LDPC/LDPC_decoder/new/cn_proc.v:1]
	Parameter GROUP bound to: 4 - type: integer 
	Parameter WIDTH bound to: 8 - type: integer 
INFO: [Synth 8-6155] done synthesizing module 'cn_proc__parameterized0' (1#1) [/home/victor/open_baseband/openasip/custom_units/LDPC/LDPC_decoder/new/cn_proc.v:1]
INFO: [Synth 8-6157] synthesizing module 'cn_proc__parameterized1' [/home/victor/open_baseband/openasip/custom_units/LDPC/LDPC_decoder/new/cn_proc.v:1]
	Parameter GROUP bound to: 5 - type: integer 
	Parameter WIDTH bound to: 8 - type: integer 
INFO: [Synth 8-6155] done synthesizing module 'cn_proc__parameterized1' (1#1) [/home/victor/open_baseband/openasip/custom_units/LDPC/LDPC_decoder/new/cn_proc.v:1]
INFO: [Synth 8-6157] synthesizing module 'cn_proc__parameterized2' [/home/victor/open_baseband/openasip/custom_units/LDPC/LDPC_decoder/new/cn_proc.v:1]
	Parameter GROUP bound to: 6 - type: integer 
	Parameter WIDTH bound to: 8 - type: integer 
INFO: [Synth 8-6155] done synthesizing module 'cn_proc__parameterized2' (1#1) [/home/victor/open_baseband/openasip/custom_units/LDPC/LDPC_decoder/new/cn_proc.v:1]
INFO: [Synth 8-6157] synthesizing module 'cn_proc__parameterized3' [/home/victor/open_baseband/openasip/custom_units/LDPC/LDPC_decoder/new/cn_proc.v:1]
	Parameter GROUP bound to: 7 - type: integer 
	Parameter WIDTH bound to: 8 - type: integer 
INFO: [Synth 8-6155] done synthesizing module 'cn_proc__parameterized3' (1#1) [/home/victor/open_baseband/openasip/custom_units/LDPC/LDPC_decoder/new/cn_proc.v:1]
INFO: [Synth 8-6157] synthesizing module 'cn_proc__parameterized4' [/home/victor/open_baseband/openasip/custom_units/LDPC/LDPC_decoder/new/cn_proc.v:1]
	Parameter GROUP bound to: 8 - type: integer 
	Parameter WIDTH bound to: 8 - type: integer 
INFO: [Synth 8-6155] done synthesizing module 'cn_proc__parameterized4' (1#1) [/home/victor/open_baseband/openasip/custom_units/LDPC/LDPC_decoder/new/cn_proc.v:1]
INFO: [Synth 8-6157] synthesizing module 'cn_proc__parameterized5' [/home/victor/open_baseband/openasip/custom_units/LDPC/LDPC_decoder/new/cn_proc.v:1]
	Parameter GROUP bound to: 9 - type: integer 
	Parameter WIDTH bound to: 8 - type: integer 
INFO: [Synth 8-6155] done synthesizing module 'cn_proc__parameterized5' (1#1) [/home/victor/open_baseband/openasip/custom_units/LDPC/LDPC_decoder/new/cn_proc.v:1]
INFO: [Synth 8-6157] synthesizing module 'cn_proc__parameterized6' [/home/victor/open_baseband/openasip/custom_units/LDPC/LDPC_decoder/new/cn_proc.v:1]
	Parameter GROUP bound to: 10 - type: integer 
	Parameter WIDTH bound to: 8 - type: integer 
INFO: [Synth 8-6155] done synthesizing module 'cn_proc__parameterized6' (1#1) [/home/victor/open_baseband/openasip/custom_units/LDPC/LDPC_decoder/new/cn_proc.v:1]
INFO: [Synth 8-6157] synthesizing module 'cn_proc__parameterized7' [/home/victor/open_baseband/openasip/custom_units/LDPC/LDPC_decoder/new/cn_proc.v:1]
	Parameter GROUP bound to: 19 - type: integer 
	Parameter WIDTH bound to: 8 - type: integer 
INFO: [Synth 8-6155] done synthesizing module 'cn_proc__parameterized7' (1#1) [/home/victor/open_baseband/openasip/custom_units/LDPC/LDPC_decoder/new/cn_proc.v:1]
INFO: [Synth 8-6155] done synthesizing module 'cn_core' (2#1) [/home/victor/open_baseband/openasip/custom_units/LDPC/LDPC_decoder/new/cn_core.v:41]
INFO: [Synth 8-6155] done synthesizing module 'ldpc' (3#1) [/home/victor/open_baseband/openasip/custom_units/LDPC/LDPC_decoder/new/project_1.srcs/sources_1/imports/new/ldpc.v:3]
---------------------------------------------------------------------------------
Finished Synthesize : Time (s): cpu = 00:00:05 ; elapsed = 00:00:05 . Memory (MB): peak = 13087.516 ; gain = 0.000 ; free physical = 650 ; free virtual = 10922
---------------------------------------------------------------------------------
Copyright 1986-2022 Xilinx, Inc. All Rights Reserved. Copyright 2022-2025 Advanced Micro Devices, Inc. All Rights Reserved.
---------------------------------------------------------------------------------------------------------------------------------------------
| Tool Version : Vivado v.2025.2 (lin64) Build 6299465 Fri Nov 14 12:34:56 MST 2025
| Date         : Thu Jun  4 13:53:08 2026
| Host         : victor-IdeaPad-Slim-3-15ARP10 running 64-bit Ubuntu 24.04.4 LTS
---------------------------------------------------------------------------------------------------------------------------------------------

RTL Linter Report

Table of Contents
-----------------
1. Summary

1. Summary
----------

+-----------+----------+--------------+----------+
| Rule ID   | Severity | # Violations | # Waived |
+-----------+----------+--------------+----------+
| ASSIGN-5  | WARNING  | 1            | 0        |
| ASSIGN-6  | WARNING  | 6            | 0        |
| ASSIGN-9  | WARNING  | 1            | 0        |
| ASSIGN-10 | WARNING  | 4            | 0        |
+-----------+----------+--------------+----------+


WARNING: [Synth 37-124] [ASSIGN-5]Some bits in 'out_llr_r' are not set. First unset bit index is 0. 
RTL Name 'out_llr_r', Hierarchy 'cn_core', File 'cn_core.v', Line 1457.
WARNING: [Synth 37-93] [ASSIGN-6]Signal 'gen_min_mul_buses_19.out_demux_min_0' was assigned but not read. 
RTL Name 'gen_min_mul_buses_19.out_demux_min_0', Hierarchy 'cn_core', File '/home/victor/open_baseband/openasip/custom_units/LDPC/LDPC_decoder/new/cn_core.v', Line 856.
WARNING: [Synth 37-93] [ASSIGN-6]Signal 'gen_min_mul_buses_19.out_demux_min_1' was assigned but not read. 
RTL Name 'gen_min_mul_buses_19.out_demux_min_1', Hierarchy 'cn_core', File '/home/victor/open_baseband/openasip/custom_units/LDPC/LDPC_decoder/new/cn_core.v', Line 857.
WARNING: [Synth 37-93] [ASSIGN-6]Signal 'gen_min_mul_buses_19.out_demux_min_2' was assigned but not read. 
RTL Name 'gen_min_mul_buses_19.out_demux_min_2', Hierarchy 'cn_core', File '/home/victor/open_baseband/openasip/custom_units/LDPC/LDPC_decoder/new/cn_core.v', Line 858.
WARNING: [Synth 37-93] [ASSIGN-6]Signal 'gen_min_mul_buses_19.out_demux_mul_0' was assigned but not read. 
RTL Name 'gen_min_mul_buses_19.out_demux_mul_0', Hierarchy 'cn_core', File '/home/victor/open_baseband/openasip/custom_units/LDPC/LDPC_decoder/new/cn_core.v', Line 859.
WARNING: [Synth 37-93] [ASSIGN-6]Signal 'gen_min_mul_buses_19.out_demux_mul_1' was assigned but not read. 
RTL Name 'gen_min_mul_buses_19.out_demux_mul_1', Hierarchy 'cn_core', File '/home/victor/open_baseband/openasip/custom_units/LDPC/LDPC_decoder/new/cn_core.v', Line 860.
WARNING: [Synth 37-93] [ASSIGN-6]Signal 'gen_min_mul_buses_19.out_demux_mul_2' was assigned but not read. 
RTL Name 'gen_min_mul_buses_19.out_demux_mul_2', Hierarchy 'cn_core', File '/home/victor/open_baseband/openasip/custom_units/LDPC/LDPC_decoder/new/cn_core.v', Line 861.
WARNING: [Synth 37-126] [ASSIGN-9]Some bits in IO 'out_llr' are not set. First unset bit index is 0. 
RTL Name 'out_llr', Hierarchy 'cn_core', File 'cn_core.v', Line 50.
WARNING: [Synth 37-125] [ASSIGN-10]Some bits in IO 'sel_demux_min_30' are not read. First unread bit index is 0. 
RTL Name 'sel_demux_min_30', Hierarchy 'cn_core', File 'cn_core.v', Line 70.
WARNING: [Synth 37-125] [ASSIGN-10]Some bits in IO 'sel_demux_min_31' are not read. First unread bit index is 0. 
RTL Name 'sel_demux_min_31', Hierarchy 'cn_core', File 'cn_core.v', Line 71.
WARNING: [Synth 37-125] [ASSIGN-10]Some bits in IO 'sel_demux_mul_30' are not read. First unread bit index is 0. 
RTL Name 'sel_demux_mul_30', Hierarchy 'cn_core', File 'cn_core.v', Line 73.
WARNING: [Synth 37-125] [ASSIGN-10]Some bits in IO 'sel_demux_mul_31' are not read. First unread bit index is 0. 
RTL Name 'sel_demux_mul_31', Hierarchy 'cn_core', File 'cn_core.v', Line 74.
INFO: [Synth 37-85] Total of 12 linter message(s) generated.
INFO: [Synth 37-45] Linter Run Finished!
Synthesis Optimization Runtime : Time (s): cpu = 00:00:05 ; elapsed = 00:00:05 . Memory (MB): peak = 13087.516 ; gain = 0.000 ; free physical = 580 ; free virtual = 10851
INFO: [Common 17-83] Releasing license: Synthesis
27 Infos, 12 Warnings, 0 Critical Warnings and 0 Errors encountered.
synth_design completed successfully
reset_run synth_1
launch_runs synth_1 -jobs 15
[Thu Jun  4 13:53:18 2026] Launched synth_1...
Run output will be captured here: /home/victor/open_baseband/openasip/custom_units/LDPC/LDPC_decoder/new/project_1.runs/synth_1/runme.log
close_design
open_run synth_1 -name synth_1
Design is defaulting to impl run constrset: constrs_1
Design is defaulting to synth run part: xczu7ev-ffvc1156-2-e
INFO: [Project 1-5699] Read binary netlist with skipMacroContent - 1
Netlist sorting complete. Time (s): cpu = 00:00:00 ; elapsed = 00:00:00 . Memory (MB): peak = 13091.484 ; gain = 0.000 ; free physical = 2482 ; free virtual = 11881
INFO: [Project 1-479] Netlist was created with Vivado 2025.2
INFO: [Project 1-570] Preparing netlist for logic optimization
INFO: [Opt 31-138] Pushed 0 inverter(s) to 0 load pin(s).
Netlist sorting complete. Time (s): cpu = 00:00:00.01 ; elapsed = 00:00:00 . Memory (MB): peak = 13091.484 ; gain = 0.000 ; free physical = 2494 ; free virtual = 11893
INFO: [Project 1-111] Unisim Transformation Summary:
No Unisim elements were transformed.

open_run: Time (s): cpu = 00:00:12 ; elapsed = 00:00:09 . Memory (MB): peak = 13091.484 ; gain = 0.000 ; free physical = 2448 ; free virtual = 11876
synth_design -top ldpc -part xczu7ev-ffvc1156-2-e -lint 
Command: synth_design -top ldpc -part xczu7ev-ffvc1156-2-e -lint
Starting synth_design
Attempting to get a license for feature 'Synthesis' and/or device 'xczu7ev'
INFO: [Common 17-349] Got license for feature 'Synthesis' and/or device 'xczu7ev'
INFO: [Synth 8-7079] Multithreading enabled for synth_design using a maximum of 7 processes.
---------------------------------------------------------------------------------
Starting Synthesize : Time (s): cpu = 00:00:03 ; elapsed = 00:00:03 . Memory (MB): peak = 13114.340 ; gain = 0.000 ; free physical = 2232 ; free virtual = 11635
---------------------------------------------------------------------------------
Clean up Linter database...
INFO: [Synth 8-6157] synthesizing module 'ldpc' [/home/victor/open_baseband/openasip/custom_units/LDPC/LDPC_decoder/new/project_1.srcs/sources_1/imports/new/ldpc.v:3]
INFO: [Synth 8-6157] synthesizing module 'cn_core' [/home/victor/open_baseband/openasip/custom_units/LDPC/LDPC_decoder/new/cn_core.v:41]
	Parameter DEGREE bound to: 19 - type: integer 
	Parameter WIDTH bound to: 8 - type: integer 
INFO: [Synth 8-6157] synthesizing module 'cn_proc' [/home/victor/open_baseband/openasip/custom_units/LDPC/LDPC_decoder/new/cn_proc.v:1]
	Parameter GROUP bound to: 3 - type: integer 
	Parameter WIDTH bound to: 8 - type: integer 
INFO: [Synth 8-6155] done synthesizing module 'cn_proc' (1#1) [/home/victor/open_baseband/openasip/custom_units/LDPC/LDPC_decoder/new/cn_proc.v:1]
INFO: [Synth 8-6157] synthesizing module 'cn_proc__parameterized0' [/home/victor/open_baseband/openasip/custom_units/LDPC/LDPC_decoder/new/cn_proc.v:1]
	Parameter GROUP bound to: 4 - type: integer 
	Parameter WIDTH bound to: 8 - type: integer 
INFO: [Synth 8-6155] done synthesizing module 'cn_proc__parameterized0' (1#1) [/home/victor/open_baseband/openasip/custom_units/LDPC/LDPC_decoder/new/cn_proc.v:1]
INFO: [Synth 8-6157] synthesizing module 'cn_proc__parameterized1' [/home/victor/open_baseband/openasip/custom_units/LDPC/LDPC_decoder/new/cn_proc.v:1]
	Parameter GROUP bound to: 5 - type: integer 
	Parameter WIDTH bound to: 8 - type: integer 
INFO: [Synth 8-6155] done synthesizing module 'cn_proc__parameterized1' (1#1) [/home/victor/open_baseband/openasip/custom_units/LDPC/LDPC_decoder/new/cn_proc.v:1]
INFO: [Synth 8-6157] synthesizing module 'cn_proc__parameterized2' [/home/victor/open_baseband/openasip/custom_units/LDPC/LDPC_decoder/new/cn_proc.v:1]
	Parameter GROUP bound to: 6 - type: integer 
	Parameter WIDTH bound to: 8 - type: integer 
INFO: [Synth 8-6155] done synthesizing module 'cn_proc__parameterized2' (1#1) [/home/victor/open_baseband/openasip/custom_units/LDPC/LDPC_decoder/new/cn_proc.v:1]
INFO: [Synth 8-6157] synthesizing module 'cn_proc__parameterized3' [/home/victor/open_baseband/openasip/custom_units/LDPC/LDPC_decoder/new/cn_proc.v:1]
	Parameter GROUP bound to: 7 - type: integer 
	Parameter WIDTH bound to: 8 - type: integer 
INFO: [Synth 8-6155] done synthesizing module 'cn_proc__parameterized3' (1#1) [/home/victor/open_baseband/openasip/custom_units/LDPC/LDPC_decoder/new/cn_proc.v:1]
INFO: [Synth 8-6157] synthesizing module 'cn_proc__parameterized4' [/home/victor/open_baseband/openasip/custom_units/LDPC/LDPC_decoder/new/cn_proc.v:1]
	Parameter GROUP bound to: 8 - type: integer 
	Parameter WIDTH bound to: 8 - type: integer 
INFO: [Synth 8-6155] done synthesizing module 'cn_proc__parameterized4' (1#1) [/home/victor/open_baseband/openasip/custom_units/LDPC/LDPC_decoder/new/cn_proc.v:1]
INFO: [Synth 8-6157] synthesizing module 'cn_proc__parameterized5' [/home/victor/open_baseband/openasip/custom_units/LDPC/LDPC_decoder/new/cn_proc.v:1]
	Parameter GROUP bound to: 9 - type: integer 
	Parameter WIDTH bound to: 8 - type: integer 
INFO: [Synth 8-6155] done synthesizing module 'cn_proc__parameterized5' (1#1) [/home/victor/open_baseband/openasip/custom_units/LDPC/LDPC_decoder/new/cn_proc.v:1]
INFO: [Synth 8-6157] synthesizing module 'cn_proc__parameterized6' [/home/victor/open_baseband/openasip/custom_units/LDPC/LDPC_decoder/new/cn_proc.v:1]
	Parameter GROUP bound to: 10 - type: integer 
	Parameter WIDTH bound to: 8 - type: integer 
INFO: [Synth 8-6155] done synthesizing module 'cn_proc__parameterized6' (1#1) [/home/victor/open_baseband/openasip/custom_units/LDPC/LDPC_decoder/new/cn_proc.v:1]
INFO: [Synth 8-6157] synthesizing module 'cn_proc__parameterized7' [/home/victor/open_baseband/openasip/custom_units/LDPC/LDPC_decoder/new/cn_proc.v:1]
	Parameter GROUP bound to: 19 - type: integer 
	Parameter WIDTH bound to: 8 - type: integer 
INFO: [Synth 8-6155] done synthesizing module 'cn_proc__parameterized7' (1#1) [/home/victor/open_baseband/openasip/custom_units/LDPC/LDPC_decoder/new/cn_proc.v:1]
INFO: [Synth 8-6155] done synthesizing module 'cn_core' (2#1) [/home/victor/open_baseband/openasip/custom_units/LDPC/LDPC_decoder/new/cn_core.v:41]
INFO: [Synth 8-6155] done synthesizing module 'ldpc' (3#1) [/home/victor/open_baseband/openasip/custom_units/LDPC/LDPC_decoder/new/project_1.srcs/sources_1/imports/new/ldpc.v:3]
---------------------------------------------------------------------------------
Finished Synthesize : Time (s): cpu = 00:00:04 ; elapsed = 00:00:04 . Memory (MB): peak = 13114.340 ; gain = 0.000 ; free physical = 2238 ; free virtual = 11641
---------------------------------------------------------------------------------
Copyright 1986-2022 Xilinx, Inc. All Rights Reserved. Copyright 2022-2025 Advanced Micro Devices, Inc. All Rights Reserved.
---------------------------------------------------------------------------------------------------------------------------------------------
| Tool Version : Vivado v.2025.2 (lin64) Build 6299465 Fri Nov 14 12:34:56 MST 2025
| Date         : Thu Jun  4 13:56:56 2026
| Host         : victor-IdeaPad-Slim-3-15ARP10 running 64-bit Ubuntu 24.04.4 LTS
---------------------------------------------------------------------------------------------------------------------------------------------

RTL Linter Report

Table of Contents
-----------------
1. Summary

1. Summary
----------

+-----------+----------+--------------+----------+
| Rule ID   | Severity | # Violations | # Waived |
+-----------+----------+--------------+----------+
| ASSIGN-5  | WARNING  | 1            | 0        |
| ASSIGN-6  | WARNING  | 6            | 0        |
| ASSIGN-9  | WARNING  | 1            | 0        |
| ASSIGN-10 | WARNING  | 4            | 0        |
+-----------+----------+--------------+----------+


WARNING: [Synth 37-124] [ASSIGN-5]Some bits in 'out_llr_r' are not set. First unset bit index is 0. 
RTL Name 'out_llr_r', Hierarchy 'cn_core', File 'cn_core.v', Line 1457.
WARNING: [Synth 37-93] [ASSIGN-6]Signal 'gen_min_mul_buses_19.out_demux_min_0' was assigned but not read. 
RTL Name 'gen_min_mul_buses_19.out_demux_min_0', Hierarchy 'cn_core', File '/home/victor/open_baseband/openasip/custom_units/LDPC/LDPC_decoder/new/cn_core.v', Line 856.
WARNING: [Synth 37-93] [ASSIGN-6]Signal 'gen_min_mul_buses_19.out_demux_min_1' was assigned but not read. 
RTL Name 'gen_min_mul_buses_19.out_demux_min_1', Hierarchy 'cn_core', File '/home/victor/open_baseband/openasip/custom_units/LDPC/LDPC_decoder/new/cn_core.v', Line 857.
WARNING: [Synth 37-93] [ASSIGN-6]Signal 'gen_min_mul_buses_19.out_demux_min_2' was assigned but not read. 
RTL Name 'gen_min_mul_buses_19.out_demux_min_2', Hierarchy 'cn_core', File '/home/victor/open_baseband/openasip/custom_units/LDPC/LDPC_decoder/new/cn_core.v', Line 858.
WARNING: [Synth 37-93] [ASSIGN-6]Signal 'gen_min_mul_buses_19.out_demux_mul_0' was assigned but not read. 
RTL Name 'gen_min_mul_buses_19.out_demux_mul_0', Hierarchy 'cn_core', File '/home/victor/open_baseband/openasip/custom_units/LDPC/LDPC_decoder/new/cn_core.v', Line 859.
WARNING: [Synth 37-93] [ASSIGN-6]Signal 'gen_min_mul_buses_19.out_demux_mul_1' was assigned but not read. 
RTL Name 'gen_min_mul_buses_19.out_demux_mul_1', Hierarchy 'cn_core', File '/home/victor/open_baseband/openasip/custom_units/LDPC/LDPC_decoder/new/cn_core.v', Line 860.
WARNING: [Synth 37-93] [ASSIGN-6]Signal 'gen_min_mul_buses_19.out_demux_mul_2' was assigned but not read. 
RTL Name 'gen_min_mul_buses_19.out_demux_mul_2', Hierarchy 'cn_core', File '/home/victor/open_baseband/openasip/custom_units/LDPC/LDPC_decoder/new/cn_core.v', Line 861.
WARNING: [Synth 37-126] [ASSIGN-9]Some bits in IO 'out_llr' are not set. First unset bit index is 0. 
RTL Name 'out_llr', Hierarchy 'cn_core', File 'cn_core.v', Line 50.
WARNING: [Synth 37-125] [ASSIGN-10]Some bits in IO 'sel_demux_min_30' are not read. First unread bit index is 0. 
RTL Name 'sel_demux_min_30', Hierarchy 'cn_core', File 'cn_core.v', Line 70.
WARNING: [Synth 37-125] [ASSIGN-10]Some bits in IO 'sel_demux_min_31' are not read. First unread bit index is 0. 
RTL Name 'sel_demux_min_31', Hierarchy 'cn_core', File 'cn_core.v', Line 71.
WARNING: [Synth 37-125] [ASSIGN-10]Some bits in IO 'sel_demux_mul_30' are not read. First unread bit index is 0. 
RTL Name 'sel_demux_mul_30', Hierarchy 'cn_core', File 'cn_core.v', Line 73.
WARNING: [Synth 37-125] [ASSIGN-10]Some bits in IO 'sel_demux_mul_31' are not read. First unread bit index is 0. 
RTL Name 'sel_demux_mul_31', Hierarchy 'cn_core', File 'cn_core.v', Line 74.
INFO: [Synth 37-85] Total of 12 linter message(s) generated.
INFO: [Synth 37-45] Linter Run Finished!
Synthesis Optimization Runtime : Time (s): cpu = 00:00:04 ; elapsed = 00:00:04 . Memory (MB): peak = 13114.340 ; gain = 0.000 ; free physical = 2242 ; free virtual = 11645
INFO: [Common 17-83] Releasing license: Synthesis
27 Infos, 12 Warnings, 0 Critical Warnings and 0 Errors encountered.
synth_design completed successfully
synth_design -top ldpc -part xczu7ev-ffvc1156-2-e -lint 
Command: synth_design -top ldpc -part xczu7ev-ffvc1156-2-e -lint
Starting synth_design
Attempting to get a license for feature 'Synthesis' and/or device 'xczu7ev'
INFO: [Common 17-349] Got license for feature 'Synthesis' and/or device 'xczu7ev'
INFO: [Synth 8-7079] Multithreading enabled for synth_design using a maximum of 7 processes.
---------------------------------------------------------------------------------
Starting Synthesize : Time (s): cpu = 00:00:03 ; elapsed = 00:00:03 . Memory (MB): peak = 13114.340 ; gain = 0.000 ; free physical = 2223 ; free virtual = 11628
---------------------------------------------------------------------------------
Clean up Linter database...
INFO: [Synth 8-6157] synthesizing module 'ldpc' [/home/victor/open_baseband/openasip/custom_units/LDPC/LDPC_decoder/new/project_1.srcs/sources_1/imports/new/ldpc.v:3]
INFO: [Synth 8-6157] synthesizing module 'cn_core' [/home/victor/open_baseband/openasip/custom_units/LDPC/LDPC_decoder/new/cn_core.v:41]
	Parameter DEGREE bound to: 19 - type: integer 
	Parameter WIDTH bound to: 8 - type: integer 
INFO: [Synth 8-6157] synthesizing module 'cn_proc' [/home/victor/open_baseband/openasip/custom_units/LDPC/LDPC_decoder/new/cn_proc.v:1]
	Parameter GROUP bound to: 3 - type: integer 
	Parameter WIDTH bound to: 8 - type: integer 
INFO: [Synth 8-6155] done synthesizing module 'cn_proc' (1#1) [/home/victor/open_baseband/openasip/custom_units/LDPC/LDPC_decoder/new/cn_proc.v:1]
INFO: [Synth 8-6157] synthesizing module 'cn_proc__parameterized0' [/home/victor/open_baseband/openasip/custom_units/LDPC/LDPC_decoder/new/cn_proc.v:1]
	Parameter GROUP bound to: 4 - type: integer 
	Parameter WIDTH bound to: 8 - type: integer 
INFO: [Synth 8-6155] done synthesizing module 'cn_proc__parameterized0' (1#1) [/home/victor/open_baseband/openasip/custom_units/LDPC/LDPC_decoder/new/cn_proc.v:1]
INFO: [Synth 8-6157] synthesizing module 'cn_proc__parameterized1' [/home/victor/open_baseband/openasip/custom_units/LDPC/LDPC_decoder/new/cn_proc.v:1]
	Parameter GROUP bound to: 5 - type: integer 
	Parameter WIDTH bound to: 8 - type: integer 
INFO: [Synth 8-6155] done synthesizing module 'cn_proc__parameterized1' (1#1) [/home/victor/open_baseband/openasip/custom_units/LDPC/LDPC_decoder/new/cn_proc.v:1]
INFO: [Synth 8-6157] synthesizing module 'cn_proc__parameterized2' [/home/victor/open_baseband/openasip/custom_units/LDPC/LDPC_decoder/new/cn_proc.v:1]
	Parameter GROUP bound to: 6 - type: integer 
	Parameter WIDTH bound to: 8 - type: integer 
INFO: [Synth 8-6155] done synthesizing module 'cn_proc__parameterized2' (1#1) [/home/victor/open_baseband/openasip/custom_units/LDPC/LDPC_decoder/new/cn_proc.v:1]
INFO: [Synth 8-6157] synthesizing module 'cn_proc__parameterized3' [/home/victor/open_baseband/openasip/custom_units/LDPC/LDPC_decoder/new/cn_proc.v:1]
	Parameter GROUP bound to: 7 - type: integer 
	Parameter WIDTH bound to: 8 - type: integer 
INFO: [Synth 8-6155] done synthesizing module 'cn_proc__parameterized3' (1#1) [/home/victor/open_baseband/openasip/custom_units/LDPC/LDPC_decoder/new/cn_proc.v:1]
INFO: [Synth 8-6157] synthesizing module 'cn_proc__parameterized4' [/home/victor/open_baseband/openasip/custom_units/LDPC/LDPC_decoder/new/cn_proc.v:1]
	Parameter GROUP bound to: 8 - type: integer 
	Parameter WIDTH bound to: 8 - type: integer 
INFO: [Synth 8-6155] done synthesizing module 'cn_proc__parameterized4' (1#1) [/home/victor/open_baseband/openasip/custom_units/LDPC/LDPC_decoder/new/cn_proc.v:1]
INFO: [Synth 8-6157] synthesizing module 'cn_proc__parameterized5' [/home/victor/open_baseband/openasip/custom_units/LDPC/LDPC_decoder/new/cn_proc.v:1]
	Parameter GROUP bound to: 9 - type: integer 
	Parameter WIDTH bound to: 8 - type: integer 
INFO: [Synth 8-6155] done synthesizing module 'cn_proc__parameterized5' (1#1) [/home/victor/open_baseband/openasip/custom_units/LDPC/LDPC_decoder/new/cn_proc.v:1]
INFO: [Synth 8-6157] synthesizing module 'cn_proc__parameterized6' [/home/victor/open_baseband/openasip/custom_units/LDPC/LDPC_decoder/new/cn_proc.v:1]
	Parameter GROUP bound to: 10 - type: integer 
	Parameter WIDTH bound to: 8 - type: integer 
INFO: [Synth 8-6155] done synthesizing module 'cn_proc__parameterized6' (1#1) [/home/victor/open_baseband/openasip/custom_units/LDPC/LDPC_decoder/new/cn_proc.v:1]
INFO: [Synth 8-6157] synthesizing module 'cn_proc__parameterized7' [/home/victor/open_baseband/openasip/custom_units/LDPC/LDPC_decoder/new/cn_proc.v:1]
	Parameter GROUP bound to: 19 - type: integer 
	Parameter WIDTH bound to: 8 - type: integer 
INFO: [Synth 8-6155] done synthesizing module 'cn_proc__parameterized7' (1#1) [/home/victor/open_baseband/openasip/custom_units/LDPC/LDPC_decoder/new/cn_proc.v:1]
INFO: [Synth 8-6155] done synthesizing module 'cn_core' (2#1) [/home/victor/open_baseband/openasip/custom_units/LDPC/LDPC_decoder/new/cn_core.v:41]
INFO: [Synth 8-6155] done synthesizing module 'ldpc' (3#1) [/home/victor/open_baseband/openasip/custom_units/LDPC/LDPC_decoder/new/project_1.srcs/sources_1/imports/new/ldpc.v:3]
---------------------------------------------------------------------------------
Finished Synthesize : Time (s): cpu = 00:00:05 ; elapsed = 00:00:04 . Memory (MB): peak = 13114.340 ; gain = 0.000 ; free physical = 2230 ; free virtual = 11635
---------------------------------------------------------------------------------
Copyright 1986-2022 Xilinx, Inc. All Rights Reserved. Copyright 2022-2025 Advanced Micro Devices, Inc. All Rights Reserved.
---------------------------------------------------------------------------------------------------------------------------------------------
| Tool Version : Vivado v.2025.2 (lin64) Build 6299465 Fri Nov 14 12:34:56 MST 2025
| Date         : Thu Jun  4 14:01:21 2026
| Host         : victor-IdeaPad-Slim-3-15ARP10 running 64-bit Ubuntu 24.04.4 LTS
---------------------------------------------------------------------------------------------------------------------------------------------

RTL Linter Report

Table of Contents
-----------------
1. Summary

1. Summary
----------

+-----------+----------+--------------+----------+
| Rule ID   | Severity | # Violations | # Waived |
+-----------+----------+--------------+----------+
| ASSIGN-5  | WARNING  | 1            | 0        |
| ASSIGN-6  | WARNING  | 6            | 0        |
| ASSIGN-9  | WARNING  | 1            | 0        |
| ASSIGN-10 | WARNING  | 4            | 0        |
+-----------+----------+--------------+----------+


WARNING: [Synth 37-124] [ASSIGN-5]Some bits in 'out_llr_r' are not set. First unset bit index is 0. 
RTL Name 'out_llr_r', Hierarchy 'cn_core', File 'cn_core.v', Line 1457.
WARNING: [Synth 37-93] [ASSIGN-6]Signal 'gen_min_mul_buses_19.out_demux_min_0' was assigned but not read. 
RTL Name 'gen_min_mul_buses_19.out_demux_min_0', Hierarchy 'cn_core', File '/home/victor/open_baseband/openasip/custom_units/LDPC/LDPC_decoder/new/cn_core.v', Line 856.
WARNING: [Synth 37-93] [ASSIGN-6]Signal 'gen_min_mul_buses_19.out_demux_min_1' was assigned but not read. 
RTL Name 'gen_min_mul_buses_19.out_demux_min_1', Hierarchy 'cn_core', File '/home/victor/open_baseband/openasip/custom_units/LDPC/LDPC_decoder/new/cn_core.v', Line 857.
WARNING: [Synth 37-93] [ASSIGN-6]Signal 'gen_min_mul_buses_19.out_demux_min_2' was assigned but not read. 
RTL Name 'gen_min_mul_buses_19.out_demux_min_2', Hierarchy 'cn_core', File '/home/victor/open_baseband/openasip/custom_units/LDPC/LDPC_decoder/new/cn_core.v', Line 858.
WARNING: [Synth 37-93] [ASSIGN-6]Signal 'gen_min_mul_buses_19.out_demux_mul_0' was assigned but not read. 
RTL Name 'gen_min_mul_buses_19.out_demux_mul_0', Hierarchy 'cn_core', File '/home/victor/open_baseband/openasip/custom_units/LDPC/LDPC_decoder/new/cn_core.v', Line 859.
WARNING: [Synth 37-93] [ASSIGN-6]Signal 'gen_min_mul_buses_19.out_demux_mul_1' was assigned but not read. 
RTL Name 'gen_min_mul_buses_19.out_demux_mul_1', Hierarchy 'cn_core', File '/home/victor/open_baseband/openasip/custom_units/LDPC/LDPC_decoder/new/cn_core.v', Line 860.
WARNING: [Synth 37-93] [ASSIGN-6]Signal 'gen_min_mul_buses_19.out_demux_mul_2' was assigned but not read. 
RTL Name 'gen_min_mul_buses_19.out_demux_mul_2', Hierarchy 'cn_core', File '/home/victor/open_baseband/openasip/custom_units/LDPC/LDPC_decoder/new/cn_core.v', Line 861.
WARNING: [Synth 37-126] [ASSIGN-9]Some bits in IO 'out_llr' are not set. First unset bit index is 0. 
RTL Name 'out_llr', Hierarchy 'cn_core', File 'cn_core.v', Line 50.
WARNING: [Synth 37-125] [ASSIGN-10]Some bits in IO 'sel_demux_min_30' are not read. First unread bit index is 0. 
RTL Name 'sel_demux_min_30', Hierarchy 'cn_core', File 'cn_core.v', Line 70.
WARNING: [Synth 37-125] [ASSIGN-10]Some bits in IO 'sel_demux_min_31' are not read. First unread bit index is 0. 
RTL Name 'sel_demux_min_31', Hierarchy 'cn_core', File 'cn_core.v', Line 71.
WARNING: [Synth 37-125] [ASSIGN-10]Some bits in IO 'sel_demux_mul_30' are not read. First unread bit index is 0. 
RTL Name 'sel_demux_mul_30', Hierarchy 'cn_core', File 'cn_core.v', Line 73.
WARNING: [Synth 37-125] [ASSIGN-10]Some bits in IO 'sel_demux_mul_31' are not read. First unread bit index is 0. 
RTL Name 'sel_demux_mul_31', Hierarchy 'cn_core', File 'cn_core.v', Line 74.
INFO: [Synth 37-85] Total of 12 linter message(s) generated.
INFO: [Synth 37-45] Linter Run Finished!
Synthesis Optimization Runtime : Time (s): cpu = 00:00:05 ; elapsed = 00:00:04 . Memory (MB): peak = 13114.340 ; gain = 0.000 ; free physical = 2220 ; free virtual = 11625
INFO: [Common 17-83] Releasing license: Synthesis
27 Infos, 12 Warnings, 0 Critical Warnings and 0 Errors encountered.
synth_design completed successfully
synth_design -top ldpc -part xczu7ev-ffvc1156-2-e -lint 
Command: synth_design -top ldpc -part xczu7ev-ffvc1156-2-e -lint
Starting synth_design
Attempting to get a license for feature 'Synthesis' and/or device 'xczu7ev'
INFO: [Common 17-349] Got license for feature 'Synthesis' and/or device 'xczu7ev'
INFO: [Synth 8-7079] Multithreading enabled for synth_design using a maximum of 7 processes.
---------------------------------------------------------------------------------
Starting Synthesize : Time (s): cpu = 00:00:04 ; elapsed = 00:00:03 . Memory (MB): peak = 13114.340 ; gain = 0.000 ; free physical = 2116 ; free virtual = 11579
---------------------------------------------------------------------------------
Clean up Linter database...
ERROR: [Synth 8-9315] concurrent assignment to a non-net 'out_llr_r' is not permitted [cn_core.v:1474]
ERROR: [Synth 8-35] 'sel_demux_min_30' is not a constant [cn_core.v:1476]
ERROR: [Synth 8-35] 'sel_demux_mul_30' is not a constant [cn_core.v:1483]
ERROR: [Synth 8-9315] concurrent assignment to a non-net 'out_llr_r' is not permitted [cn_core.v:1517]
ERROR: [Synth 8-9315] concurrent assignment to a non-net 'out_llr_r' is not permitted [cn_core.v:1543]
ERROR: [Synth 8-9315] concurrent assignment to a non-net 'out_llr_r' is not permitted [cn_core.v:1569]
ERROR: [Synth 8-9315] concurrent assignment to a non-net 'out_llr_r' is not permitted [cn_core.v:1595]
ERROR: [Synth 8-35] 'sel_demux_min_30' is not a constant [cn_core.v:1598]
ERROR: [Synth 8-35] 'sel_demux_min_31' is not a constant [cn_core.v:1605]
ERROR: [Synth 8-35] 'sel_demux_mul_30' is not a constant [cn_core.v:1612]
ERROR: [Synth 8-35] 'sel_demux_mul_31' is not a constant [cn_core.v:1619]
ERROR: [Synth 8-9315] concurrent assignment to a non-net 'out_llr_r' is not permitted [cn_core.v:1627]
INFO: [Synth 8-10285] module 'cn_core' is ignored due to previous errors [cn_core.v:1650]
INFO: [Synth 8-10285] module 'ldpc' is ignored due to previous errors [/home/victor/open_baseband/openasip/custom_units/LDPC/LDPC_decoder/new/project_1.srcs/sources_1/imports/new/ldpc.v:59]
INFO: [Synth 8-9084] Verilog file '/home/victor/open_baseband/openasip/custom_units/LDPC/LDPC_decoder/new/project_1.srcs/sources_1/imports/new/ldpc.v' ignored due to errors
ERROR: [Synth 8-12188] Failed to read verilog '/home/victor/open_baseband/openasip/custom_units/LDPC/LDPC_decoder/new/project_1.srcs/sources_1/imports/new/ldpc.v'
---------------------------------------------------------------------------------
Finished Synthesize : Time (s): cpu = 00:00:05 ; elapsed = 00:00:04 . Memory (MB): peak = 13114.340 ; gain = 0.000 ; free physical = 2124 ; free virtual = 11587
---------------------------------------------------------------------------------
synthesize failed
INFO: [Common 17-83] Releasing license: Synthesis
6 Infos, 0 Warnings, 0 Critical Warnings and 13 Errors encountered.
synth_design completed successfully
ERROR: [Common 17-39] 'synth_design' failed due to earlier errors.
synth_design -top ldpc -part xczu7ev-ffvc1156-2-e -lint 
Command: synth_design -top ldpc -part xczu7ev-ffvc1156-2-e -lint
Starting synth_design
Attempting to get a license for feature 'Synthesis' and/or device 'xczu7ev'
INFO: [Common 17-349] Got license for feature 'Synthesis' and/or device 'xczu7ev'
INFO: [Synth 8-7079] Multithreading enabled for synth_design using a maximum of 7 processes.
---------------------------------------------------------------------------------
Starting Synthesize : Time (s): cpu = 00:00:03 ; elapsed = 00:00:03 . Memory (MB): peak = 13114.340 ; gain = 0.000 ; free physical = 2114 ; free virtual = 11599
---------------------------------------------------------------------------------
Clean up Linter database...
ERROR: [Synth 8-9315] concurrent assignment to a non-net 'out_llr_r' is not permitted [cn_core.v:1475]
ERROR: [Synth 8-9315] concurrent assignment to a non-net 'out_llr_r' is not permitted [cn_core.v:1518]
ERROR: [Synth 8-9315] concurrent assignment to a non-net 'out_llr_r' is not permitted [cn_core.v:1544]
ERROR: [Synth 8-9315] concurrent assignment to a non-net 'out_llr_r' is not permitted [cn_core.v:1570]
ERROR: [Synth 8-9315] concurrent assignment to a non-net 'out_llr_r' is not permitted [cn_core.v:1596]
ERROR: [Synth 8-9315] concurrent assignment to a non-net 'out_llr_r' is not permitted [cn_core.v:1628]
INFO: [Synth 8-10285] module 'cn_core' is ignored due to previous errors [cn_core.v:1651]
INFO: [Synth 8-10285] module 'ldpc' is ignored due to previous errors [/home/victor/open_baseband/openasip/custom_units/LDPC/LDPC_decoder/new/project_1.srcs/sources_1/imports/new/ldpc.v:59]
INFO: [Synth 8-9084] Verilog file '/home/victor/open_baseband/openasip/custom_units/LDPC/LDPC_decoder/new/project_1.srcs/sources_1/imports/new/ldpc.v' ignored due to errors
ERROR: [Synth 8-12188] Failed to read verilog '/home/victor/open_baseband/openasip/custom_units/LDPC/LDPC_decoder/new/project_1.srcs/sources_1/imports/new/ldpc.v'
---------------------------------------------------------------------------------
Finished Synthesize : Time (s): cpu = 00:00:04 ; elapsed = 00:00:04 . Memory (MB): peak = 13114.340 ; gain = 0.000 ; free physical = 2114 ; free virtual = 11599
---------------------------------------------------------------------------------
synthesize failed
INFO: [Common 17-83] Releasing license: Synthesis
6 Infos, 0 Warnings, 0 Critical Warnings and 7 Errors encountered.
synth_design completed successfully
ERROR: [Common 17-39] 'synth_design' failed due to earlier errors.
synth_design -top ldpc -part xczu7ev-ffvc1156-2-e -lint 
Command: synth_design -top ldpc -part xczu7ev-ffvc1156-2-e -lint
Starting synth_design
Attempting to get a license for feature 'Synthesis' and/or device 'xczu7ev'
INFO: [Common 17-349] Got license for feature 'Synthesis' and/or device 'xczu7ev'
INFO: [Synth 8-7079] Multithreading enabled for synth_design using a maximum of 7 processes.
---------------------------------------------------------------------------------
Starting Synthesize : Time (s): cpu = 00:00:03 ; elapsed = 00:00:03 . Memory (MB): peak = 13114.340 ; gain = 0.000 ; free physical = 2125 ; free virtual = 11609
---------------------------------------------------------------------------------
Clean up Linter database...
INFO: [Synth 8-6157] synthesizing module 'ldpc' [/home/victor/open_baseband/openasip/custom_units/LDPC/LDPC_decoder/new/project_1.srcs/sources_1/imports/new/ldpc.v:3]
INFO: [Synth 8-6157] synthesizing module 'cn_core' [/home/victor/open_baseband/openasip/custom_units/LDPC/LDPC_decoder/new/cn_core.v:41]
	Parameter DEGREE bound to: 19 - type: integer 
	Parameter WIDTH bound to: 8 - type: integer 
INFO: [Synth 8-6157] synthesizing module 'cn_proc' [/home/victor/open_baseband/openasip/custom_units/LDPC/LDPC_decoder/new/cn_proc.v:1]
	Parameter GROUP bound to: 3 - type: integer 
	Parameter WIDTH bound to: 8 - type: integer 
INFO: [Synth 8-6155] done synthesizing module 'cn_proc' (1#1) [/home/victor/open_baseband/openasip/custom_units/LDPC/LDPC_decoder/new/cn_proc.v:1]
INFO: [Synth 8-6157] synthesizing module 'cn_proc__parameterized0' [/home/victor/open_baseband/openasip/custom_units/LDPC/LDPC_decoder/new/cn_proc.v:1]
	Parameter GROUP bound to: 4 - type: integer 
	Parameter WIDTH bound to: 8 - type: integer 
INFO: [Synth 8-6155] done synthesizing module 'cn_proc__parameterized0' (1#1) [/home/victor/open_baseband/openasip/custom_units/LDPC/LDPC_decoder/new/cn_proc.v:1]
INFO: [Synth 8-6157] synthesizing module 'cn_proc__parameterized1' [/home/victor/open_baseband/openasip/custom_units/LDPC/LDPC_decoder/new/cn_proc.v:1]
	Parameter GROUP bound to: 5 - type: integer 
	Parameter WIDTH bound to: 8 - type: integer 
INFO: [Synth 8-6155] done synthesizing module 'cn_proc__parameterized1' (1#1) [/home/victor/open_baseband/openasip/custom_units/LDPC/LDPC_decoder/new/cn_proc.v:1]
INFO: [Synth 8-6157] synthesizing module 'cn_proc__parameterized2' [/home/victor/open_baseband/openasip/custom_units/LDPC/LDPC_decoder/new/cn_proc.v:1]
	Parameter GROUP bound to: 6 - type: integer 
	Parameter WIDTH bound to: 8 - type: integer 
INFO: [Synth 8-6155] done synthesizing module 'cn_proc__parameterized2' (1#1) [/home/victor/open_baseband/openasip/custom_units/LDPC/LDPC_decoder/new/cn_proc.v:1]
INFO: [Synth 8-6157] synthesizing module 'cn_proc__parameterized3' [/home/victor/open_baseband/openasip/custom_units/LDPC/LDPC_decoder/new/cn_proc.v:1]
	Parameter GROUP bound to: 7 - type: integer 
	Parameter WIDTH bound to: 8 - type: integer 
INFO: [Synth 8-6155] done synthesizing module 'cn_proc__parameterized3' (1#1) [/home/victor/open_baseband/openasip/custom_units/LDPC/LDPC_decoder/new/cn_proc.v:1]
INFO: [Synth 8-6157] synthesizing module 'cn_proc__parameterized4' [/home/victor/open_baseband/openasip/custom_units/LDPC/LDPC_decoder/new/cn_proc.v:1]
	Parameter GROUP bound to: 8 - type: integer 
	Parameter WIDTH bound to: 8 - type: integer 
INFO: [Synth 8-6155] done synthesizing module 'cn_proc__parameterized4' (1#1) [/home/victor/open_baseband/openasip/custom_units/LDPC/LDPC_decoder/new/cn_proc.v:1]
INFO: [Synth 8-6157] synthesizing module 'cn_proc__parameterized5' [/home/victor/open_baseband/openasip/custom_units/LDPC/LDPC_decoder/new/cn_proc.v:1]
	Parameter GROUP bound to: 9 - type: integer 
	Parameter WIDTH bound to: 8 - type: integer 
INFO: [Synth 8-6155] done synthesizing module 'cn_proc__parameterized5' (1#1) [/home/victor/open_baseband/openasip/custom_units/LDPC/LDPC_decoder/new/cn_proc.v:1]
INFO: [Synth 8-6157] synthesizing module 'cn_proc__parameterized6' [/home/victor/open_baseband/openasip/custom_units/LDPC/LDPC_decoder/new/cn_proc.v:1]
	Parameter GROUP bound to: 10 - type: integer 
	Parameter WIDTH bound to: 8 - type: integer 
INFO: [Synth 8-6155] done synthesizing module 'cn_proc__parameterized6' (1#1) [/home/victor/open_baseband/openasip/custom_units/LDPC/LDPC_decoder/new/cn_proc.v:1]
INFO: [Synth 8-6157] synthesizing module 'cn_proc__parameterized7' [/home/victor/open_baseband/openasip/custom_units/LDPC/LDPC_decoder/new/cn_proc.v:1]
	Parameter GROUP bound to: 19 - type: integer 
	Parameter WIDTH bound to: 8 - type: integer 
INFO: [Synth 8-6155] done synthesizing module 'cn_proc__parameterized7' (1#1) [/home/victor/open_baseband/openasip/custom_units/LDPC/LDPC_decoder/new/cn_proc.v:1]
INFO: [Synth 8-6155] done synthesizing module 'cn_core' (2#1) [/home/victor/open_baseband/openasip/custom_units/LDPC/LDPC_decoder/new/cn_core.v:41]
ERROR: [Synth 8-11365] for the instance 'cn_core_19' of module 'cn_core' declared at '/home/victor/open_baseband/openasip/custom_units/LDPC/LDPC_decoder/new/cn_core.v:41', named port connection 'sel_mux_cn_proc_3' does not exist [/home/victor/open_baseband/openasip/custom_units/LDPC/LDPC_decoder/new/project_1.srcs/sources_1/imports/new/ldpc.v:34]
ERROR: [Synth 8-11365] for the instance 'cn_core_19' of module 'cn_core' declared at '/home/victor/open_baseband/openasip/custom_units/LDPC/LDPC_decoder/new/cn_core.v:41', named port connection 'sel_mux_cn_proc_4' does not exist [/home/victor/open_baseband/openasip/custom_units/LDPC/LDPC_decoder/new/project_1.srcs/sources_1/imports/new/ldpc.v:35]
ERROR: [Synth 8-11365] for the instance 'cn_core_19' of module 'cn_core' declared at '/home/victor/open_baseband/openasip/custom_units/LDPC/LDPC_decoder/new/cn_core.v:41', named port connection 'sel_mux_cn_proc_5' does not exist [/home/victor/open_baseband/openasip/custom_units/LDPC/LDPC_decoder/new/project_1.srcs/sources_1/imports/new/ldpc.v:36]
ERROR: [Synth 8-11365] for the instance 'cn_core_19' of module 'cn_core' declared at '/home/victor/open_baseband/openasip/custom_units/LDPC/LDPC_decoder/new/cn_core.v:41', named port connection 'sel_mux_cn_proc_6' does not exist [/home/victor/open_baseband/openasip/custom_units/LDPC/LDPC_decoder/new/project_1.srcs/sources_1/imports/new/ldpc.v:37]
ERROR: [Synth 8-11365] for the instance 'cn_core_19' of module 'cn_core' declared at '/home/victor/open_baseband/openasip/custom_units/LDPC/LDPC_decoder/new/cn_core.v:41', named port connection 'sel_mux_cn_proc_7' does not exist [/home/victor/open_baseband/openasip/custom_units/LDPC/LDPC_decoder/new/project_1.srcs/sources_1/imports/new/ldpc.v:38]
ERROR: [Synth 8-11365] for the instance 'cn_core_19' of module 'cn_core' declared at '/home/victor/open_baseband/openasip/custom_units/LDPC/LDPC_decoder/new/cn_core.v:41', named port connection 'sel_mux_cn_proc_8' does not exist [/home/victor/open_baseband/openasip/custom_units/LDPC/LDPC_decoder/new/project_1.srcs/sources_1/imports/new/ldpc.v:39]
ERROR: [Synth 8-11365] for the instance 'cn_core_19' of module 'cn_core' declared at '/home/victor/open_baseband/openasip/custom_units/LDPC/LDPC_decoder/new/cn_core.v:41', named port connection 'sel_mux_cn_proc_9' does not exist [/home/victor/open_baseband/openasip/custom_units/LDPC/LDPC_decoder/new/project_1.srcs/sources_1/imports/new/ldpc.v:40]
ERROR: [Synth 8-11365] for the instance 'cn_core_19' of module 'cn_core' declared at '/home/victor/open_baseband/openasip/custom_units/LDPC/LDPC_decoder/new/cn_core.v:41', named port connection 'sel_mux_cn_proc_10' does not exist [/home/victor/open_baseband/openasip/custom_units/LDPC/LDPC_decoder/new/project_1.srcs/sources_1/imports/new/ldpc.v:41]
ERROR: [Synth 8-11365] for the instance 'cn_core_19' of module 'cn_core' declared at '/home/victor/open_baseband/openasip/custom_units/LDPC/LDPC_decoder/new/cn_core.v:41', named port connection 'sel_mux_cn_proc_19' does not exist [/home/victor/open_baseband/openasip/custom_units/LDPC/LDPC_decoder/new/project_1.srcs/sources_1/imports/new/ldpc.v:42]
ERROR: [Synth 8-11365] for the instance 'cn_core_19' of module 'cn_core' declared at '/home/victor/open_baseband/openasip/custom_units/LDPC/LDPC_decoder/new/cn_core.v:41', named port connection 'sel_demux_min_0' does not exist [/home/victor/open_baseband/openasip/custom_units/LDPC/LDPC_decoder/new/project_1.srcs/sources_1/imports/new/ldpc.v:44]
ERROR: [Synth 8-11365] for the instance 'cn_core_19' of module 'cn_core' declared at '/home/victor/open_baseband/openasip/custom_units/LDPC/LDPC_decoder/new/cn_core.v:41', named port connection 'sel_demux_min_1' does not exist [/home/victor/open_baseband/openasip/custom_units/LDPC/LDPC_decoder/new/project_1.srcs/sources_1/imports/new/ldpc.v:45]
ERROR: [Synth 8-11365] for the instance 'cn_core_19' of module 'cn_core' declared at '/home/victor/open_baseband/openasip/custom_units/LDPC/LDPC_decoder/new/cn_core.v:41', named port connection 'sel_demux_min_2' does not exist [/home/victor/open_baseband/openasip/custom_units/LDPC/LDPC_decoder/new/project_1.srcs/sources_1/imports/new/ldpc.v:46]
ERROR: [Synth 8-11365] for the instance 'cn_core_19' of module 'cn_core' declared at '/home/victor/open_baseband/openasip/custom_units/LDPC/LDPC_decoder/new/cn_core.v:41', named port connection 'sel_demux_mul_0' does not exist [/home/victor/open_baseband/openasip/custom_units/LDPC/LDPC_decoder/new/project_1.srcs/sources_1/imports/new/ldpc.v:48]
ERROR: [Synth 8-11365] for the instance 'cn_core_19' of module 'cn_core' declared at '/home/victor/open_baseband/openasip/custom_units/LDPC/LDPC_decoder/new/cn_core.v:41', named port connection 'sel_demux_mul_1' does not exist [/home/victor/open_baseband/openasip/custom_units/LDPC/LDPC_decoder/new/project_1.srcs/sources_1/imports/new/ldpc.v:49]
ERROR: [Synth 8-11365] for the instance 'cn_core_19' of module 'cn_core' declared at '/home/victor/open_baseband/openasip/custom_units/LDPC/LDPC_decoder/new/cn_core.v:41', named port connection 'sel_demux_mul_2' does not exist [/home/victor/open_baseband/openasip/custom_units/LDPC/LDPC_decoder/new/project_1.srcs/sources_1/imports/new/ldpc.v:50]
ERROR: [Synth 8-11365] for the instance 'cn_core_19' of module 'cn_core' declared at '/home/victor/open_baseband/openasip/custom_units/LDPC/LDPC_decoder/new/cn_core.v:41', named port connection 'sel_demux_min_30' does not exist [/home/victor/open_baseband/openasip/custom_units/LDPC/LDPC_decoder/new/project_1.srcs/sources_1/imports/new/ldpc.v:52]
ERROR: [Synth 8-11365] for the instance 'cn_core_19' of module 'cn_core' declared at '/home/victor/open_baseband/openasip/custom_units/LDPC/LDPC_decoder/new/cn_core.v:41', named port connection 'sel_demux_min_31' does not exist [/home/victor/open_baseband/openasip/custom_units/LDPC/LDPC_decoder/new/project_1.srcs/sources_1/imports/new/ldpc.v:53]
ERROR: [Synth 8-11365] for the instance 'cn_core_19' of module 'cn_core' declared at '/home/victor/open_baseband/openasip/custom_units/LDPC/LDPC_decoder/new/cn_core.v:41', named port connection 'sel_demux_mul_30' does not exist [/home/victor/open_baseband/openasip/custom_units/LDPC/LDPC_decoder/new/project_1.srcs/sources_1/imports/new/ldpc.v:55]
ERROR: [Synth 8-11365] for the instance 'cn_core_19' of module 'cn_core' declared at '/home/victor/open_baseband/openasip/custom_units/LDPC/LDPC_decoder/new/cn_core.v:41', named port connection 'sel_demux_mul_31' does not exist [/home/victor/open_baseband/openasip/custom_units/LDPC/LDPC_decoder/new/project_1.srcs/sources_1/imports/new/ldpc.v:56]
ERROR: [Synth 8-6156] failed synthesizing module 'ldpc' [/home/victor/open_baseband/openasip/custom_units/LDPC/LDPC_decoder/new/project_1.srcs/sources_1/imports/new/ldpc.v:3]
---------------------------------------------------------------------------------
Finished Synthesize : Time (s): cpu = 00:00:04 ; elapsed = 00:00:04 . Memory (MB): peak = 13114.340 ; gain = 0.000 ; free physical = 2125 ; free virtual = 11610
---------------------------------------------------------------------------------
synthesize failed
INFO: [Common 17-83] Releasing license: Synthesis
24 Infos, 0 Warnings, 0 Critical Warnings and 20 Errors encountered.
synth_design completed successfully
ERROR: [Common 17-39] 'synth_design' failed due to earlier errors.
WARNING: [filemgmt 56-199] Attempt to get parsing info during refresh. "On-the-fly" syntax checking information may be incorrect. [/home/victor/open_baseband/openasip/custom_units/LDPC/LDPC_decoder/new/project_1.srcs/sources_1/imports/new/cn_proc.v:]
WARNING: [filemgmt 56-199] Attempt to get parsing info during refresh. "On-the-fly" syntax checking information may be incorrect. [/home/victor/open_baseband/openasip/custom_units/LDPC/LDPC_decoder/new/project_1.srcs/sources_1/imports/new/ldpc.v:]
WARNING: [filemgmt 56-199] Attempt to get parsing info during refresh. "On-the-fly" syntax checking information may be incorrect. [/home/victor/open_baseband/openasip/custom_units/LDPC/LDPC_decoder/new/project_1.srcs/sources_1/imports/new/ldpc.v:]
WARNING: [filemgmt 56-199] Attempt to get parsing info during refresh. "On-the-fly" syntax checking information may be incorrect. [/home/victor/open_baseband/openasip/custom_units/LDPC/LDPC_decoder/new/project_1.srcs/sources_1/imports/new/ldpc.v:]
synth_design -top ldpc -part xczu7ev-ffvc1156-2-e -lint 
Command: synth_design -top ldpc -part xczu7ev-ffvc1156-2-e -lint
Starting synth_design
Attempting to get a license for feature 'Synthesis' and/or device 'xczu7ev'
INFO: [Common 17-349] Got license for feature 'Synthesis' and/or device 'xczu7ev'
INFO: [Synth 8-7079] Multithreading enabled for synth_design using a maximum of 7 processes.
---------------------------------------------------------------------------------
Starting Synthesize : Time (s): cpu = 00:00:03 ; elapsed = 00:00:03 . Memory (MB): peak = 13126.414 ; gain = 0.000 ; free physical = 1975 ; free virtual = 11490
---------------------------------------------------------------------------------
Clean up Linter database...
INFO: [Synth 8-6157] synthesizing module 'ldpc' [/home/victor/open_baseband/openasip/custom_units/LDPC/LDPC_decoder/new/project_1.srcs/sources_1/imports/new/ldpc.v:3]
INFO: [Synth 8-6157] synthesizing module 'cn_core' [/home/victor/open_baseband/openasip/custom_units/LDPC/LDPC_decoder/new/cn_core.v:41]
	Parameter DEGREE bound to: 19 - type: integer 
	Parameter WIDTH bound to: 8 - type: integer 
	Parameter sel_mux_cn_proc_3 bound to: 2'b11 
	Parameter sel_mux_cn_proc_4 bound to: 2'b11 
	Parameter sel_mux_cn_proc_5 bound to: 2'b11 
	Parameter sel_mux_cn_proc_6 bound to: 2'b11 
	Parameter sel_mux_cn_proc_7 bound to: 2'b11 
	Parameter sel_mux_cn_proc_8 bound to: 2'b11 
	Parameter sel_mux_cn_proc_9 bound to: 2'b11 
	Parameter sel_mux_cn_proc_10 bound to: 2'b11 
	Parameter sel_mux_cn_proc_19 bound to: 2'b00 
	Parameter sel_demux_min_0 bound to: 5'b01000 
	Parameter sel_demux_min_1 bound to: 5'b01111 
	Parameter sel_demux_min_2 bound to: 5'b01111 
	Parameter sel_demux_mul_0 bound to: 5'b01000 
	Parameter sel_demux_mul_1 bound to: 5'b01111 
	Parameter sel_demux_mul_2 bound to: 5'b01111 
	Parameter sel_demux_min_30 bound to: 1'b0 
	Parameter sel_demux_min_31 bound to: 1'b0 
	Parameter sel_demux_mul_30 bound to: 1'b0 
	Parameter sel_demux_mul_31 bound to: 1'b0 
INFO: [Synth 8-6157] synthesizing module 'cn_proc' [/home/victor/open_baseband/openasip/custom_units/LDPC/LDPC_decoder/new/cn_proc.v:1]
	Parameter GROUP bound to: 3 - type: integer 
	Parameter WIDTH bound to: 8 - type: integer 
INFO: [Synth 8-6155] done synthesizing module 'cn_proc' (1#1) [/home/victor/open_baseband/openasip/custom_units/LDPC/LDPC_decoder/new/cn_proc.v:1]
INFO: [Synth 8-6157] synthesizing module 'cn_proc__parameterized0' [/home/victor/open_baseband/openasip/custom_units/LDPC/LDPC_decoder/new/cn_proc.v:1]
	Parameter GROUP bound to: 4 - type: integer 
	Parameter WIDTH bound to: 8 - type: integer 
INFO: [Synth 8-6155] done synthesizing module 'cn_proc__parameterized0' (1#1) [/home/victor/open_baseband/openasip/custom_units/LDPC/LDPC_decoder/new/cn_proc.v:1]
INFO: [Synth 8-6157] synthesizing module 'cn_proc__parameterized1' [/home/victor/open_baseband/openasip/custom_units/LDPC/LDPC_decoder/new/cn_proc.v:1]
	Parameter GROUP bound to: 5 - type: integer 
	Parameter WIDTH bound to: 8 - type: integer 
INFO: [Synth 8-6155] done synthesizing module 'cn_proc__parameterized1' (1#1) [/home/victor/open_baseband/openasip/custom_units/LDPC/LDPC_decoder/new/cn_proc.v:1]
INFO: [Synth 8-6157] synthesizing module 'cn_proc__parameterized2' [/home/victor/open_baseband/openasip/custom_units/LDPC/LDPC_decoder/new/cn_proc.v:1]
	Parameter GROUP bound to: 6 - type: integer 
	Parameter WIDTH bound to: 8 - type: integer 
INFO: [Synth 8-6155] done synthesizing module 'cn_proc__parameterized2' (1#1) [/home/victor/open_baseband/openasip/custom_units/LDPC/LDPC_decoder/new/cn_proc.v:1]
INFO: [Synth 8-6157] synthesizing module 'cn_proc__parameterized3' [/home/victor/open_baseband/openasip/custom_units/LDPC/LDPC_decoder/new/cn_proc.v:1]
	Parameter GROUP bound to: 7 - type: integer 
	Parameter WIDTH bound to: 8 - type: integer 
INFO: [Synth 8-6155] done synthesizing module 'cn_proc__parameterized3' (1#1) [/home/victor/open_baseband/openasip/custom_units/LDPC/LDPC_decoder/new/cn_proc.v:1]
INFO: [Synth 8-6157] synthesizing module 'cn_proc__parameterized4' [/home/victor/open_baseband/openasip/custom_units/LDPC/LDPC_decoder/new/cn_proc.v:1]
	Parameter GROUP bound to: 8 - type: integer 
	Parameter WIDTH bound to: 8 - type: integer 
INFO: [Synth 8-6155] done synthesizing module 'cn_proc__parameterized4' (1#1) [/home/victor/open_baseband/openasip/custom_units/LDPC/LDPC_decoder/new/cn_proc.v:1]
INFO: [Synth 8-6157] synthesizing module 'cn_proc__parameterized5' [/home/victor/open_baseband/openasip/custom_units/LDPC/LDPC_decoder/new/cn_proc.v:1]
	Parameter GROUP bound to: 9 - type: integer 
	Parameter WIDTH bound to: 8 - type: integer 
INFO: [Synth 8-6155] done synthesizing module 'cn_proc__parameterized5' (1#1) [/home/victor/open_baseband/openasip/custom_units/LDPC/LDPC_decoder/new/cn_proc.v:1]
INFO: [Synth 8-6157] synthesizing module 'cn_proc__parameterized6' [/home/victor/open_baseband/openasip/custom_units/LDPC/LDPC_decoder/new/cn_proc.v:1]
	Parameter GROUP bound to: 10 - type: integer 
	Parameter WIDTH bound to: 8 - type: integer 
INFO: [Synth 8-6155] done synthesizing module 'cn_proc__parameterized6' (1#1) [/home/victor/open_baseband/openasip/custom_units/LDPC/LDPC_decoder/new/cn_proc.v:1]
INFO: [Synth 8-6157] synthesizing module 'cn_proc__parameterized7' [/home/victor/open_baseband/openasip/custom_units/LDPC/LDPC_decoder/new/cn_proc.v:1]
	Parameter GROUP bound to: 19 - type: integer 
	Parameter WIDTH bound to: 8 - type: integer 
INFO: [Synth 8-6155] done synthesizing module 'cn_proc__parameterized7' (1#1) [/home/victor/open_baseband/openasip/custom_units/LDPC/LDPC_decoder/new/cn_proc.v:1]
INFO: [Synth 8-6155] done synthesizing module 'cn_core' (2#1) [/home/victor/open_baseband/openasip/custom_units/LDPC/LDPC_decoder/new/cn_core.v:41]
INFO: [Synth 8-6155] done synthesizing module 'ldpc' (3#1) [/home/victor/open_baseband/openasip/custom_units/LDPC/LDPC_decoder/new/project_1.srcs/sources_1/imports/new/ldpc.v:3]
---------------------------------------------------------------------------------
Finished Synthesize : Time (s): cpu = 00:00:04 ; elapsed = 00:00:04 . Memory (MB): peak = 13126.414 ; gain = 0.000 ; free physical = 1980 ; free virtual = 11494
---------------------------------------------------------------------------------
Copyright 1986-2022 Xilinx, Inc. All Rights Reserved. Copyright 2022-2025 Advanced Micro Devices, Inc. All Rights Reserved.
---------------------------------------------------------------------------------------------------------------------------------------------
| Tool Version : Vivado v.2025.2 (lin64) Build 6299465 Fri Nov 14 12:34:56 MST 2025
| Date         : Thu Jun  4 14:25:20 2026
| Host         : victor-IdeaPad-Slim-3-15ARP10 running 64-bit Ubuntu 24.04.4 LTS
---------------------------------------------------------------------------------------------------------------------------------------------

RTL Linter Report

Table of Contents
-----------------
1. Summary

1. Summary
----------

+----------+----------+--------------+----------+
| Rule ID  | Severity | # Violations | # Waived |
+----------+----------+--------------+----------+
| ASSIGN-5 | WARNING  | 25           | 0        |
| ASSIGN-6 | WARNING  | 31           | 0        |
| ASSIGN-9 | WARNING  | 2            | 0        |
+----------+----------+--------------+----------+


WARNING: [Synth 37-124] [ASSIGN-5]Some bits in 'gen_cn_buses_19.in_cn_proc_10' are not set. First unset bit index is 0. 
RTL Name 'gen_cn_buses_19.in_cn_proc_10', Hierarchy 'cn_core', File 'cn_core.v', Line 278.
WARNING: [Synth 37-124] [ASSIGN-5]Some bits in 'gen_cn_buses_19.in_cn_proc_10_r' are not set. First unset bit index is 0. 
RTL Name 'gen_cn_buses_19.in_cn_proc_10_r', Hierarchy 'cn_core', File 'cn_core.v', Line 279.
WARNING: [Synth 37-124] [ASSIGN-5]Some bits in 'gen_cn_buses_19.in_cn_proc_3' are not set. First unset bit index is 0. 
RTL Name 'gen_cn_buses_19.in_cn_proc_3', Hierarchy 'cn_core', File 'cn_core.v', Line 243.
WARNING: [Synth 37-124] [ASSIGN-5]Some bits in 'gen_cn_buses_19.in_cn_proc_3_r' are not set. First unset bit index is 0. 
RTL Name 'gen_cn_buses_19.in_cn_proc_3_r', Hierarchy 'cn_core', File 'cn_core.v', Line 244.
WARNING: [Synth 37-124] [ASSIGN-5]Some bits in 'gen_cn_buses_19.in_cn_proc_4' are not set. First unset bit index is 0. 
RTL Name 'gen_cn_buses_19.in_cn_proc_4', Hierarchy 'cn_core', File 'cn_core.v', Line 248.
WARNING: [Synth 37-124] [ASSIGN-5]Some bits in 'gen_cn_buses_19.in_cn_proc_4_r' are not set. First unset bit index is 0. 
RTL Name 'gen_cn_buses_19.in_cn_proc_4_r', Hierarchy 'cn_core', File 'cn_core.v', Line 249.
WARNING: [Synth 37-124] [ASSIGN-5]Some bits in 'gen_cn_buses_19.in_cn_proc_5' are not set. First unset bit index is 0. 
RTL Name 'gen_cn_buses_19.in_cn_proc_5', Hierarchy 'cn_core', File 'cn_core.v', Line 253.
WARNING: [Synth 37-124] [ASSIGN-5]Some bits in 'gen_cn_buses_19.in_cn_proc_5_r' are not set. First unset bit index is 0. 
RTL Name 'gen_cn_buses_19.in_cn_proc_5_r', Hierarchy 'cn_core', File 'cn_core.v', Line 254.
WARNING: [Synth 37-124] [ASSIGN-5]Some bits in 'gen_cn_buses_19.in_cn_proc_6' are not set. First unset bit index is 0. 
RTL Name 'gen_cn_buses_19.in_cn_proc_6', Hierarchy 'cn_core', File 'cn_core.v', Line 258.
WARNING: [Synth 37-124] [ASSIGN-5]Some bits in 'gen_cn_buses_19.in_cn_proc_6_r' are not set. First unset bit index is 0. 
RTL Name 'gen_cn_buses_19.in_cn_proc_6_r', Hierarchy 'cn_core', File 'cn_core.v', Line 259.
WARNING: [Synth 37-124] [ASSIGN-5]Some bits in 'gen_cn_buses_19.in_cn_proc_7' are not set. First unset bit index is 0. 
RTL Name 'gen_cn_buses_19.in_cn_proc_7', Hierarchy 'cn_core', File 'cn_core.v', Line 263.
WARNING: [Synth 37-124] [ASSIGN-5]Some bits in 'gen_cn_buses_19.in_cn_proc_7_r' are not set. First unset bit index is 0. 
RTL Name 'gen_cn_buses_19.in_cn_proc_7_r', Hierarchy 'cn_core', File 'cn_core.v', Line 264.
WARNING: [Synth 37-124] [ASSIGN-5]Some bits in 'gen_cn_buses_19.in_cn_proc_8' are not set. First unset bit index is 0. 
RTL Name 'gen_cn_buses_19.in_cn_proc_8', Hierarchy 'cn_core', File 'cn_core.v', Line 268.
WARNING: [Synth 37-124] [ASSIGN-5]Some bits in 'gen_cn_buses_19.in_cn_proc_8_r' are not set. First unset bit index is 0. 
RTL Name 'gen_cn_buses_19.in_cn_proc_8_r', Hierarchy 'cn_core', File 'cn_core.v', Line 269.
WARNING: [Synth 37-124] [ASSIGN-5]Some bits in 'gen_cn_buses_19.in_cn_proc_9' are not set. First unset bit index is 0. 
RTL Name 'gen_cn_buses_19.in_cn_proc_9', Hierarchy 'cn_core', File 'cn_core.v', Line 273.
WARNING: [Synth 37-124] [ASSIGN-5]Some bits in 'gen_cn_buses_19.in_cn_proc_9_r' are not set. First unset bit index is 0. 
RTL Name 'gen_cn_buses_19.in_cn_proc_9_r', Hierarchy 'cn_core', File 'cn_core.v', Line 274.
WARNING: [Synth 37-124] [ASSIGN-5]Some bits in 'gen_min_mul_buses_19.out_demux_min_1' are not set. First unset bit index is 0. 
RTL Name 'gen_min_mul_buses_19.out_demux_min_1', Hierarchy 'cn_core', File 'cn_core.v', Line 858.
WARNING: [Synth 37-124] [ASSIGN-5]Some bits in 'gen_min_mul_buses_19.out_demux_min_1_r' are not set. First unset bit index is 0. 
RTL Name 'gen_min_mul_buses_19.out_demux_min_1_r', Hierarchy 'cn_core', File 'cn_core.v', Line 864.
WARNING: [Synth 37-124] [ASSIGN-5]Some bits in 'gen_min_mul_buses_19.out_demux_min_2' are not set. First unset bit index is 0. 
RTL Name 'gen_min_mul_buses_19.out_demux_min_2', Hierarchy 'cn_core', File 'cn_core.v', Line 859.
WARNING: [Synth 37-124] [ASSIGN-5]Some bits in 'gen_min_mul_buses_19.out_demux_min_2_r' are not set. First unset bit index is 0. 
RTL Name 'gen_min_mul_buses_19.out_demux_min_2_r', Hierarchy 'cn_core', File 'cn_core.v', Line 865.
WARNING: [Synth 37-124] [ASSIGN-5]Some bits in 'gen_min_mul_buses_19.out_demux_mul_1' are not set. First unset bit index is 0. 
RTL Name 'gen_min_mul_buses_19.out_demux_mul_1', Hierarchy 'cn_core', File 'cn_core.v', Line 861.
WARNING: [Synth 37-124] [ASSIGN-5]Some bits in 'gen_min_mul_buses_19.out_demux_mul_1_r' are not set. First unset bit index is 0. 
RTL Name 'gen_min_mul_buses_19.out_demux_mul_1_r', Hierarchy 'cn_core', File 'cn_core.v', Line 867.
WARNING: [Synth 37-124] [ASSIGN-5]Some bits in 'gen_min_mul_buses_19.out_demux_mul_2' are not set. First unset bit index is 0. 
RTL Name 'gen_min_mul_buses_19.out_demux_mul_2', Hierarchy 'cn_core', File 'cn_core.v', Line 862.
WARNING: [Synth 37-124] [ASSIGN-5]Some bits in 'gen_min_mul_buses_19.out_demux_mul_2_r' are not set. First unset bit index is 0. 
RTL Name 'gen_min_mul_buses_19.out_demux_mul_2_r', Hierarchy 'cn_core', File 'cn_core.v', Line 868.
WARNING: [Synth 37-117] [ASSIGN-6] 3 signals within array 'in_cn_proc_10' are not read, switch to verbose mode to see all details. 
RTL Name 'in_cn_proc_10', Hierarchy 'cn_core', File '/home/victor/open_baseband/openasip/custom_units/LDPC/LDPC_decoder/new/cn_core.v', Line 144.
WARNING: [Synth 37-117] [ASSIGN-6] 3 signals within array 'in_cn_proc_3' are not read, switch to verbose mode to see all details. 
RTL Name 'in_cn_proc_3', Hierarchy 'cn_core', File '/home/victor/open_baseband/openasip/custom_units/LDPC/LDPC_decoder/new/cn_core.v', Line 137.
WARNING: [Synth 37-117] [ASSIGN-6] 3 signals within array 'in_cn_proc_4' are not read, switch to verbose mode to see all details. 
RTL Name 'in_cn_proc_4', Hierarchy 'cn_core', File '/home/victor/open_baseband/openasip/custom_units/LDPC/LDPC_decoder/new/cn_core.v', Line 138.
WARNING: [Synth 37-117] [ASSIGN-6] 3 signals within array 'in_cn_proc_5' are not read, switch to verbose mode to see all details. 
RTL Name 'in_cn_proc_5', Hierarchy 'cn_core', File '/home/victor/open_baseband/openasip/custom_units/LDPC/LDPC_decoder/new/cn_core.v', Line 139.
WARNING: [Synth 37-117] [ASSIGN-6] 3 signals within array 'in_cn_proc_6' are not read, switch to verbose mode to see all details. 
RTL Name 'in_cn_proc_6', Hierarchy 'cn_core', File '/home/victor/open_baseband/openasip/custom_units/LDPC/LDPC_decoder/new/cn_core.v', Line 140.
WARNING: [Synth 37-117] [ASSIGN-6] 3 signals within array 'in_cn_proc_7' are not read, switch to verbose mode to see all details. 
RTL Name 'in_cn_proc_7', Hierarchy 'cn_core', File '/home/victor/open_baseband/openasip/custom_units/LDPC/LDPC_decoder/new/cn_core.v', Line 141.
WARNING: [Synth 37-117] [ASSIGN-6] 3 signals within array 'in_cn_proc_8' are not read, switch to verbose mode to see all details. 
RTL Name 'in_cn_proc_8', Hierarchy 'cn_core', File '/home/victor/open_baseband/openasip/custom_units/LDPC/LDPC_decoder/new/cn_core.v', Line 142.
WARNING: [Synth 37-117] [ASSIGN-6] 3 signals within array 'in_cn_proc_9' are not read, switch to verbose mode to see all details. 
RTL Name 'in_cn_proc_9', Hierarchy 'cn_core', File '/home/victor/open_baseband/openasip/custom_units/LDPC/LDPC_decoder/new/cn_core.v', Line 143.
WARNING: [Synth 37-117] [ASSIGN-6] 2 signals within array 'in_cn_proc_19' are not read, switch to verbose mode to see all details. 
RTL Name 'in_cn_proc_19', Hierarchy 'cn_core', File '/home/victor/open_baseband/openasip/custom_units/LDPC/LDPC_decoder/new/cn_core.v', Line 145.
WARNING: [Synth 37-93] [ASSIGN-6]Signal 'gen_cn_buses_19.min_cn_proc_10' was assigned but not read. 
RTL Name 'gen_cn_buses_19.min_cn_proc_10', Hierarchy 'cn_core', File '/home/victor/open_baseband/openasip/custom_units/LDPC/LDPC_decoder/new/cn_core.v', Line 280.
WARNING: [Synth 37-93] [ASSIGN-6]Signal 'gen_cn_buses_19.min_cn_proc_3' was assigned but not read. 
RTL Name 'gen_cn_buses_19.min_cn_proc_3', Hierarchy 'cn_core', File '/home/victor/open_baseband/openasip/custom_units/LDPC/LDPC_decoder/new/cn_core.v', Line 245.
WARNING: [Synth 37-93] [ASSIGN-6]Signal 'gen_cn_buses_19.min_cn_proc_4' was assigned but not read. 
RTL Name 'gen_cn_buses_19.min_cn_proc_4', Hierarchy 'cn_core', File '/home/victor/open_baseband/openasip/custom_units/LDPC/LDPC_decoder/new/cn_core.v', Line 250.
WARNING: [Synth 37-93] [ASSIGN-6]Signal 'gen_cn_buses_19.min_cn_proc_5' was assigned but not read. 
RTL Name 'gen_cn_buses_19.min_cn_proc_5', Hierarchy 'cn_core', File '/home/victor/open_baseband/openasip/custom_units/LDPC/LDPC_decoder/new/cn_core.v', Line 255.
WARNING: [Synth 37-93] [ASSIGN-6]Signal 'gen_cn_buses_19.min_cn_proc_6' was assigned but not read. 
RTL Name 'gen_cn_buses_19.min_cn_proc_6', Hierarchy 'cn_core', File '/home/victor/open_baseband/openasip/custom_units/LDPC/LDPC_decoder/new/cn_core.v', Line 260.
WARNING: [Synth 37-93] [ASSIGN-6]Signal 'gen_cn_buses_19.min_cn_proc_7' was assigned but not read. 
RTL Name 'gen_cn_buses_19.min_cn_proc_7', Hierarchy 'cn_core', File '/home/victor/open_baseband/openasip/custom_units/LDPC/LDPC_decoder/new/cn_core.v', Line 265.
WARNING: [Synth 37-93] [ASSIGN-6]Signal 'gen_cn_buses_19.min_cn_proc_8' was assigned but not read. 
RTL Name 'gen_cn_buses_19.min_cn_proc_8', Hierarchy 'cn_core', File '/home/victor/open_baseband/openasip/custom_units/LDPC/LDPC_decoder/new/cn_core.v', Line 270.
WARNING: [Synth 37-93] [ASSIGN-6]Signal 'gen_cn_buses_19.min_cn_proc_9' was assigned but not read. 
RTL Name 'gen_cn_buses_19.min_cn_proc_9', Hierarchy 'cn_core', File '/home/victor/open_baseband/openasip/custom_units/LDPC/LDPC_decoder/new/cn_core.v', Line 275.
WARNING: [Synth 37-93] [ASSIGN-6]Signal 'gen_cn_buses_19.sgn_mul_cn_proc_10' was assigned but not read. 
RTL Name 'gen_cn_buses_19.sgn_mul_cn_proc_10', Hierarchy 'cn_core', File '/home/victor/open_baseband/openasip/custom_units/LDPC/LDPC_decoder/new/cn_core.v', Line 281.
WARNING: [Synth 37-93] [ASSIGN-6]Signal 'gen_cn_buses_19.sgn_mul_cn_proc_3' was assigned but not read. 
RTL Name 'gen_cn_buses_19.sgn_mul_cn_proc_3', Hierarchy 'cn_core', File '/home/victor/open_baseband/openasip/custom_units/LDPC/LDPC_decoder/new/cn_core.v', Line 246.
WARNING: [Synth 37-93] [ASSIGN-6]Signal 'gen_cn_buses_19.sgn_mul_cn_proc_4' was assigned but not read. 
RTL Name 'gen_cn_buses_19.sgn_mul_cn_proc_4', Hierarchy 'cn_core', File '/home/victor/open_baseband/openasip/custom_units/LDPC/LDPC_decoder/new/cn_core.v', Line 251.
WARNING: [Synth 37-93] [ASSIGN-6]Signal 'gen_cn_buses_19.sgn_mul_cn_proc_5' was assigned but not read. 
RTL Name 'gen_cn_buses_19.sgn_mul_cn_proc_5', Hierarchy 'cn_core', File '/home/victor/open_baseband/openasip/custom_units/LDPC/LDPC_decoder/new/cn_core.v', Line 256.
WARNING: [Synth 37-93] [ASSIGN-6]Signal 'gen_cn_buses_19.sgn_mul_cn_proc_6' was assigned but not read. 
RTL Name 'gen_cn_buses_19.sgn_mul_cn_proc_6', Hierarchy 'cn_core', File '/home/victor/open_baseband/openasip/custom_units/LDPC/LDPC_decoder/new/cn_core.v', Line 261.
WARNING: [Synth 37-93] [ASSIGN-6]Signal 'gen_cn_buses_19.sgn_mul_cn_proc_7' was assigned but not read. 
RTL Name 'gen_cn_buses_19.sgn_mul_cn_proc_7', Hierarchy 'cn_core', File '/home/victor/open_baseband/openasip/custom_units/LDPC/LDPC_decoder/new/cn_core.v', Line 266.
WARNING: [Synth 37-93] [ASSIGN-6]Signal 'gen_cn_buses_19.sgn_mul_cn_proc_8' was assigned but not read. 
RTL Name 'gen_cn_buses_19.sgn_mul_cn_proc_8', Hierarchy 'cn_core', File '/home/victor/open_baseband/openasip/custom_units/LDPC/LDPC_decoder/new/cn_core.v', Line 271.
WARNING: [Synth 37-93] [ASSIGN-6]Signal 'gen_cn_buses_19.sgn_mul_cn_proc_9' was assigned but not read. 
RTL Name 'gen_cn_buses_19.sgn_mul_cn_proc_9', Hierarchy 'cn_core', File '/home/victor/open_baseband/openasip/custom_units/LDPC/LDPC_decoder/new/cn_core.v', Line 276.
WARNING: [Synth 37-93] [ASSIGN-6]Signal 'gen_min_mul_buses_19.out_demux_min_0' was assigned but not read. 
RTL Name 'gen_min_mul_buses_19.out_demux_min_0', Hierarchy 'cn_core', File '/home/victor/open_baseband/openasip/custom_units/LDPC/LDPC_decoder/new/cn_core.v', Line 857.
WARNING: [Synth 37-93] [ASSIGN-6]Signal 'gen_min_mul_buses_19.out_demux_min_1' was assigned but not read. 
RTL Name 'gen_min_mul_buses_19.out_demux_min_1', Hierarchy 'cn_core', File '/home/victor/open_baseband/openasip/custom_units/LDPC/LDPC_decoder/new/cn_core.v', Line 858.
WARNING: [Synth 37-93] [ASSIGN-6]Signal 'gen_min_mul_buses_19.out_demux_min_2' was assigned but not read. 
RTL Name 'gen_min_mul_buses_19.out_demux_min_2', Hierarchy 'cn_core', File '/home/victor/open_baseband/openasip/custom_units/LDPC/LDPC_decoder/new/cn_core.v', Line 859.
WARNING: [Synth 37-93] [ASSIGN-6]Signal 'gen_min_mul_buses_19.out_demux_mul_0' was assigned but not read. 
RTL Name 'gen_min_mul_buses_19.out_demux_mul_0', Hierarchy 'cn_core', File '/home/victor/open_baseband/openasip/custom_units/LDPC/LDPC_decoder/new/cn_core.v', Line 860.
WARNING: [Synth 37-93] [ASSIGN-6]Signal 'gen_min_mul_buses_19.out_demux_mul_1' was assigned but not read. 
RTL Name 'gen_min_mul_buses_19.out_demux_mul_1', Hierarchy 'cn_core', File '/home/victor/open_baseband/openasip/custom_units/LDPC/LDPC_decoder/new/cn_core.v', Line 861.
WARNING: [Synth 37-93] [ASSIGN-6]Signal 'gen_min_mul_buses_19.out_demux_mul_2' was assigned but not read. 
RTL Name 'gen_min_mul_buses_19.out_demux_mul_2', Hierarchy 'cn_core', File '/home/victor/open_baseband/openasip/custom_units/LDPC/LDPC_decoder/new/cn_core.v', Line 862.
WARNING: [Synth 37-126] [ASSIGN-9]Some bits in IO 'out_llr' are not set. First unset bit index is 0. 
RTL Name 'out_llr', Hierarchy 'cn_core', File 'cn_core.v', Line 74.
WARNING: [Synth 37-124] [ASSIGN-5]Some bits in 'out_llr_w' are not set. First unset bit index is 0. 
RTL Name 'out_llr_w', Hierarchy 'ldpc', File 'ldpc.v', Line 17.
WARNING: [Synth 37-126] [ASSIGN-9]Some bits in IO 'out_llr' are not set. First unset bit index is 0. 
RTL Name 'out_llr', Hierarchy 'ldpc', File 'ldpc.v', Line 11.
INFO: [Synth 37-85] Total of 58 linter message(s) generated.
INFO: [Synth 37-45] Linter Run Finished!
Synthesis Optimization Runtime : Time (s): cpu = 00:00:04 ; elapsed = 00:00:04 . Memory (MB): peak = 13126.414 ; gain = 0.000 ; free physical = 1966 ; free virtual = 11481
INFO: [Common 17-83] Releasing license: Synthesis
27 Infos, 58 Warnings, 0 Critical Warnings and 0 Errors encountered.
synth_design completed successfully
synth_design -top ldpc -part xczu7ev-ffvc1156-2-e -lint 
Command: synth_design -top ldpc -part xczu7ev-ffvc1156-2-e -lint
Starting synth_design
Attempting to get a license for feature 'Synthesis' and/or device 'xczu7ev'
INFO: [Common 17-349] Got license for feature 'Synthesis' and/or device 'xczu7ev'
INFO: [Synth 8-7079] Multithreading enabled for synth_design using a maximum of 7 processes.
---------------------------------------------------------------------------------
Starting Synthesize : Time (s): cpu = 00:00:04 ; elapsed = 00:00:03 . Memory (MB): peak = 13126.414 ; gain = 0.000 ; free physical = 1817 ; free virtual = 11349
---------------------------------------------------------------------------------
Clean up Linter database...
INFO: [Synth 8-6157] synthesizing module 'ldpc' [/home/victor/open_baseband/openasip/custom_units/LDPC/LDPC_decoder/new/project_1.srcs/sources_1/imports/new/ldpc.v:3]
INFO: [Synth 8-6157] synthesizing module 'cn_core' [/home/victor/open_baseband/openasip/custom_units/LDPC/LDPC_decoder/new/cn_core.v:41]
	Parameter DEGREE bound to: 19 - type: integer 
	Parameter WIDTH bound to: 8 - type: integer 
	Parameter sel_mux_cn_proc_3 bound to: 2'b11 
	Parameter sel_mux_cn_proc_4 bound to: 2'b11 
	Parameter sel_mux_cn_proc_5 bound to: 2'b11 
	Parameter sel_mux_cn_proc_6 bound to: 2'b11 
	Parameter sel_mux_cn_proc_7 bound to: 2'b11 
	Parameter sel_mux_cn_proc_8 bound to: 2'b11 
	Parameter sel_mux_cn_proc_9 bound to: 2'b11 
	Parameter sel_mux_cn_proc_10 bound to: 2'b11 
	Parameter sel_mux_cn_proc_19 bound to: 2'b00 
	Parameter sel_demux_min_0 bound to: 5'b01000 
	Parameter sel_demux_min_1 bound to: 5'b01111 
	Parameter sel_demux_min_2 bound to: 5'b01111 
	Parameter sel_demux_mul_0 bound to: 5'b01000 
	Parameter sel_demux_mul_1 bound to: 5'b01111 
	Parameter sel_demux_mul_2 bound to: 5'b01111 
	Parameter sel_demux_min_30 bound to: 1'b0 
	Parameter sel_demux_min_31 bound to: 1'b0 
	Parameter sel_demux_mul_30 bound to: 1'b0 
	Parameter sel_demux_mul_31 bound to: 1'b0 
ERROR: [Synth 8-685] variable 'gen_cn_buses_19.in_cn_proc_3_r' should not be used in output port connection [/home/victor/open_baseband/openasip/custom_units/LDPC/LDPC_decoder/new/cn_core.v:455]
ERROR: [Synth 8-6156] failed synthesizing module 'cn_core' [/home/victor/open_baseband/openasip/custom_units/LDPC/LDPC_decoder/new/cn_core.v:41]
ERROR: [Synth 8-6156] failed synthesizing module 'ldpc' [/home/victor/open_baseband/openasip/custom_units/LDPC/LDPC_decoder/new/project_1.srcs/sources_1/imports/new/ldpc.v:3]
---------------------------------------------------------------------------------
Finished Synthesize : Time (s): cpu = 00:00:05 ; elapsed = 00:00:04 . Memory (MB): peak = 13126.414 ; gain = 0.000 ; free physical = 1809 ; free virtual = 11341
---------------------------------------------------------------------------------
synthesize failed
INFO: [Common 17-83] Releasing license: Synthesis
5 Infos, 0 Warnings, 0 Critical Warnings and 3 Errors encountered.
synth_design completed successfully
ERROR: [Common 17-39] 'synth_design' failed due to earlier errors.
synth_design -top ldpc -part xczu7ev-ffvc1156-2-e -lint 
Command: synth_design -top ldpc -part xczu7ev-ffvc1156-2-e -lint
Starting synth_design
Attempting to get a license for feature 'Synthesis' and/or device 'xczu7ev'
INFO: [Common 17-349] Got license for feature 'Synthesis' and/or device 'xczu7ev'
INFO: [Synth 8-7079] Multithreading enabled for synth_design using a maximum of 7 processes.
---------------------------------------------------------------------------------
Starting Synthesize : Time (s): cpu = 00:00:03 ; elapsed = 00:00:03 . Memory (MB): peak = 13126.414 ; gain = 0.000 ; free physical = 1974 ; free virtual = 11513
---------------------------------------------------------------------------------
Clean up Linter database...
INFO: [Synth 8-6157] synthesizing module 'ldpc' [/home/victor/open_baseband/openasip/custom_units/LDPC/LDPC_decoder/new/project_1.srcs/sources_1/imports/new/ldpc.v:3]
INFO: [Synth 8-6157] synthesizing module 'cn_core' [/home/victor/open_baseband/openasip/custom_units/LDPC/LDPC_decoder/new/cn_core.v:41]
	Parameter DEGREE bound to: 19 - type: integer 
	Parameter WIDTH bound to: 8 - type: integer 
	Parameter sel_mux_cn_proc_3 bound to: 2'b11 
	Parameter sel_mux_cn_proc_4 bound to: 2'b11 
	Parameter sel_mux_cn_proc_5 bound to: 2'b11 
	Parameter sel_mux_cn_proc_6 bound to: 2'b11 
	Parameter sel_mux_cn_proc_7 bound to: 2'b11 
	Parameter sel_mux_cn_proc_8 bound to: 2'b11 
	Parameter sel_mux_cn_proc_9 bound to: 2'b11 
	Parameter sel_mux_cn_proc_10 bound to: 2'b11 
	Parameter sel_mux_cn_proc_19 bound to: 2'b00 
	Parameter sel_demux_min_0 bound to: 5'b01000 
	Parameter sel_demux_min_1 bound to: 5'b01111 
	Parameter sel_demux_min_2 bound to: 5'b01111 
	Parameter sel_demux_mul_0 bound to: 5'b01000 
	Parameter sel_demux_mul_1 bound to: 5'b01111 
	Parameter sel_demux_mul_2 bound to: 5'b01111 
	Parameter sel_demux_min_30 bound to: 1'b0 
	Parameter sel_demux_min_31 bound to: 1'b0 
	Parameter sel_demux_mul_30 bound to: 1'b0 
	Parameter sel_demux_mul_31 bound to: 1'b0 
ERROR: [Synth 8-685] variable 'gen_cn_buses_19.in_cn_proc_3_r' should not be used in output port connection [/home/victor/open_baseband/openasip/custom_units/LDPC/LDPC_decoder/new/cn_core.v:455]
ERROR: [Synth 8-6156] failed synthesizing module 'cn_core' [/home/victor/open_baseband/openasip/custom_units/LDPC/LDPC_decoder/new/cn_core.v:41]
ERROR: [Synth 8-6156] failed synthesizing module 'ldpc' [/home/victor/open_baseband/openasip/custom_units/LDPC/LDPC_decoder/new/project_1.srcs/sources_1/imports/new/ldpc.v:3]
---------------------------------------------------------------------------------
Finished Synthesize : Time (s): cpu = 00:00:04 ; elapsed = 00:00:04 . Memory (MB): peak = 13126.414 ; gain = 0.000 ; free physical = 1972 ; free virtual = 11511
---------------------------------------------------------------------------------
synthesize failed
INFO: [Common 17-83] Releasing license: Synthesis
5 Infos, 0 Warnings, 0 Critical Warnings and 3 Errors encountered.
synth_design completed successfully
ERROR: [Common 17-39] 'synth_design' failed due to earlier errors.
synth_design -top ldpc -part xczu7ev-ffvc1156-2-e -lint 
Command: synth_design -top ldpc -part xczu7ev-ffvc1156-2-e -lint
Starting synth_design
Attempting to get a license for feature 'Synthesis' and/or device 'xczu7ev'
INFO: [Common 17-349] Got license for feature 'Synthesis' and/or device 'xczu7ev'
INFO: [Synth 8-7079] Multithreading enabled for synth_design using a maximum of 7 processes.
---------------------------------------------------------------------------------
Starting Synthesize : Time (s): cpu = 00:00:03 ; elapsed = 00:00:03 . Memory (MB): peak = 13129.566 ; gain = 0.000 ; free physical = 1654 ; free virtual = 11422
---------------------------------------------------------------------------------
Clean up Linter database...
INFO: [Synth 8-6157] synthesizing module 'ldpc' [/home/victor/open_baseband/openasip/custom_units/LDPC/LDPC_decoder/new/project_1.srcs/sources_1/imports/new/ldpc.v:3]
INFO: [Synth 8-6157] synthesizing module 'cn_core' [/home/victor/open_baseband/openasip/custom_units/LDPC/LDPC_decoder/new/cn_core.v:41]
	Parameter DEGREE bound to: 19 - type: integer 
	Parameter WIDTH bound to: 8 - type: integer 
	Parameter sel_mux_cn_proc_3 bound to: 2'b11 
	Parameter sel_mux_cn_proc_4 bound to: 2'b11 
	Parameter sel_mux_cn_proc_5 bound to: 2'b11 
	Parameter sel_mux_cn_proc_6 bound to: 2'b11 
	Parameter sel_mux_cn_proc_7 bound to: 2'b11 
	Parameter sel_mux_cn_proc_8 bound to: 2'b11 
	Parameter sel_mux_cn_proc_9 bound to: 2'b11 
	Parameter sel_mux_cn_proc_10 bound to: 2'b11 
	Parameter sel_mux_cn_proc_19 bound to: 2'b00 
	Parameter sel_demux_min_0 bound to: 5'b01000 
	Parameter sel_demux_min_1 bound to: 5'b01111 
	Parameter sel_demux_min_2 bound to: 5'b01111 
	Parameter sel_demux_mul_0 bound to: 5'b01000 
	Parameter sel_demux_mul_1 bound to: 5'b01111 
	Parameter sel_demux_mul_2 bound to: 5'b01111 
	Parameter sel_demux_min_30 bound to: 1'b0 
	Parameter sel_demux_min_31 bound to: 1'b0 
	Parameter sel_demux_mul_30 bound to: 1'b0 
	Parameter sel_demux_mul_31 bound to: 1'b0 
INFO: [Synth 8-6157] synthesizing module 'cn_proc' [/home/victor/open_baseband/openasip/custom_units/LDPC/LDPC_decoder/new/cn_proc.v:1]
	Parameter GROUP bound to: 3 - type: integer 
	Parameter WIDTH bound to: 8 - type: integer 
INFO: [Synth 8-6155] done synthesizing module 'cn_proc' (1#1) [/home/victor/open_baseband/openasip/custom_units/LDPC/LDPC_decoder/new/cn_proc.v:1]
INFO: [Synth 8-6157] synthesizing module 'cn_proc__parameterized0' [/home/victor/open_baseband/openasip/custom_units/LDPC/LDPC_decoder/new/cn_proc.v:1]
	Parameter GROUP bound to: 4 - type: integer 
	Parameter WIDTH bound to: 8 - type: integer 
INFO: [Synth 8-6155] done synthesizing module 'cn_proc__parameterized0' (1#1) [/home/victor/open_baseband/openasip/custom_units/LDPC/LDPC_decoder/new/cn_proc.v:1]
INFO: [Synth 8-6157] synthesizing module 'cn_proc__parameterized1' [/home/victor/open_baseband/openasip/custom_units/LDPC/LDPC_decoder/new/cn_proc.v:1]
	Parameter GROUP bound to: 5 - type: integer 
	Parameter WIDTH bound to: 8 - type: integer 
INFO: [Synth 8-6155] done synthesizing module 'cn_proc__parameterized1' (1#1) [/home/victor/open_baseband/openasip/custom_units/LDPC/LDPC_decoder/new/cn_proc.v:1]
INFO: [Synth 8-6157] synthesizing module 'cn_proc__parameterized2' [/home/victor/open_baseband/openasip/custom_units/LDPC/LDPC_decoder/new/cn_proc.v:1]
	Parameter GROUP bound to: 6 - type: integer 
	Parameter WIDTH bound to: 8 - type: integer 
INFO: [Synth 8-6155] done synthesizing module 'cn_proc__parameterized2' (1#1) [/home/victor/open_baseband/openasip/custom_units/LDPC/LDPC_decoder/new/cn_proc.v:1]
INFO: [Synth 8-6157] synthesizing module 'cn_proc__parameterized3' [/home/victor/open_baseband/openasip/custom_units/LDPC/LDPC_decoder/new/cn_proc.v:1]
	Parameter GROUP bound to: 7 - type: integer 
	Parameter WIDTH bound to: 8 - type: integer 
INFO: [Synth 8-6155] done synthesizing module 'cn_proc__parameterized3' (1#1) [/home/victor/open_baseband/openasip/custom_units/LDPC/LDPC_decoder/new/cn_proc.v:1]
INFO: [Synth 8-6157] synthesizing module 'cn_proc__parameterized4' [/home/victor/open_baseband/openasip/custom_units/LDPC/LDPC_decoder/new/cn_proc.v:1]
	Parameter GROUP bound to: 8 - type: integer 
	Parameter WIDTH bound to: 8 - type: integer 
INFO: [Synth 8-6155] done synthesizing module 'cn_proc__parameterized4' (1#1) [/home/victor/open_baseband/openasip/custom_units/LDPC/LDPC_decoder/new/cn_proc.v:1]
INFO: [Synth 8-6157] synthesizing module 'cn_proc__parameterized5' [/home/victor/open_baseband/openasip/custom_units/LDPC/LDPC_decoder/new/cn_proc.v:1]
	Parameter GROUP bound to: 9 - type: integer 
	Parameter WIDTH bound to: 8 - type: integer 
INFO: [Synth 8-6155] done synthesizing module 'cn_proc__parameterized5' (1#1) [/home/victor/open_baseband/openasip/custom_units/LDPC/LDPC_decoder/new/cn_proc.v:1]
INFO: [Synth 8-6157] synthesizing module 'cn_proc__parameterized6' [/home/victor/open_baseband/openasip/custom_units/LDPC/LDPC_decoder/new/cn_proc.v:1]
	Parameter GROUP bound to: 10 - type: integer 
	Parameter WIDTH bound to: 8 - type: integer 
INFO: [Synth 8-6155] done synthesizing module 'cn_proc__parameterized6' (1#1) [/home/victor/open_baseband/openasip/custom_units/LDPC/LDPC_decoder/new/cn_proc.v:1]
INFO: [Synth 8-6157] synthesizing module 'cn_proc__parameterized7' [/home/victor/open_baseband/openasip/custom_units/LDPC/LDPC_decoder/new/cn_proc.v:1]
	Parameter GROUP bound to: 19 - type: integer 
	Parameter WIDTH bound to: 8 - type: integer 
INFO: [Synth 8-6155] done synthesizing module 'cn_proc__parameterized7' (1#1) [/home/victor/open_baseband/openasip/custom_units/LDPC/LDPC_decoder/new/cn_proc.v:1]
ERROR: [Synth 8-685] variable 'gen_min_mul_buses_19.out_demux_min_0_r' should not be used in output port connection [/home/victor/open_baseband/openasip/custom_units/LDPC/LDPC_decoder/new/cn_core.v:1191]
ERROR: [Synth 8-6156] failed synthesizing module 'cn_core' [/home/victor/open_baseband/openasip/custom_units/LDPC/LDPC_decoder/new/cn_core.v:41]
ERROR: [Synth 8-6156] failed synthesizing module 'ldpc' [/home/victor/open_baseband/openasip/custom_units/LDPC/LDPC_decoder/new/project_1.srcs/sources_1/imports/new/ldpc.v:3]
---------------------------------------------------------------------------------
Finished Synthesize : Time (s): cpu = 00:00:04 ; elapsed = 00:00:04 . Memory (MB): peak = 13129.566 ; gain = 0.000 ; free physical = 1658 ; free virtual = 11425
---------------------------------------------------------------------------------
synthesize failed
INFO: [Common 17-83] Releasing license: Synthesis
23 Infos, 0 Warnings, 0 Critical Warnings and 3 Errors encountered.
synth_design completed successfully
ERROR: [Common 17-39] 'synth_design' failed due to earlier errors.
synth_design -top ldpc -part xczu7ev-ffvc1156-2-e -lint 
Command: synth_design -top ldpc -part xczu7ev-ffvc1156-2-e -lint
Starting synth_design
Attempting to get a license for feature 'Synthesis' and/or device 'xczu7ev'
INFO: [Common 17-349] Got license for feature 'Synthesis' and/or device 'xczu7ev'
INFO: [Synth 8-7079] Multithreading enabled for synth_design using a maximum of 7 processes.
---------------------------------------------------------------------------------
Starting Synthesize : Time (s): cpu = 00:00:03 ; elapsed = 00:00:03 . Memory (MB): peak = 13129.566 ; gain = 0.000 ; free physical = 1605 ; free virtual = 11418
---------------------------------------------------------------------------------
Clean up Linter database...
INFO: [Synth 8-6157] synthesizing module 'ldpc' [/home/victor/open_baseband/openasip/custom_units/LDPC/LDPC_decoder/new/project_1.srcs/sources_1/imports/new/ldpc.v:3]
INFO: [Synth 8-6157] synthesizing module 'cn_core' [/home/victor/open_baseband/openasip/custom_units/LDPC/LDPC_decoder/new/cn_core.v:41]
	Parameter DEGREE bound to: 19 - type: integer 
	Parameter WIDTH bound to: 8 - type: integer 
	Parameter sel_mux_cn_proc_3 bound to: 2'b11 
	Parameter sel_mux_cn_proc_4 bound to: 2'b11 
	Parameter sel_mux_cn_proc_5 bound to: 2'b11 
	Parameter sel_mux_cn_proc_6 bound to: 2'b11 
	Parameter sel_mux_cn_proc_7 bound to: 2'b11 
	Parameter sel_mux_cn_proc_8 bound to: 2'b11 
	Parameter sel_mux_cn_proc_9 bound to: 2'b11 
	Parameter sel_mux_cn_proc_10 bound to: 2'b11 
	Parameter sel_mux_cn_proc_19 bound to: 2'b00 
	Parameter sel_demux_min_0 bound to: 5'b01000 
	Parameter sel_demux_min_1 bound to: 5'b01111 
	Parameter sel_demux_min_2 bound to: 5'b01111 
	Parameter sel_demux_mul_0 bound to: 5'b01000 
	Parameter sel_demux_mul_1 bound to: 5'b01111 
	Parameter sel_demux_mul_2 bound to: 5'b01111 
	Parameter sel_demux_min_30 bound to: 1'b0 
	Parameter sel_demux_min_31 bound to: 1'b0 
	Parameter sel_demux_mul_30 bound to: 1'b0 
	Parameter sel_demux_mul_31 bound to: 1'b0 
INFO: [Synth 8-6157] synthesizing module 'cn_proc' [/home/victor/open_baseband/openasip/custom_units/LDPC/LDPC_decoder/new/cn_proc.v:1]
	Parameter GROUP bound to: 3 - type: integer 
	Parameter WIDTH bound to: 8 - type: integer 
INFO: [Synth 8-6155] done synthesizing module 'cn_proc' (1#1) [/home/victor/open_baseband/openasip/custom_units/LDPC/LDPC_decoder/new/cn_proc.v:1]
INFO: [Synth 8-6157] synthesizing module 'cn_proc__parameterized0' [/home/victor/open_baseband/openasip/custom_units/LDPC/LDPC_decoder/new/cn_proc.v:1]
	Parameter GROUP bound to: 4 - type: integer 
	Parameter WIDTH bound to: 8 - type: integer 
INFO: [Synth 8-6155] done synthesizing module 'cn_proc__parameterized0' (1#1) [/home/victor/open_baseband/openasip/custom_units/LDPC/LDPC_decoder/new/cn_proc.v:1]
INFO: [Synth 8-6157] synthesizing module 'cn_proc__parameterized1' [/home/victor/open_baseband/openasip/custom_units/LDPC/LDPC_decoder/new/cn_proc.v:1]
	Parameter GROUP bound to: 5 - type: integer 
	Parameter WIDTH bound to: 8 - type: integer 
INFO: [Synth 8-6155] done synthesizing module 'cn_proc__parameterized1' (1#1) [/home/victor/open_baseband/openasip/custom_units/LDPC/LDPC_decoder/new/cn_proc.v:1]
INFO: [Synth 8-6157] synthesizing module 'cn_proc__parameterized2' [/home/victor/open_baseband/openasip/custom_units/LDPC/LDPC_decoder/new/cn_proc.v:1]
	Parameter GROUP bound to: 6 - type: integer 
	Parameter WIDTH bound to: 8 - type: integer 
INFO: [Synth 8-6155] done synthesizing module 'cn_proc__parameterized2' (1#1) [/home/victor/open_baseband/openasip/custom_units/LDPC/LDPC_decoder/new/cn_proc.v:1]
INFO: [Synth 8-6157] synthesizing module 'cn_proc__parameterized3' [/home/victor/open_baseband/openasip/custom_units/LDPC/LDPC_decoder/new/cn_proc.v:1]
	Parameter GROUP bound to: 7 - type: integer 
	Parameter WIDTH bound to: 8 - type: integer 
INFO: [Synth 8-6155] done synthesizing module 'cn_proc__parameterized3' (1#1) [/home/victor/open_baseband/openasip/custom_units/LDPC/LDPC_decoder/new/cn_proc.v:1]
INFO: [Synth 8-6157] synthesizing module 'cn_proc__parameterized4' [/home/victor/open_baseband/openasip/custom_units/LDPC/LDPC_decoder/new/cn_proc.v:1]
	Parameter GROUP bound to: 8 - type: integer 
	Parameter WIDTH bound to: 8 - type: integer 
INFO: [Synth 8-6155] done synthesizing module 'cn_proc__parameterized4' (1#1) [/home/victor/open_baseband/openasip/custom_units/LDPC/LDPC_decoder/new/cn_proc.v:1]
INFO: [Synth 8-6157] synthesizing module 'cn_proc__parameterized5' [/home/victor/open_baseband/openasip/custom_units/LDPC/LDPC_decoder/new/cn_proc.v:1]
	Parameter GROUP bound to: 9 - type: integer 
	Parameter WIDTH bound to: 8 - type: integer 
INFO: [Synth 8-6155] done synthesizing module 'cn_proc__parameterized5' (1#1) [/home/victor/open_baseband/openasip/custom_units/LDPC/LDPC_decoder/new/cn_proc.v:1]
INFO: [Synth 8-6157] synthesizing module 'cn_proc__parameterized6' [/home/victor/open_baseband/openasip/custom_units/LDPC/LDPC_decoder/new/cn_proc.v:1]
	Parameter GROUP bound to: 10 - type: integer 
	Parameter WIDTH bound to: 8 - type: integer 
INFO: [Synth 8-6155] done synthesizing module 'cn_proc__parameterized6' (1#1) [/home/victor/open_baseband/openasip/custom_units/LDPC/LDPC_decoder/new/cn_proc.v:1]
INFO: [Synth 8-6157] synthesizing module 'cn_proc__parameterized7' [/home/victor/open_baseband/openasip/custom_units/LDPC/LDPC_decoder/new/cn_proc.v:1]
	Parameter GROUP bound to: 19 - type: integer 
	Parameter WIDTH bound to: 8 - type: integer 
INFO: [Synth 8-6155] done synthesizing module 'cn_proc__parameterized7' (1#1) [/home/victor/open_baseband/openasip/custom_units/LDPC/LDPC_decoder/new/cn_proc.v:1]
INFO: [Synth 8-6155] done synthesizing module 'cn_core' (2#1) [/home/victor/open_baseband/openasip/custom_units/LDPC/LDPC_decoder/new/cn_core.v:41]
INFO: [Synth 8-6155] done synthesizing module 'ldpc' (3#1) [/home/victor/open_baseband/openasip/custom_units/LDPC/LDPC_decoder/new/project_1.srcs/sources_1/imports/new/ldpc.v:3]
---------------------------------------------------------------------------------
Finished Synthesize : Time (s): cpu = 00:00:04 ; elapsed = 00:00:04 . Memory (MB): peak = 13129.566 ; gain = 0.000 ; free physical = 1601 ; free virtual = 11414
---------------------------------------------------------------------------------
Copyright 1986-2022 Xilinx, Inc. All Rights Reserved. Copyright 2022-2025 Advanced Micro Devices, Inc. All Rights Reserved.
---------------------------------------------------------------------------------------------------------------------------------------------
| Tool Version : Vivado v.2025.2 (lin64) Build 6299465 Fri Nov 14 12:34:56 MST 2025
| Date         : Thu Jun  4 16:35:40 2026
| Host         : victor-IdeaPad-Slim-3-15ARP10 running 64-bit Ubuntu 24.04.4 LTS
---------------------------------------------------------------------------------------------------------------------------------------------

RTL Linter Report

Table of Contents
-----------------
1. Summary

1. Summary
----------

+----------+----------+--------------+----------+
| Rule ID  | Severity | # Violations | # Waived |
+----------+----------+--------------+----------+
| ASSIGN-5 | WARNING  | 13           | 0        |
| ASSIGN-6 | WARNING  | 31           | 0        |
| ASSIGN-9 | WARNING  | 2            | 0        |
+----------+----------+--------------+----------+


WARNING: [Synth 37-124] [ASSIGN-5]Some bits in 'gen_cn_buses_19.in_cn_proc_10' are not set. First unset bit index is 0. 
RTL Name 'gen_cn_buses_19.in_cn_proc_10', Hierarchy 'cn_core', File 'cn_core.v', Line 278.
WARNING: [Synth 37-124] [ASSIGN-5]Some bits in 'gen_cn_buses_19.in_cn_proc_3' are not set. First unset bit index is 0. 
RTL Name 'gen_cn_buses_19.in_cn_proc_3', Hierarchy 'cn_core', File 'cn_core.v', Line 243.
WARNING: [Synth 37-124] [ASSIGN-5]Some bits in 'gen_cn_buses_19.in_cn_proc_4' are not set. First unset bit index is 0. 
RTL Name 'gen_cn_buses_19.in_cn_proc_4', Hierarchy 'cn_core', File 'cn_core.v', Line 248.
WARNING: [Synth 37-124] [ASSIGN-5]Some bits in 'gen_cn_buses_19.in_cn_proc_5' are not set. First unset bit index is 0. 
RTL Name 'gen_cn_buses_19.in_cn_proc_5', Hierarchy 'cn_core', File 'cn_core.v', Line 253.
WARNING: [Synth 37-124] [ASSIGN-5]Some bits in 'gen_cn_buses_19.in_cn_proc_6' are not set. First unset bit index is 0. 
RTL Name 'gen_cn_buses_19.in_cn_proc_6', Hierarchy 'cn_core', File 'cn_core.v', Line 258.
WARNING: [Synth 37-124] [ASSIGN-5]Some bits in 'gen_cn_buses_19.in_cn_proc_7' are not set. First unset bit index is 0. 
RTL Name 'gen_cn_buses_19.in_cn_proc_7', Hierarchy 'cn_core', File 'cn_core.v', Line 263.
WARNING: [Synth 37-124] [ASSIGN-5]Some bits in 'gen_cn_buses_19.in_cn_proc_8' are not set. First unset bit index is 0. 
RTL Name 'gen_cn_buses_19.in_cn_proc_8', Hierarchy 'cn_core', File 'cn_core.v', Line 268.
WARNING: [Synth 37-124] [ASSIGN-5]Some bits in 'gen_cn_buses_19.in_cn_proc_9' are not set. First unset bit index is 0. 
RTL Name 'gen_cn_buses_19.in_cn_proc_9', Hierarchy 'cn_core', File 'cn_core.v', Line 273.
WARNING: [Synth 37-124] [ASSIGN-5]Some bits in 'gen_min_mul_buses_19.out_demux_min_1' are not set. First unset bit index is 0. 
RTL Name 'gen_min_mul_buses_19.out_demux_min_1', Hierarchy 'cn_core', File 'cn_core.v', Line 894.
WARNING: [Synth 37-124] [ASSIGN-5]Some bits in 'gen_min_mul_buses_19.out_demux_min_2' are not set. First unset bit index is 0. 
RTL Name 'gen_min_mul_buses_19.out_demux_min_2', Hierarchy 'cn_core', File 'cn_core.v', Line 895.
WARNING: [Synth 37-124] [ASSIGN-5]Some bits in 'gen_min_mul_buses_19.out_demux_mul_1' are not set. First unset bit index is 0. 
RTL Name 'gen_min_mul_buses_19.out_demux_mul_1', Hierarchy 'cn_core', File 'cn_core.v', Line 897.
WARNING: [Synth 37-124] [ASSIGN-5]Some bits in 'gen_min_mul_buses_19.out_demux_mul_2' are not set. First unset bit index is 0. 
RTL Name 'gen_min_mul_buses_19.out_demux_mul_2', Hierarchy 'cn_core', File 'cn_core.v', Line 898.
WARNING: [Synth 37-117] [ASSIGN-6] 3 signals within array 'in_cn_proc_10' are not read, switch to verbose mode to see all details. 
RTL Name 'in_cn_proc_10', Hierarchy 'cn_core', File '/home/victor/open_baseband/openasip/custom_units/LDPC/LDPC_decoder/new/cn_core.v', Line 144.
WARNING: [Synth 37-117] [ASSIGN-6] 3 signals within array 'in_cn_proc_3' are not read, switch to verbose mode to see all details. 
RTL Name 'in_cn_proc_3', Hierarchy 'cn_core', File '/home/victor/open_baseband/openasip/custom_units/LDPC/LDPC_decoder/new/cn_core.v', Line 137.
WARNING: [Synth 37-117] [ASSIGN-6] 3 signals within array 'in_cn_proc_4' are not read, switch to verbose mode to see all details. 
RTL Name 'in_cn_proc_4', Hierarchy 'cn_core', File '/home/victor/open_baseband/openasip/custom_units/LDPC/LDPC_decoder/new/cn_core.v', Line 138.
WARNING: [Synth 37-117] [ASSIGN-6] 3 signals within array 'in_cn_proc_5' are not read, switch to verbose mode to see all details. 
RTL Name 'in_cn_proc_5', Hierarchy 'cn_core', File '/home/victor/open_baseband/openasip/custom_units/LDPC/LDPC_decoder/new/cn_core.v', Line 139.
WARNING: [Synth 37-117] [ASSIGN-6] 3 signals within array 'in_cn_proc_6' are not read, switch to verbose mode to see all details. 
RTL Name 'in_cn_proc_6', Hierarchy 'cn_core', File '/home/victor/open_baseband/openasip/custom_units/LDPC/LDPC_decoder/new/cn_core.v', Line 140.
WARNING: [Synth 37-117] [ASSIGN-6] 3 signals within array 'in_cn_proc_7' are not read, switch to verbose mode to see all details. 
RTL Name 'in_cn_proc_7', Hierarchy 'cn_core', File '/home/victor/open_baseband/openasip/custom_units/LDPC/LDPC_decoder/new/cn_core.v', Line 141.
WARNING: [Synth 37-117] [ASSIGN-6] 3 signals within array 'in_cn_proc_8' are not read, switch to verbose mode to see all details. 
RTL Name 'in_cn_proc_8', Hierarchy 'cn_core', File '/home/victor/open_baseband/openasip/custom_units/LDPC/LDPC_decoder/new/cn_core.v', Line 142.
WARNING: [Synth 37-117] [ASSIGN-6] 3 signals within array 'in_cn_proc_9' are not read, switch to verbose mode to see all details. 
RTL Name 'in_cn_proc_9', Hierarchy 'cn_core', File '/home/victor/open_baseband/openasip/custom_units/LDPC/LDPC_decoder/new/cn_core.v', Line 143.
WARNING: [Synth 37-117] [ASSIGN-6] 2 signals within array 'in_cn_proc_19' are not read, switch to verbose mode to see all details. 
RTL Name 'in_cn_proc_19', Hierarchy 'cn_core', File '/home/victor/open_baseband/openasip/custom_units/LDPC/LDPC_decoder/new/cn_core.v', Line 145.
WARNING: [Synth 37-93] [ASSIGN-6]Signal 'gen_cn_buses_19.min_cn_proc_10' was assigned but not read. 
RTL Name 'gen_cn_buses_19.min_cn_proc_10', Hierarchy 'cn_core', File '/home/victor/open_baseband/openasip/custom_units/LDPC/LDPC_decoder/new/cn_core.v', Line 280.
WARNING: [Synth 37-93] [ASSIGN-6]Signal 'gen_cn_buses_19.min_cn_proc_3' was assigned but not read. 
RTL Name 'gen_cn_buses_19.min_cn_proc_3', Hierarchy 'cn_core', File '/home/victor/open_baseband/openasip/custom_units/LDPC/LDPC_decoder/new/cn_core.v', Line 245.
WARNING: [Synth 37-93] [ASSIGN-6]Signal 'gen_cn_buses_19.min_cn_proc_4' was assigned but not read. 
RTL Name 'gen_cn_buses_19.min_cn_proc_4', Hierarchy 'cn_core', File '/home/victor/open_baseband/openasip/custom_units/LDPC/LDPC_decoder/new/cn_core.v', Line 250.
WARNING: [Synth 37-93] [ASSIGN-6]Signal 'gen_cn_buses_19.min_cn_proc_5' was assigned but not read. 
RTL Name 'gen_cn_buses_19.min_cn_proc_5', Hierarchy 'cn_core', File '/home/victor/open_baseband/openasip/custom_units/LDPC/LDPC_decoder/new/cn_core.v', Line 255.
WARNING: [Synth 37-93] [ASSIGN-6]Signal 'gen_cn_buses_19.min_cn_proc_6' was assigned but not read. 
RTL Name 'gen_cn_buses_19.min_cn_proc_6', Hierarchy 'cn_core', File '/home/victor/open_baseband/openasip/custom_units/LDPC/LDPC_decoder/new/cn_core.v', Line 260.
WARNING: [Synth 37-93] [ASSIGN-6]Signal 'gen_cn_buses_19.min_cn_proc_7' was assigned but not read. 
RTL Name 'gen_cn_buses_19.min_cn_proc_7', Hierarchy 'cn_core', File '/home/victor/open_baseband/openasip/custom_units/LDPC/LDPC_decoder/new/cn_core.v', Line 265.
WARNING: [Synth 37-93] [ASSIGN-6]Signal 'gen_cn_buses_19.min_cn_proc_8' was assigned but not read. 
RTL Name 'gen_cn_buses_19.min_cn_proc_8', Hierarchy 'cn_core', File '/home/victor/open_baseband/openasip/custom_units/LDPC/LDPC_decoder/new/cn_core.v', Line 270.
WARNING: [Synth 37-93] [ASSIGN-6]Signal 'gen_cn_buses_19.min_cn_proc_9' was assigned but not read. 
RTL Name 'gen_cn_buses_19.min_cn_proc_9', Hierarchy 'cn_core', File '/home/victor/open_baseband/openasip/custom_units/LDPC/LDPC_decoder/new/cn_core.v', Line 275.
WARNING: [Synth 37-93] [ASSIGN-6]Signal 'gen_cn_buses_19.sgn_mul_cn_proc_10' was assigned but not read. 
RTL Name 'gen_cn_buses_19.sgn_mul_cn_proc_10', Hierarchy 'cn_core', File '/home/victor/open_baseband/openasip/custom_units/LDPC/LDPC_decoder/new/cn_core.v', Line 281.
WARNING: [Synth 37-93] [ASSIGN-6]Signal 'gen_cn_buses_19.sgn_mul_cn_proc_3' was assigned but not read. 
RTL Name 'gen_cn_buses_19.sgn_mul_cn_proc_3', Hierarchy 'cn_core', File '/home/victor/open_baseband/openasip/custom_units/LDPC/LDPC_decoder/new/cn_core.v', Line 246.
WARNING: [Synth 37-93] [ASSIGN-6]Signal 'gen_cn_buses_19.sgn_mul_cn_proc_4' was assigned but not read. 
RTL Name 'gen_cn_buses_19.sgn_mul_cn_proc_4', Hierarchy 'cn_core', File '/home/victor/open_baseband/openasip/custom_units/LDPC/LDPC_decoder/new/cn_core.v', Line 251.
WARNING: [Synth 37-93] [ASSIGN-6]Signal 'gen_cn_buses_19.sgn_mul_cn_proc_5' was assigned but not read. 
RTL Name 'gen_cn_buses_19.sgn_mul_cn_proc_5', Hierarchy 'cn_core', File '/home/victor/open_baseband/openasip/custom_units/LDPC/LDPC_decoder/new/cn_core.v', Line 256.
WARNING: [Synth 37-93] [ASSIGN-6]Signal 'gen_cn_buses_19.sgn_mul_cn_proc_6' was assigned but not read. 
RTL Name 'gen_cn_buses_19.sgn_mul_cn_proc_6', Hierarchy 'cn_core', File '/home/victor/open_baseband/openasip/custom_units/LDPC/LDPC_decoder/new/cn_core.v', Line 261.
WARNING: [Synth 37-93] [ASSIGN-6]Signal 'gen_cn_buses_19.sgn_mul_cn_proc_7' was assigned but not read. 
RTL Name 'gen_cn_buses_19.sgn_mul_cn_proc_7', Hierarchy 'cn_core', File '/home/victor/open_baseband/openasip/custom_units/LDPC/LDPC_decoder/new/cn_core.v', Line 266.
WARNING: [Synth 37-93] [ASSIGN-6]Signal 'gen_cn_buses_19.sgn_mul_cn_proc_8' was assigned but not read. 
RTL Name 'gen_cn_buses_19.sgn_mul_cn_proc_8', Hierarchy 'cn_core', File '/home/victor/open_baseband/openasip/custom_units/LDPC/LDPC_decoder/new/cn_core.v', Line 271.
WARNING: [Synth 37-93] [ASSIGN-6]Signal 'gen_cn_buses_19.sgn_mul_cn_proc_9' was assigned but not read. 
RTL Name 'gen_cn_buses_19.sgn_mul_cn_proc_9', Hierarchy 'cn_core', File '/home/victor/open_baseband/openasip/custom_units/LDPC/LDPC_decoder/new/cn_core.v', Line 276.
WARNING: [Synth 37-93] [ASSIGN-6]Signal 'gen_min_mul_buses_19.out_demux_min_0' was assigned but not read. 
RTL Name 'gen_min_mul_buses_19.out_demux_min_0', Hierarchy 'cn_core', File '/home/victor/open_baseband/openasip/custom_units/LDPC/LDPC_decoder/new/cn_core.v', Line 893.
WARNING: [Synth 37-93] [ASSIGN-6]Signal 'gen_min_mul_buses_19.out_demux_min_1' was assigned but not read. 
RTL Name 'gen_min_mul_buses_19.out_demux_min_1', Hierarchy 'cn_core', File '/home/victor/open_baseband/openasip/custom_units/LDPC/LDPC_decoder/new/cn_core.v', Line 894.
WARNING: [Synth 37-93] [ASSIGN-6]Signal 'gen_min_mul_buses_19.out_demux_min_2' was assigned but not read. 
RTL Name 'gen_min_mul_buses_19.out_demux_min_2', Hierarchy 'cn_core', File '/home/victor/open_baseband/openasip/custom_units/LDPC/LDPC_decoder/new/cn_core.v', Line 895.
WARNING: [Synth 37-93] [ASSIGN-6]Signal 'gen_min_mul_buses_19.out_demux_mul_0' was assigned but not read. 
RTL Name 'gen_min_mul_buses_19.out_demux_mul_0', Hierarchy 'cn_core', File '/home/victor/open_baseband/openasip/custom_units/LDPC/LDPC_decoder/new/cn_core.v', Line 896.
WARNING: [Synth 37-93] [ASSIGN-6]Signal 'gen_min_mul_buses_19.out_demux_mul_1' was assigned but not read. 
RTL Name 'gen_min_mul_buses_19.out_demux_mul_1', Hierarchy 'cn_core', File '/home/victor/open_baseband/openasip/custom_units/LDPC/LDPC_decoder/new/cn_core.v', Line 897.
WARNING: [Synth 37-93] [ASSIGN-6]Signal 'gen_min_mul_buses_19.out_demux_mul_2' was assigned but not read. 
RTL Name 'gen_min_mul_buses_19.out_demux_mul_2', Hierarchy 'cn_core', File '/home/victor/open_baseband/openasip/custom_units/LDPC/LDPC_decoder/new/cn_core.v', Line 898.
WARNING: [Synth 37-126] [ASSIGN-9]Some bits in IO 'out_llr' are not set. First unset bit index is 0. 
RTL Name 'out_llr', Hierarchy 'cn_core', File 'cn_core.v', Line 74.
WARNING: [Synth 37-124] [ASSIGN-5]Some bits in 'out_llr_w' are not set. First unset bit index is 0. 
RTL Name 'out_llr_w', Hierarchy 'ldpc', File 'ldpc.v', Line 17.
WARNING: [Synth 37-126] [ASSIGN-9]Some bits in IO 'out_llr' are not set. First unset bit index is 0. 
RTL Name 'out_llr', Hierarchy 'ldpc', File 'ldpc.v', Line 11.
INFO: [Synth 37-85] Total of 46 linter message(s) generated.
INFO: [Synth 37-45] Linter Run Finished!
Synthesis Optimization Runtime : Time (s): cpu = 00:00:04 ; elapsed = 00:00:04 . Memory (MB): peak = 13129.566 ; gain = 0.000 ; free physical = 1598 ; free virtual = 11411
INFO: [Common 17-83] Releasing license: Synthesis
27 Infos, 46 Warnings, 0 Critical Warnings and 0 Errors encountered.
synth_design completed successfully
synth_design -top ldpc -part xczu7ev-ffvc1156-2-e -lint 
Command: synth_design -top ldpc -part xczu7ev-ffvc1156-2-e -lint
Starting synth_design
Attempting to get a license for feature 'Synthesis' and/or device 'xczu7ev'
INFO: [Common 17-349] Got license for feature 'Synthesis' and/or device 'xczu7ev'
INFO: [Synth 8-7079] Multithreading enabled for synth_design using a maximum of 7 processes.
---------------------------------------------------------------------------------
Starting Synthesize : Time (s): cpu = 00:00:03 ; elapsed = 00:00:03 . Memory (MB): peak = 13129.566 ; gain = 0.000 ; free physical = 1312 ; free virtual = 11125
---------------------------------------------------------------------------------
Clean up Linter database...
INFO: [Synth 8-6157] synthesizing module 'ldpc' [/home/victor/open_baseband/openasip/custom_units/LDPC/LDPC_decoder/new/project_1.srcs/sources_1/imports/new/ldpc.v:3]
INFO: [Synth 8-6157] synthesizing module 'cn_core' [/home/victor/open_baseband/openasip/custom_units/LDPC/LDPC_decoder/new/cn_core.v:41]
	Parameter DEGREE bound to: 19 - type: integer 
	Parameter WIDTH bound to: 8 - type: integer 
	Parameter sel_mux_cn_proc_3 bound to: 2'b11 
	Parameter sel_mux_cn_proc_4 bound to: 2'b11 
	Parameter sel_mux_cn_proc_5 bound to: 2'b11 
	Parameter sel_mux_cn_proc_6 bound to: 2'b11 
	Parameter sel_mux_cn_proc_7 bound to: 2'b11 
	Parameter sel_mux_cn_proc_8 bound to: 2'b11 
	Parameter sel_mux_cn_proc_9 bound to: 2'b11 
	Parameter sel_mux_cn_proc_10 bound to: 2'b11 
	Parameter sel_mux_cn_proc_19 bound to: 2'b00 
	Parameter sel_demux_min_0 bound to: 5'b01000 
	Parameter sel_demux_min_1 bound to: 5'b01111 
	Parameter sel_demux_min_2 bound to: 5'b01111 
	Parameter sel_demux_mul_0 bound to: 5'b01000 
	Parameter sel_demux_mul_1 bound to: 5'b01111 
	Parameter sel_demux_mul_2 bound to: 5'b01111 
	Parameter sel_demux_min_30 bound to: 1'b0 
	Parameter sel_demux_min_31 bound to: 1'b0 
	Parameter sel_demux_mul_30 bound to: 1'b0 
	Parameter sel_demux_mul_31 bound to: 1'b0 
INFO: [Synth 8-6157] synthesizing module 'cn_proc' [/home/victor/open_baseband/openasip/custom_units/LDPC/LDPC_decoder/new/cn_proc.v:1]
	Parameter GROUP bound to: 3 - type: integer 
	Parameter WIDTH bound to: 8 - type: integer 
INFO: [Synth 8-6155] done synthesizing module 'cn_proc' (1#1) [/home/victor/open_baseband/openasip/custom_units/LDPC/LDPC_decoder/new/cn_proc.v:1]
INFO: [Synth 8-6157] synthesizing module 'cn_proc__parameterized0' [/home/victor/open_baseband/openasip/custom_units/LDPC/LDPC_decoder/new/cn_proc.v:1]
	Parameter GROUP bound to: 4 - type: integer 
	Parameter WIDTH bound to: 8 - type: integer 
INFO: [Synth 8-6155] done synthesizing module 'cn_proc__parameterized0' (1#1) [/home/victor/open_baseband/openasip/custom_units/LDPC/LDPC_decoder/new/cn_proc.v:1]
INFO: [Synth 8-6157] synthesizing module 'cn_proc__parameterized1' [/home/victor/open_baseband/openasip/custom_units/LDPC/LDPC_decoder/new/cn_proc.v:1]
	Parameter GROUP bound to: 5 - type: integer 
	Parameter WIDTH bound to: 8 - type: integer 
INFO: [Synth 8-6155] done synthesizing module 'cn_proc__parameterized1' (1#1) [/home/victor/open_baseband/openasip/custom_units/LDPC/LDPC_decoder/new/cn_proc.v:1]
INFO: [Synth 8-6157] synthesizing module 'cn_proc__parameterized2' [/home/victor/open_baseband/openasip/custom_units/LDPC/LDPC_decoder/new/cn_proc.v:1]
	Parameter GROUP bound to: 6 - type: integer 
	Parameter WIDTH bound to: 8 - type: integer 
INFO: [Synth 8-6155] done synthesizing module 'cn_proc__parameterized2' (1#1) [/home/victor/open_baseband/openasip/custom_units/LDPC/LDPC_decoder/new/cn_proc.v:1]
INFO: [Synth 8-6157] synthesizing module 'cn_proc__parameterized3' [/home/victor/open_baseband/openasip/custom_units/LDPC/LDPC_decoder/new/cn_proc.v:1]
	Parameter GROUP bound to: 7 - type: integer 
	Parameter WIDTH bound to: 8 - type: integer 
INFO: [Synth 8-6155] done synthesizing module 'cn_proc__parameterized3' (1#1) [/home/victor/open_baseband/openasip/custom_units/LDPC/LDPC_decoder/new/cn_proc.v:1]
INFO: [Synth 8-6157] synthesizing module 'cn_proc__parameterized4' [/home/victor/open_baseband/openasip/custom_units/LDPC/LDPC_decoder/new/cn_proc.v:1]
	Parameter GROUP bound to: 8 - type: integer 
	Parameter WIDTH bound to: 8 - type: integer 
INFO: [Synth 8-6155] done synthesizing module 'cn_proc__parameterized4' (1#1) [/home/victor/open_baseband/openasip/custom_units/LDPC/LDPC_decoder/new/cn_proc.v:1]
INFO: [Synth 8-6157] synthesizing module 'cn_proc__parameterized5' [/home/victor/open_baseband/openasip/custom_units/LDPC/LDPC_decoder/new/cn_proc.v:1]
	Parameter GROUP bound to: 9 - type: integer 
	Parameter WIDTH bound to: 8 - type: integer 
INFO: [Synth 8-6155] done synthesizing module 'cn_proc__parameterized5' (1#1) [/home/victor/open_baseband/openasip/custom_units/LDPC/LDPC_decoder/new/cn_proc.v:1]
INFO: [Synth 8-6157] synthesizing module 'cn_proc__parameterized6' [/home/victor/open_baseband/openasip/custom_units/LDPC/LDPC_decoder/new/cn_proc.v:1]
	Parameter GROUP bound to: 10 - type: integer 
	Parameter WIDTH bound to: 8 - type: integer 
INFO: [Synth 8-6155] done synthesizing module 'cn_proc__parameterized6' (1#1) [/home/victor/open_baseband/openasip/custom_units/LDPC/LDPC_decoder/new/cn_proc.v:1]
INFO: [Synth 8-6157] synthesizing module 'cn_proc__parameterized7' [/home/victor/open_baseband/openasip/custom_units/LDPC/LDPC_decoder/new/cn_proc.v:1]
	Parameter GROUP bound to: 19 - type: integer 
	Parameter WIDTH bound to: 8 - type: integer 
INFO: [Synth 8-6155] done synthesizing module 'cn_proc__parameterized7' (1#1) [/home/victor/open_baseband/openasip/custom_units/LDPC/LDPC_decoder/new/cn_proc.v:1]
INFO: [Synth 8-6155] done synthesizing module 'cn_core' (2#1) [/home/victor/open_baseband/openasip/custom_units/LDPC/LDPC_decoder/new/cn_core.v:41]
INFO: [Synth 8-6155] done synthesizing module 'ldpc' (3#1) [/home/victor/open_baseband/openasip/custom_units/LDPC/LDPC_decoder/new/project_1.srcs/sources_1/imports/new/ldpc.v:3]
---------------------------------------------------------------------------------
Finished Synthesize : Time (s): cpu = 00:00:04 ; elapsed = 00:00:04 . Memory (MB): peak = 13129.566 ; gain = 0.000 ; free physical = 1328 ; free virtual = 11141
---------------------------------------------------------------------------------
Copyright 1986-2022 Xilinx, Inc. All Rights Reserved. Copyright 2022-2025 Advanced Micro Devices, Inc. All Rights Reserved.
---------------------------------------------------------------------------------------------------------------------------------------------
| Tool Version : Vivado v.2025.2 (lin64) Build 6299465 Fri Nov 14 12:34:56 MST 2025
| Date         : Thu Jun  4 16:36:59 2026
| Host         : victor-IdeaPad-Slim-3-15ARP10 running 64-bit Ubuntu 24.04.4 LTS
---------------------------------------------------------------------------------------------------------------------------------------------

RTL Linter Report

Table of Contents
-----------------
1. Summary

1. Summary
----------

+----------+----------+--------------+----------+
| Rule ID  | Severity | # Violations | # Waived |
+----------+----------+--------------+----------+
| ASSIGN-5 | WARNING  | 13           | 0        |
| ASSIGN-6 | WARNING  | 31           | 0        |
| ASSIGN-9 | WARNING  | 2            | 0        |
+----------+----------+--------------+----------+


WARNING: [Synth 37-124] [ASSIGN-5]Some bits in 'gen_cn_buses_19.in_cn_proc_10' are not set. First unset bit index is 0. 
RTL Name 'gen_cn_buses_19.in_cn_proc_10', Hierarchy 'cn_core', File 'cn_core.v', Line 278.
WARNING: [Synth 37-124] [ASSIGN-5]Some bits in 'gen_cn_buses_19.in_cn_proc_3' are not set. First unset bit index is 0. 
RTL Name 'gen_cn_buses_19.in_cn_proc_3', Hierarchy 'cn_core', File 'cn_core.v', Line 243.
WARNING: [Synth 37-124] [ASSIGN-5]Some bits in 'gen_cn_buses_19.in_cn_proc_4' are not set. First unset bit index is 0. 
RTL Name 'gen_cn_buses_19.in_cn_proc_4', Hierarchy 'cn_core', File 'cn_core.v', Line 248.
WARNING: [Synth 37-124] [ASSIGN-5]Some bits in 'gen_cn_buses_19.in_cn_proc_5' are not set. First unset bit index is 0. 
RTL Name 'gen_cn_buses_19.in_cn_proc_5', Hierarchy 'cn_core', File 'cn_core.v', Line 253.
WARNING: [Synth 37-124] [ASSIGN-5]Some bits in 'gen_cn_buses_19.in_cn_proc_6' are not set. First unset bit index is 0. 
RTL Name 'gen_cn_buses_19.in_cn_proc_6', Hierarchy 'cn_core', File 'cn_core.v', Line 258.
WARNING: [Synth 37-124] [ASSIGN-5]Some bits in 'gen_cn_buses_19.in_cn_proc_7' are not set. First unset bit index is 0. 
RTL Name 'gen_cn_buses_19.in_cn_proc_7', Hierarchy 'cn_core', File 'cn_core.v', Line 263.
WARNING: [Synth 37-124] [ASSIGN-5]Some bits in 'gen_cn_buses_19.in_cn_proc_8' are not set. First unset bit index is 0. 
RTL Name 'gen_cn_buses_19.in_cn_proc_8', Hierarchy 'cn_core', File 'cn_core.v', Line 268.
WARNING: [Synth 37-124] [ASSIGN-5]Some bits in 'gen_cn_buses_19.in_cn_proc_9' are not set. First unset bit index is 0. 
RTL Name 'gen_cn_buses_19.in_cn_proc_9', Hierarchy 'cn_core', File 'cn_core.v', Line 273.
WARNING: [Synth 37-124] [ASSIGN-5]Some bits in 'gen_min_mul_buses_19.out_demux_min_1' are not set. First unset bit index is 0. 
RTL Name 'gen_min_mul_buses_19.out_demux_min_1', Hierarchy 'cn_core', File 'cn_core.v', Line 894.
WARNING: [Synth 37-124] [ASSIGN-5]Some bits in 'gen_min_mul_buses_19.out_demux_min_2' are not set. First unset bit index is 0. 
RTL Name 'gen_min_mul_buses_19.out_demux_min_2', Hierarchy 'cn_core', File 'cn_core.v', Line 895.
WARNING: [Synth 37-124] [ASSIGN-5]Some bits in 'gen_min_mul_buses_19.out_demux_mul_1' are not set. First unset bit index is 0. 
RTL Name 'gen_min_mul_buses_19.out_demux_mul_1', Hierarchy 'cn_core', File 'cn_core.v', Line 897.
WARNING: [Synth 37-124] [ASSIGN-5]Some bits in 'gen_min_mul_buses_19.out_demux_mul_2' are not set. First unset bit index is 0. 
RTL Name 'gen_min_mul_buses_19.out_demux_mul_2', Hierarchy 'cn_core', File 'cn_core.v', Line 898.
WARNING: [Synth 37-117] [ASSIGN-6] 3 signals within array 'in_cn_proc_10' are not read, switch to verbose mode to see all details. 
RTL Name 'in_cn_proc_10', Hierarchy 'cn_core', File '/home/victor/open_baseband/openasip/custom_units/LDPC/LDPC_decoder/new/cn_core.v', Line 144.
WARNING: [Synth 37-117] [ASSIGN-6] 3 signals within array 'in_cn_proc_3' are not read, switch to verbose mode to see all details. 
RTL Name 'in_cn_proc_3', Hierarchy 'cn_core', File '/home/victor/open_baseband/openasip/custom_units/LDPC/LDPC_decoder/new/cn_core.v', Line 137.
WARNING: [Synth 37-117] [ASSIGN-6] 3 signals within array 'in_cn_proc_4' are not read, switch to verbose mode to see all details. 
RTL Name 'in_cn_proc_4', Hierarchy 'cn_core', File '/home/victor/open_baseband/openasip/custom_units/LDPC/LDPC_decoder/new/cn_core.v', Line 138.
WARNING: [Synth 37-117] [ASSIGN-6] 3 signals within array 'in_cn_proc_5' are not read, switch to verbose mode to see all details. 
RTL Name 'in_cn_proc_5', Hierarchy 'cn_core', File '/home/victor/open_baseband/openasip/custom_units/LDPC/LDPC_decoder/new/cn_core.v', Line 139.
WARNING: [Synth 37-117] [ASSIGN-6] 3 signals within array 'in_cn_proc_6' are not read, switch to verbose mode to see all details. 
RTL Name 'in_cn_proc_6', Hierarchy 'cn_core', File '/home/victor/open_baseband/openasip/custom_units/LDPC/LDPC_decoder/new/cn_core.v', Line 140.
WARNING: [Synth 37-117] [ASSIGN-6] 3 signals within array 'in_cn_proc_7' are not read, switch to verbose mode to see all details. 
RTL Name 'in_cn_proc_7', Hierarchy 'cn_core', File '/home/victor/open_baseband/openasip/custom_units/LDPC/LDPC_decoder/new/cn_core.v', Line 141.
WARNING: [Synth 37-117] [ASSIGN-6] 3 signals within array 'in_cn_proc_8' are not read, switch to verbose mode to see all details. 
RTL Name 'in_cn_proc_8', Hierarchy 'cn_core', File '/home/victor/open_baseband/openasip/custom_units/LDPC/LDPC_decoder/new/cn_core.v', Line 142.
WARNING: [Synth 37-117] [ASSIGN-6] 3 signals within array 'in_cn_proc_9' are not read, switch to verbose mode to see all details. 
RTL Name 'in_cn_proc_9', Hierarchy 'cn_core', File '/home/victor/open_baseband/openasip/custom_units/LDPC/LDPC_decoder/new/cn_core.v', Line 143.
WARNING: [Synth 37-117] [ASSIGN-6] 2 signals within array 'in_cn_proc_19' are not read, switch to verbose mode to see all details. 
RTL Name 'in_cn_proc_19', Hierarchy 'cn_core', File '/home/victor/open_baseband/openasip/custom_units/LDPC/LDPC_decoder/new/cn_core.v', Line 145.
WARNING: [Synth 37-93] [ASSIGN-6]Signal 'gen_cn_buses_19.min_cn_proc_10' was assigned but not read. 
RTL Name 'gen_cn_buses_19.min_cn_proc_10', Hierarchy 'cn_core', File '/home/victor/open_baseband/openasip/custom_units/LDPC/LDPC_decoder/new/cn_core.v', Line 280.
WARNING: [Synth 37-93] [ASSIGN-6]Signal 'gen_cn_buses_19.min_cn_proc_3' was assigned but not read. 
RTL Name 'gen_cn_buses_19.min_cn_proc_3', Hierarchy 'cn_core', File '/home/victor/open_baseband/openasip/custom_units/LDPC/LDPC_decoder/new/cn_core.v', Line 245.
WARNING: [Synth 37-93] [ASSIGN-6]Signal 'gen_cn_buses_19.min_cn_proc_4' was assigned but not read. 
RTL Name 'gen_cn_buses_19.min_cn_proc_4', Hierarchy 'cn_core', File '/home/victor/open_baseband/openasip/custom_units/LDPC/LDPC_decoder/new/cn_core.v', Line 250.
WARNING: [Synth 37-93] [ASSIGN-6]Signal 'gen_cn_buses_19.min_cn_proc_5' was assigned but not read. 
RTL Name 'gen_cn_buses_19.min_cn_proc_5', Hierarchy 'cn_core', File '/home/victor/open_baseband/openasip/custom_units/LDPC/LDPC_decoder/new/cn_core.v', Line 255.
WARNING: [Synth 37-93] [ASSIGN-6]Signal 'gen_cn_buses_19.min_cn_proc_6' was assigned but not read. 
RTL Name 'gen_cn_buses_19.min_cn_proc_6', Hierarchy 'cn_core', File '/home/victor/open_baseband/openasip/custom_units/LDPC/LDPC_decoder/new/cn_core.v', Line 260.
WARNING: [Synth 37-93] [ASSIGN-6]Signal 'gen_cn_buses_19.min_cn_proc_7' was assigned but not read. 
RTL Name 'gen_cn_buses_19.min_cn_proc_7', Hierarchy 'cn_core', File '/home/victor/open_baseband/openasip/custom_units/LDPC/LDPC_decoder/new/cn_core.v', Line 265.
WARNING: [Synth 37-93] [ASSIGN-6]Signal 'gen_cn_buses_19.min_cn_proc_8' was assigned but not read. 
RTL Name 'gen_cn_buses_19.min_cn_proc_8', Hierarchy 'cn_core', File '/home/victor/open_baseband/openasip/custom_units/LDPC/LDPC_decoder/new/cn_core.v', Line 270.
WARNING: [Synth 37-93] [ASSIGN-6]Signal 'gen_cn_buses_19.min_cn_proc_9' was assigned but not read. 
RTL Name 'gen_cn_buses_19.min_cn_proc_9', Hierarchy 'cn_core', File '/home/victor/open_baseband/openasip/custom_units/LDPC/LDPC_decoder/new/cn_core.v', Line 275.
WARNING: [Synth 37-93] [ASSIGN-6]Signal 'gen_cn_buses_19.sgn_mul_cn_proc_10' was assigned but not read. 
RTL Name 'gen_cn_buses_19.sgn_mul_cn_proc_10', Hierarchy 'cn_core', File '/home/victor/open_baseband/openasip/custom_units/LDPC/LDPC_decoder/new/cn_core.v', Line 281.
WARNING: [Synth 37-93] [ASSIGN-6]Signal 'gen_cn_buses_19.sgn_mul_cn_proc_3' was assigned but not read. 
RTL Name 'gen_cn_buses_19.sgn_mul_cn_proc_3', Hierarchy 'cn_core', File '/home/victor/open_baseband/openasip/custom_units/LDPC/LDPC_decoder/new/cn_core.v', Line 246.
WARNING: [Synth 37-93] [ASSIGN-6]Signal 'gen_cn_buses_19.sgn_mul_cn_proc_4' was assigned but not read. 
RTL Name 'gen_cn_buses_19.sgn_mul_cn_proc_4', Hierarchy 'cn_core', File '/home/victor/open_baseband/openasip/custom_units/LDPC/LDPC_decoder/new/cn_core.v', Line 251.
WARNING: [Synth 37-93] [ASSIGN-6]Signal 'gen_cn_buses_19.sgn_mul_cn_proc_5' was assigned but not read. 
RTL Name 'gen_cn_buses_19.sgn_mul_cn_proc_5', Hierarchy 'cn_core', File '/home/victor/open_baseband/openasip/custom_units/LDPC/LDPC_decoder/new/cn_core.v', Line 256.
WARNING: [Synth 37-93] [ASSIGN-6]Signal 'gen_cn_buses_19.sgn_mul_cn_proc_6' was assigned but not read. 
RTL Name 'gen_cn_buses_19.sgn_mul_cn_proc_6', Hierarchy 'cn_core', File '/home/victor/open_baseband/openasip/custom_units/LDPC/LDPC_decoder/new/cn_core.v', Line 261.
WARNING: [Synth 37-93] [ASSIGN-6]Signal 'gen_cn_buses_19.sgn_mul_cn_proc_7' was assigned but not read. 
RTL Name 'gen_cn_buses_19.sgn_mul_cn_proc_7', Hierarchy 'cn_core', File '/home/victor/open_baseband/openasip/custom_units/LDPC/LDPC_decoder/new/cn_core.v', Line 266.
WARNING: [Synth 37-93] [ASSIGN-6]Signal 'gen_cn_buses_19.sgn_mul_cn_proc_8' was assigned but not read. 
RTL Name 'gen_cn_buses_19.sgn_mul_cn_proc_8', Hierarchy 'cn_core', File '/home/victor/open_baseband/openasip/custom_units/LDPC/LDPC_decoder/new/cn_core.v', Line 271.
WARNING: [Synth 37-93] [ASSIGN-6]Signal 'gen_cn_buses_19.sgn_mul_cn_proc_9' was assigned but not read. 
RTL Name 'gen_cn_buses_19.sgn_mul_cn_proc_9', Hierarchy 'cn_core', File '/home/victor/open_baseband/openasip/custom_units/LDPC/LDPC_decoder/new/cn_core.v', Line 276.
WARNING: [Synth 37-93] [ASSIGN-6]Signal 'gen_min_mul_buses_19.out_demux_min_0' was assigned but not read. 
RTL Name 'gen_min_mul_buses_19.out_demux_min_0', Hierarchy 'cn_core', File '/home/victor/open_baseband/openasip/custom_units/LDPC/LDPC_decoder/new/cn_core.v', Line 893.
WARNING: [Synth 37-93] [ASSIGN-6]Signal 'gen_min_mul_buses_19.out_demux_min_1' was assigned but not read. 
RTL Name 'gen_min_mul_buses_19.out_demux_min_1', Hierarchy 'cn_core', File '/home/victor/open_baseband/openasip/custom_units/LDPC/LDPC_decoder/new/cn_core.v', Line 894.
WARNING: [Synth 37-93] [ASSIGN-6]Signal 'gen_min_mul_buses_19.out_demux_min_2' was assigned but not read. 
RTL Name 'gen_min_mul_buses_19.out_demux_min_2', Hierarchy 'cn_core', File '/home/victor/open_baseband/openasip/custom_units/LDPC/LDPC_decoder/new/cn_core.v', Line 895.
WARNING: [Synth 37-93] [ASSIGN-6]Signal 'gen_min_mul_buses_19.out_demux_mul_0' was assigned but not read. 
RTL Name 'gen_min_mul_buses_19.out_demux_mul_0', Hierarchy 'cn_core', File '/home/victor/open_baseband/openasip/custom_units/LDPC/LDPC_decoder/new/cn_core.v', Line 896.
WARNING: [Synth 37-93] [ASSIGN-6]Signal 'gen_min_mul_buses_19.out_demux_mul_1' was assigned but not read. 
RTL Name 'gen_min_mul_buses_19.out_demux_mul_1', Hierarchy 'cn_core', File '/home/victor/open_baseband/openasip/custom_units/LDPC/LDPC_decoder/new/cn_core.v', Line 897.
WARNING: [Synth 37-93] [ASSIGN-6]Signal 'gen_min_mul_buses_19.out_demux_mul_2' was assigned but not read. 
RTL Name 'gen_min_mul_buses_19.out_demux_mul_2', Hierarchy 'cn_core', File '/home/victor/open_baseband/openasip/custom_units/LDPC/LDPC_decoder/new/cn_core.v', Line 898.
WARNING: [Synth 37-126] [ASSIGN-9]Some bits in IO 'out_llr' are not set. First unset bit index is 0. 
RTL Name 'out_llr', Hierarchy 'cn_core', File 'cn_core.v', Line 74.
WARNING: [Synth 37-124] [ASSIGN-5]Some bits in 'out_llr_w' are not set. First unset bit index is 0. 
RTL Name 'out_llr_w', Hierarchy 'ldpc', File 'ldpc.v', Line 17.
WARNING: [Synth 37-126] [ASSIGN-9]Some bits in IO 'out_llr' are not set. First unset bit index is 0. 
RTL Name 'out_llr', Hierarchy 'ldpc', File 'ldpc.v', Line 11.
INFO: [Synth 37-85] Total of 46 linter message(s) generated.
INFO: [Synth 37-45] Linter Run Finished!
Synthesis Optimization Runtime : Time (s): cpu = 00:00:04 ; elapsed = 00:00:05 . Memory (MB): peak = 13129.566 ; gain = 0.000 ; free physical = 1316 ; free virtual = 11129
INFO: [Common 17-83] Releasing license: Synthesis
27 Infos, 46 Warnings, 0 Critical Warnings and 0 Errors encountered.
synth_design completed successfully
reset_run synth_1
INFO: [Project 1-1161] Replacing file /home/victor/open_baseband/openasip/custom_units/LDPC/LDPC_decoder/new/project_1.srcs/utils_1/imports/synth_1/cn_core.dcp with file /home/victor/open_baseband/openasip/custom_units/LDPC/LDPC_decoder/new/project_1.runs/synth_1/ldpc.dcp
WARNING: [filemgmt 56-199] Attempt to get parsing info during refresh. "On-the-fly" syntax checking information may be incorrect. [/home/victor/open_baseband/openasip/custom_units/LDPC/LDPC_decoder/new/project_1.srcs/sources_1/imports/new/cn_proc.v:]
WARNING: [filemgmt 56-199] Attempt to get parsing info during refresh. "On-the-fly" syntax checking information may be incorrect. [/home/victor/open_baseband/openasip/custom_units/LDPC/LDPC_decoder/new/project_1.srcs/sources_1/imports/new/ldpc.v:]
WARNING: [filemgmt 56-199] Attempt to get parsing info during refresh. "On-the-fly" syntax checking information may be incorrect. [/home/victor/open_baseband/openasip/custom_units/LDPC/LDPC_decoder/new/project_1.srcs/sources_1/imports/new/cn_proc.v:]
WARNING: [filemgmt 56-199] Attempt to get parsing info during refresh. "On-the-fly" syntax checking information may be incorrect. [/home/victor/open_baseband/openasip/custom_units/LDPC/LDPC_decoder/new/project_1.srcs/sources_1/imports/new/cn_proc.v:]
launch_runs synth_1 -jobs 15
[Thu Jun  4 16:37:33 2026] Launched synth_1...
Run output will be captured here: /home/victor/open_baseband/openasip/custom_units/LDPC/LDPC_decoder/new/project_1.runs/synth_1/runme.log
close_design
reset_run synth_1
launch_runs synth_1 -jobs 15
[Thu Jun  4 16:38:08 2026] Launched synth_1...
Run output will be captured here: /home/victor/open_baseband/openasip/custom_units/LDPC/LDPC_decoder/new/project_1.runs/synth_1/runme.log
